city,year,month,date,temp_mean,precip_tot,rh_mean,wind_mean,rad_mean,et0_tot
Adiyaman,1990,1,1990-01-01,-1.4943920317376975,0.10994731260561086,1.0280684397727844,0.8330165714103981,-1.150406033502055,-0.4269193834073433
Adiyaman,1990,2,1990-02-01,-1.1741146098139421,0.6439530975738041,1.093905411829819,0.7782088740651038,-0.8924021784109788,-0.3588297027325162
Adiyaman,1990,3,1990-03-01,-0.6001140762246632,-0.22734864105576422,0.06702598339838897,0.7240428964543505,0.12327425389409885,0.3287088515556597
Adiyaman,1990,4,1990-04-01,-0.18564418756601034,-0.18903639012004422,0.3233253309137631,0.18033567168352715,0.2252200137898572,0.7144483640424509
Adiyaman,1990,5,1990-05-01,0.4513810127375108,-0.4070455706996164,-0.46885070100054965,0.04682639656107017,0.8887149709725699,0.32603529241266466
Adiyaman,1990,6,1990-06-01,0.9792118487365304,-0.4629953775253205,-1.056879152958078,1.6708457612420142,1.2488860448596317,-0.3920742114371216
Adiyaman,1990,7,1990-07-01,1.5736723252320077,-0.8665551071368446,-1.3068681908207296,1.2815336307698475,1.228380375364028,-0.43557409243675377
Adiyaman,1990,8,1990-08-01,1.2894120380885485,-0.864520367390064,-1.3885125487954633,1.8418945139501959,0.944914310897711,-0.43595982460761673
Adiyaman,1990,9,1990-09-01,0.8889848285195406,-0.8639724108887314,-1.3660467754773868,0.33679754270700624,0.3877401937969266,-0.43634555677847964
Adiyaman,1990,10,1990-10-01,0.3002963191774182,-0.5428739866687387,-0.71895061595926,-0.1228524183354529,-0.5072247256020133,-0.4367312889493426
Adiyaman,1990,11,1990-11-01,-0.2435579276848221,0.22604355108029162,0.1400663511983068,-1.4335377221668175,-0.9568854832431937,-0.41619397830624394
Adiyaman,1990,12,1990-12-01,-0.8872228050015168,-0.1343994644132309,0.7141633058916164,-0.980873453436036,-1.228856915812973,-0.4241880896821838
Adiyaman,1991,1,1991-01-01,-1.2482013060200312,0.3701680122950861,0.7873473208441863,-0.4480263038741907,-1.1735531890245317,-0.43281623265854674
Adiyaman,1991,2,1991-02-01,-1.3562441432414294,0.33027546452022394,1.0071090640011406,-0.14655922609826466,-1.0046102471263763,-0.4141810168167173
Adiyaman,1991,3,1991-03-01,-0.6180374282783411,0.7266051209599023,0.7214111456990143,-0.025254963795097708,-0.447455944320548,0.2796978534756892
Adiyaman,1991,4,1991-04-01,-0.08137490837647836,0.5778800396182221,0.4065187249914539,-0.9028329234549325,0.15679320430053909,1.3730166320346344
Adiyaman,1991,5,1991-05-01,0.31414795694268743,-0.17626317927001858,-0.15335844835262813,0.4272761289733958,0.7665088461706383,0.7962961750791944
Adiyaman,1991,6,1991-06-01,1.0733858630329534,-0.597366951177833,-0.9048521303302123,0.3735753981701871,1.2229122709335507,-0.2229783389715536
Adiyaman,1991,7,1991-07-01,1.4987372695398238,-0.8332175307027853,-1.3287825494926218,1.5873032290748101,1.240077870132225,-0.4402028784871089
Adiyaman,1991,8,1991-08-01,1.4678177218040909,-0.8775704282139924,-1.2575239664712965,1.7495572319384591,0.8672719897562016,-0.4405886106579718
Adiyaman,1991,9,1991-09-01,0.9093804343163207,-0.4247430084472774,-1.2816142364638283,-0.22359139685431628,0.43671707873197485,-0.4390722480275655
Adiyaman,1991,10,1991-10-01,0.32633621746470093,-0.15657406776524538,-0.03835255578766596,-1.3410067596348936,-0.5761240528825241,-0.4413600749996977
Adiyaman,1991,11,1991-11-01,-0.4575660752280489,0.9581692528750667,0.42201161189095643,-1.584290216847497,-0.9791753160666796,-0.40877616394856064
Adiyaman,1991,12,1991-12-01,-1.3831879537611642,1.2194989906280365,1.5014201612018514,-0.2427451839831784,-1.4014838013278406,-0.4357912233371928
Adiyaman,1992,1,1992-01-01,-1.8030852400539794,-0.25157110921538955,1.4156884828116703,0.9128107529851819,-1.1835434120377404,-0.4425172715122865
Adiyaman,1992,2,1992-02-01,-1.7465974563371356,0.34428485876345494,1.6302001333660243,0.19567084065872217,-1.0401467777375801,-0.4384647824801879
Adiyaman,1992,3,1992-03-01,-1.1181178584625988,-0.4369178151919454,0.9968577921278199,-0.407328705952697,-0.11850660920791087,-0.13451534644797375
Adiyaman,1992,4,1992-04-01,-0.26222771676733525,-0.7661383825310528,-0.0038689785544639573,-0.22909053403448884,0.5007046596516728,0.7229436767535867
Adiyaman,1992,5,1992-05-01,0.262231711170276,1.1327344217587092,-0.06895180696153692,-0.49103466636113885,0.5371798257126043,1.2456340149317624
Adiyaman,1992,6,1992-06-01,0.8161962570942001,-0.032950399469629445,-0.397207963853873,-0.533786054193719,0.8737603781381562,0.35062969456393767
Adiyaman,1992,7,1992-07-01,1.1558070576595934,-0.8768953263829495,-1.09140540809034,1.894757341682945,1.3807981869267891,-0.4029855789095409
Adiyaman,1992,8,1992-08-01,1.3447372192012212,-0.8840786427579483,-1.286954265576553,1.8981054952805496,0.9725534722112876,-0.44521739670832694
Adiyaman,1992,9,1992-09-01,0.8033432191743983,-0.8264382096314,-1.3205900614153536,0.33178578752979415,0.29579557111659066,-0.4456031288791899
Adiyaman,1992,10,1992-10-01,0.42467793004940785,-0.5576745556511884,-0.7464638311488204,-0.4737323936053918,-0.3206413312329274,-0.4459888610500528
Adiyaman,1992,11,1992-11-01,-0.6774516030172638,0.5020577849075354,0.330153967845356,0.49939064432926583,-1.0961512065151957,-0.44447249841964653
Adiyaman,1992,12,1992-12-01,-1.542034601428332,1.1585745093006716,1.5805909789202623,-1.2447201897086702,-1.3391108955400768,-0.4423221041888171
Adiyaman,1993,1,1993-01-01,-1.6361889612983227,0.6298276304223981,1.5657118176490985,0.9395124817310468,-1.2245585307421585,-0.4414397731588339
Adiyaman,1993,2,1993-02-01,-1.584335669439342,0.5028095844642639,1.5247759887294576,0.8890564463356176,-0.9814411081595541,-0.3993453881013506
Adiyaman,1993,3,1993-03-01,-0.8601835247771447,0.23543920013580708,0.6588854709176247,-0.4788903115586259,-0.19805880764915182,0.2393727329542482
Adiyaman,1993,4,1993-04-01,-0.20646411101969556,0.026945432327104033,0.41153742755481687,-0.35315283542266324,0.07668982087854465,1.0873212821494624
Adiyaman,1993,5,1993-05-01,0.17498426877681866,2.48425402360726,0.7498551084150455,-0.9286973805234673,0.5580871732372886,2.7683873543006006
Adiyaman,1993,6,1993-06-01,0.8059257671369116,-0.660041940663719,-0.48210196241480774,0.271666636909311,1.4053774039548428,1.8042735894866602
Adiyaman,1993,7,1993-07-01,1.3544880303451683,-0.8685357084724221,-1.3050522517050427,1.9085444607711464,1.3466161847836364,-0.3892274485476268
Adiyaman,1993,8,1993-08-01,1.4061083141095492,-0.8772058080928691,-1.3341863651689239,1.1403850635152333,0.8658810161138465,-0.44984618275868204
Adiyaman,1993,9,1993-09-01,1.0053844473971956,-0.8927151106423787,-1.5296952502378507,0.11372758802453298,0.4618691553841217,-0.45023191492954495
Adiyaman,1993,10,1993-10-01,0.4770823955122436,-0.3697115216905025,-1.4991133872353264,-1.0865845952977768,-0.35019718613895096,-0.45061764710040786
Adiyaman,1993,11,1993-11-01,-0.7946212678015879,0.005803169312899154,0.28901400244245573,0.06665045529732185,-1.042657108085299,-0.4421269368653477
Adiyaman,1993,12,1993-12-01,-0.8180028244400461,-0.0914792117362686,1.199955139654611,-1.5049473972700445,-1.349567977448776,-0.44061057423494143
Adiyaman,1994,1,1994-01-01,-0.9022537428329256,1.2076252313396367,1.0265487493777028,-0.832847065312513,-1.2460504592715338,-0.4251455163952274
Adiyaman,1994,2,1994-02-01,-1.1193360039335276,0.9054641190676889,1.085590008359112,-0.2974330368124982,-0.8893408106238921,-0.3830511313377442
Adiyaman,1994,3,1994-03-01,-0.60867304502279,-0.37678450860379925,0.5926861778271233,-0.4757717830571909,-0.1697241595143971,0.2639094005233547
Adiyaman,1994,4,1994-04-01,0.20100884321288398,-0.08601646259095247,-0.18898048629171318,-0.44182161961859845,0.5218219436676442,0.9996343564436844
Adiyaman,1994,5,1994-05-01,0.6039871709503482,-0.3040256431705247,-0.5557818762754563,-0.6493185063015586,0.9266770727488163,0.6029788740083983
Adiyaman,1994,6,1994-06-01,0.9979408761165527,-0.8648870401504823,-1.3110763158459724,3.117758671702455,1.4828609759933047,-0.4296103036512344
Adiyaman,1994,7,1994-07-01,1.4413203379699895,-0.8444161881601422,-1.298912729343636,2.3333530698337115,1.3764362930404055,-0.4540892366381743
Adiyaman,1994,8,1994-08-01,1.2715518641193508,-0.8685488335332522,-1.2314205614158842,2.9043825436008257,1.0590168543566227,-0.4544749688090372
Adiyaman,1994,9,1994-09-01,1.275222985398718,-0.8388599254211323,-1.5744653867204756,-0.6880335343559781,0.23174364535590283,-0.4548607009799001
Adiyaman,1994,10,1994-10-01,0.51436403817895,0.10847160178169764,-0.3118564930860692,-1.6326177296309419,-0.507757261844818,-0.44383386434314764
Adiyaman,1994,11,1994-11-01,-0.6662201567785272,1.3400760855142488,0.9904010975535563,-0.22973765930551268,-1.1744564758275904,-0.42646671170216444
Adiyaman,1994,12,1994-12-01,-1.4643932194196008,1.1039281493402069,1.623423588236234,-0.765134613514013,-1.474235721881474,-0.45221370788995036
Adiyaman,1995,1,1995-01-01,-1.0495240703950917,0.492516122015006,1.5434344261322197,-1.2289584266632256,-1.3133370012767156,-0.43040833404600565
Adiyaman,1995,2,1995-02-01,-0.8791461328367687,0.21325147172296252,0.9998221258947124,-1.020781355296391,-0.8283472606637129,-0.24946102849586854
Adiyaman,1995,3,1995-03-01,-0.6161910920109892,0.17425099389536916,0.7815052771037376,-0.5462103791276703,-0.2142619407938769,0.3594576073398458
Adiyaman,1995,4,1995-04-01,-0.2627879647848487,0.9690385601152004,0.527136726085196,-0.763739484327309,0.09377231225834096,1.2372056417549446
Adiyaman,1995,5,1995-05-01,0.5445764289249876,-0.039641950393794624,-0.1737271039693589,-1.2245498885564,0.9067979294947703,2.735670612984236
Adiyaman,1995,6,1995-06-01,0.9691393519719123,-0.06347723911781473,-0.6689412919640418,0.6455395821670278,1.2411573653569306,0.44769886648691076
Adiyaman,1995,7,1995-07-01,1.2579492896179476,-0.889283410436665,-0.8533862623216222,2.127591824741617,1.258389456580113,-0.45174367508387553
Adiyaman,1995,8,1995-08-01,1.469463312636096,-0.8982508667062019,-1.4088051036588274,0.841163526875954,0.9087567541075107,-0.45910375485939225
Adiyaman,1995,9,1995-09-01,0.9324310648183931,-0.7879783066907825,-1.2636183793546285,0.32107693600074233,0.37005610202887906,-0.4594894870302552
Adiyaman,1995,10,1995-10-01,0.1071283718426112,0.5117208496833019,-0.4534685368169554,0.02862437796105964,-0.33359287144605015,-0.4529008715964643
Adiyaman,1995,11,1995-11-01,-0.7061195577405924,1.2033256586690189,0.8081382314263362,-0.22557098857099164,-1.043336475593014,-0.4127085813402503
Adiyaman,1995,12,1995-12-01,-1.1018035987733217,-0.7919842135194889,1.2531411680394648,-1.8097839815865693,-1.261067392850393,-0.444161861931844
Adiyaman,1996,1,1996-01-01,-1.2291478706206584,1.5083200670413228,1.4927905962757146,-1.4167515191881344,-1.3390731015832742,-0.4553261313098992
Adiyaman,1996,2,1996-02-01,-1.010508538357095,0.7922384992365596,1.1474249634932798,-0.8653940745247488,-0.8508872696423013,-0.3193950693898005
Adiyaman,1996,3,1996-03-01,-0.7924691349807752,2.9447565251998067,1.281045176723277,-0.6329326134621628,-0.7026552065311702,-0.16317499625616344
Adiyaman,1996,4,1996-04-01,-0.40201509190411744,1.3386865066696725,0.9234149230436163,-0.6887857792083143,0.10669920211799597,0.8940039810786664
Adiyaman,1996,5,1996-05-01,0.49634051613393504,-0.0883748091084831,0.23452367645392477,-0.8553302514985651,1.0713280499593325,5.156212698552152
Adiyaman,1996,6,1996-06-01,0.8206467077589679,-0.7592581662516172,-0.7256665591659548,1.5821223533593287,1.4347289385688307,1.2146865381514407
Adiyaman,1996,7,1996-07-01,1.5675086577601005,-0.7878511613610721,-1.3705926506753254,1.0413911038574455,1.058854521997904,-0.44242376592492294
Adiyaman,1996,8,1996-08-01,1.402123125914535,-0.723668881954551,-1.2908723010087964,0.6724615964536798,1.0187068255174974,-0.4637325409097474
Adiyaman,1996,9,1996-09-01,0.8254603834021075,-0.710334589542363,-0.8404804069553559,0.08097031594949765,0.2629479109623137,-0.4641182730806103
Adiyaman,1996,10,1996-10-01,0.09291881034285009,1.1177673322640587,-0.11851928781120136,-0.14456959060301136,-0.642033253830778,-0.45055531004216554
Adiyaman,1996,11,1996-11-01,-0.38819022019689453,0.13882248666403033,0.38226994255485863,-1.5750612950412008,-1.0597934016707247,-0.36154258655337457
Adiyaman,1996,12,1996-12-01,-0.8010770297864301,1.7691822368258239,1.6968773211604977,-1.1833951609108955,-1.6119070512891809,-0.44371839517881445
Adiyaman,1997,1,1997-01-01,-1.113742796031469,-0.15981710261568843,0.9921023871216297,0.2512286456165613,-1.10799436765248,-0.4250831793369851
Adiyaman,1997,2,1997-02-01,-1.3232313830747542,0.30074159002735784,0.964903960082361,-0.12877052720805934,-0.8988272877360718,-0.4096181214972711
Adiyaman,1997,3,1997-03-01,-1.0704247409537415,-0.22265286916730181,0.606206716314319,0.3045298485329076,-0.2234197487884778,-0.19887133072724936
Adiyaman,1997,4,1997-04-01,-0.48976328263352314,1.1603061489518893,0.707834765612571,0.008165473944743293,0.24466080725739078,0.9153704906456576
Adiyaman,1997,5,1997-05-01,0.5038114616516338,0.2756233611132854,-0.0613593783294302,-1.0363852868107797,1.0354908208230786,3.46062163417345
Adiyaman,1997,6,1997-06-01,0.9010261648898065,-0.3836630867153518,-0.5728367102416109,0.21522539908965874,1.183640049409178,0.18736478061866202
Adiyaman,1997,7,1997-07-01,1.2528835522637756,-0.9222227350135845,-1.2189310097209611,2.3157564264872375,1.3658190473047331,-0.45339286797950873
Adiyaman,1997,8,1997-08-01,1.2596037736555779,-0.9201879952668037,-1.1898461418953896,0.4672618561293106,1.0279002589371558,-0.4683613269601025
Adiyaman,1997,9,1997-09-01,0.6376238643660174,-0.26277920092639834,-1.064699673446324,0.7024927619715587,0.42476742038518134,-0.46684496432969624
Adiyaman,1997,10,1997-10-01,0.1849370417141314,1.1395079993836212,0.4882536585755951,-0.8337864407059333,-0.7420848019558137,-0.40953382086205914
Adiyaman,1997,11,1997-11-01,-0.46923128288087823,0.18583846895621448,0.5733387570353473,-1.3573730779666282,-1.065417786649138,-0.3598310565994989
Adiyaman,1997,12,1997-12-01,-1.0597610739660988,0.9928176577887222,1.2569077768557257,-0.9713968588159319,-1.5136284522664478,-0.45405346563297727
Adiyaman,1998,1,1998-01-01,-1.486149129335129,0.29755105542023524,1.4452292433459222,-0.10613888676115824,-1.359350639634095,-0.4658517666114556
Adiyaman,1998,2,1998-02-01,-1.2861445112768666,-0.2755019641723987,0.8684774365700048,0.7412110939515432,-0.7047137742089086,-0.3438693999006646
Adiyaman,1998,3,1998-03-01,-0.8516023095883657,1.5014546139906002,0.8464044465983355,-0.02813147406493295,-0.32075502697611663,-0.12614826152598899
Adiyaman,1998,4,1998-04-01,-0.08896288362138918,1.4104167225723154,0.5976168332214369,-1.1811836727704275,0.2686833768665273,1.908707443661226
Adiyaman,1998,5,1998-05-01,0.3626638698675473,0.6330796850550809,0.5195215755082708,-1.059095977624673,0.9002126469474223,3.2093545555585177
Adiyaman,1998,6,1998-06-01,1.0594710608173605,-0.6741469011399391,-0.5064852156443761,0.00935185304402016,1.559654420082925,1.839460566473808
Adiyaman,1998,7,1998-07-01,1.5483572823590912,-0.8264402622706952,-1.3761491859471922,1.206534010126359,1.391437425502091,-0.450413274824787
Adiyaman,1998,8,1998-08-01,1.5658508421145074,-0.9219385034253248,-1.4942078530777307,0.7853845593242118,1.0532215451101108,-0.4729901130104576
Adiyaman,1998,9,1998-09-01,0.9756400132210051,-0.8892760288223086,-1.1075674606612091,0.18736110668883438,0.49510239242694065,-0.47337584518132053
Adiyaman,1998,10,1998-10-01,0.3603315438994715,-0.5458758559205907,-1.0119870692008,0.03629544916219078,-0.23984593318078876,-0.4737615773521835
Adiyaman,1998,11,1998-11-01,-0.16675599810163236,0.5768960942451424,0.6306671821699956,-1.1994476850035374,-1.1261258623996853,-0.47161118312135414
Adiyaman,1998,12,1998-12-01,-0.8818907114114808,1.292586791807122,1.200031627853353,-1.1333607320255117,-1.381226712155162,-0.45297596727952477
Adiyaman,1999,1,1999-01-01,-1.0351980595636772,-0.09819701278209389,1.157723506438856,-1.359106523659519,-1.2240628627143249,-0.4413150990423491
Adiyaman,1999,2,1999-02-01,-0.9959104760267653,0.3076480564284537,1.116418515757961,-0.1450137146558753,-0.8849149905704129,-0.3706892919658274
Adiyaman,1999,3,1999-03-01,-0.6542930973776608,0.6451010963483782,0.5994847880314365,-0.37876094922995807,-0.3046860352774208,0.07464919096073284
Adiyaman,1999,4,1999-04-01,-0.10517989947461881,-0.2776433425737033,0.4386533824376456,-0.7911696424811934,0.5037870003660168,1.6599764914479858
Adiyaman,1999,5,1999-05-01,0.5766349532120405,-0.7763571998939207,-0.6890668839460262,0.3337468509949976,1.2273794299136425,0.5519375533380072
Adiyaman,1999,6,1999-06-01,1.0708431592952998,-0.8001924886179408,-0.9103281395994436,0.12318040491514333,1.413207000813649,-0.45275423390300995
Adiyaman,1999,7,1999-07-01,1.5091214565860893,-0.7651511608222071,-1.1855397727695969,1.1102661947405519,1.2767434847457733,-0.47723316688994977
Adiyaman,1999,8,1999-08-01,1.5302284341777488,-0.7860128830553307,-1.4527856350639694,-0.31597679028852277,0.8514371994859953,-0.47761889906081273
Adiyaman,1999,9,1999-09-01,0.9430009055039842,-0.8880529704899329,-1.3018029102532924,-0.5615998506999795,0.46022576083625505,-0.47800463123167564
Adiyaman,1999,10,1999-10-01,0.3101550919000662,-0.4720977752103367,-0.641299101190554,-0.7135639158549821,-0.32945681873395344,-0.47839036340253854
Adiyaman,1999,11,1999-11-01,-0.5428069763092561,-0.892309477170882,-0.01334297365093549,-0.6893277848980249,-0.9871994155429438,-0.47877609557340145
Adiyaman,1999,12,1999-12-01,-0.8413636842066671,0.0915969178699769,0.3381222545456491,-1.3683202250392814,-1.226118653035947,-0.4778937645434183
Adiyaman,2000,1,2000-01-01,-1.605673222409564,2.110601808391965,1.4716281222311902,-0.16672089711750893,-1.4120112083448237,-0.4782794967142812
Adiyaman,2000,2,2000-02-01,-1.522117108784055,0.5842233718178603,1.3968887615271248,-0.07775294755859669,-0.7912462311297054,-0.4292107640521441
Adiyaman,2000,3,2000-03-01,-0.9468696625583896,0.02514611473244063,0.7298146699580722,0.08142246019925253,-0.15271866327332093,0.14230000735860854
Adiyaman,2000,4,2000-04-01,-0.05550111092282597,-0.06083671365131976,0.5555131227306733,-0.7707567671338427,0.32593836884128885,1.166509341471438
Adiyaman,2000,5,2000-05-01,0.3645907651779573,-0.5378435355879916,-0.3219764334915256,0.15213031091505924,1.1982479921853377,0.8744690731059599
Adiyaman,2000,6,2000-06-01,0.9594471562820348,-0.9360508455159015,-1.204969234487967,2.5689195403206893,1.4535880231759757,-0.3635463430907496
Adiyaman,2000,7,2000-07-01,1.688062461462557,-0.9295557560327757,-1.8696169284977682,1.0808174467139624,1.491779249358815,-0.4818619529403049
Adiyaman,2000,8,2000-08-01,1.380214585665843,-0.8719153229062274,-1.333856336940751,0.6214856717065462,0.9814622034020583,-0.48224768511116783
Adiyaman,2000,9,2000-09-01,0.8613375319704251,-0.55527724842257975,-1.0358094590167433,-0.09441634849980376,0.3942110556403028,-0.48263341728203074
Adiyaman,2000,10,2000-10-01,0.05214019917155378,0.43398156630189333,0.043656515457013136,-0.8912499225608493,-0.6129414710688447,-0.4747767386473936
Adiyaman,2000,11,2000-11-01,-0.46854690919924125,-0.10487543864542889,-0.04292922148278699,-1.45685583327293,-0.9001112827727171,-0.4523373332030258
Adiyaman,2000,12,2000-12-01,-1.088772526434354,0.9480176989842326,1.025695783029557,-1.2225794855358132,-1.3767607287450054,-0.47047595018573496
Adiyaman,2001,1,2001-01-01,-1.0249402286863725,-0.5953100665879825,1.0359485753872606,-1.8318330335256814,-1.201728916122227,-0.44359832353840556
Adiyaman,2001,2,2001-02-01,-1.0586451193375426,0.9485188986887182,1.0109663253264976,-0.40557163728897944,-0.9669543226330571,-0.40467409648303765
Adiyaman,2001,3,2001-03-01,-0.28450019179414526,0.7629215928599197,0.5254234114163666,-0.7532241247443261,-0.18681578198093057,1.0544809155200232
Adiyaman,2001,4,2001-04-01,-0.08782906321505901,0.3379521845139395,0.450147053609557,-0.5809191865384075,0.3635125789349709,1.683054530968853
Adiyaman,2001,5,2001-05-01,0.17001143001904978,0.9427288519654741,0.2520979495716904,-0.053069429409310025,0.7814539043291236,1.8747803737261821
Adiyaman,2001,6,2001-06-01,1.0510627815302038,-0.9389907802707815,-1.2436483627647077,0.9026282439002952,1.7349601926663893,0.057260074742780026
Adiyaman,2001,7,2001-07-01,1.5585246473560297,-0.9396322503658077,-1.5632958121539295,0.6251865799844489,1.470796621442702,-0.48649073899066003
Adiyaman,2001,8,2001-08-01,1.4655078449530046,-0.9414631470571927,-1.3675428539992835,0.25176503443888715,1.0253729619590748,-0.48687647116152294
Adiyaman,2001,9,2001-09-01,1.002530588234755,-0.8085914817109586,-1.4508570456313472,-0.746480299804952,0.41161130255310774,-0.4872622033323859
Adiyaman,2001,10,2001-10-01,0.21020367877194887,-0.25287866135921905,-0.791617716135151,-0.5495440191215164,-0.3139984304208926,-0.4863798723024027
Adiyaman,2001,11,2001-11-01,-0.841486333158989,0.6611489211455683,0.5641257837921833,0.2566436513686347,-1.0774336369970747,-0.48422947807157324
Adiyaman,2001,12,2001-12-01,-1.2204850827571392,3.044415706802397,1.6881373578845968,-0.5916986267183424,-1.65939654672446,-0.48081102063989783
Adiyaman,2002,1,2002-01-01,-1.7212158643496198,0.592960734910341,1.457474702283858,0.4133740324998412,-1.1059543784480321,-0.48500094241329905
Adiyaman,2002,2,2002-02-01,-0.9153208953621677,0.05142752012121179,0.6283833387318817,-0.4755489973002574,-0.6025995002449044,-0.3357552168843158
Adiyaman,2002,3,2002-03-01,-0.6121068354428995,0.9681313124678061,0.6720012364820953,-0.5457178607911582,-0.2987085693643069,0.2585806921416677
Adiyaman,2002,4,2002-04-01,-0.34550268870348183,1.1221152998994064,0.9000749904673786,-0.5988009363498699,0.07483871924051055,1.2225570242143051
Adiyaman,2002,5,2002-05-01,0.1959174980161012,0.08905154416505873,0.1260751485823667,-0.6137016877033128,1.1327700247075159,3.6314913736511363
Adiyaman,2002,6,2002-06-01,0.8733906730371753,-0.2428452330158558,-0.5851775690240134,1.383156842746725,1.5508400899789105,1.2154452438683483
Adiyaman,2002,7,2002-07-01,1.3802056924602177,-0.7561295661414668,-1.2036030738563135,0.8989504065291116,1.3904380303637953,-0.42518023859701515
Adiyaman,2002,8,2002-08-01,1.2606904925914078,-0.7448767702729063,-1.1581013653538204,0.651305928953847,1.0555750456757906,-0.49150525721187804
Adiyaman,2002,9,2002-09-01,0.9261914297475617,-0.7609807861205952,-1.0552246002592238,-0.8972327944856315,0.44308946725082965,-0.49189098938274095
Adiyaman,2002,10,2002-10-01,0.34621861805674853,-0.5502016787128686,-0.7748376488905545,-0.8878203893966018,-0.41850635891197036,-0.49227672155360386
Adiyaman,2002,11,2002-11-01,-0.3849891131098711,-0.43755026550473186,-0.1164478740096348,-0.8613382393687463,-0.9302183226594946,-0.49139439052362066
Adiyaman,2002,12,2002-12-01,-1.5436084116831468,0.6165322987212883,1.0043979972320818,-0.05346605457542149,-1.3644430275470598,-0.4930481858953298
Adiyaman,2003,1,2003-01-01,-1.1856840511520277,0.4633468676432632,1.4897764532548847,-1.2253473798252785,-1.433578417265628,-0.47758312805561576
Adiyaman,2003,2,2003-02-01,-1.5207329334382405,2.253684495015297,1.4854377047551985,-0.13709180001704535,-1.2408499241076305,-0.47987095502774796
Adiyaman,2003,3,2003-03-01,-1.1618048457303873,2.090388937868224,1.2492171137489203,-0.31238237752266207,-0.5186155284769944,-0.3179445974903031
Adiyaman,2003,4,2003-04-01,-0.3513132842388144,0.5411140393142152,0.8496501644182584,-0.19892313897427524,0.06075004101446786,1.1614994257262958
Adiyaman,2003,5,2003-05-01,0.44869936552765294,-0.45894312837117945,-0.041918690557316875,-0.7037929506441517,1.046554476576098,4.350926675283935
Adiyaman,2003,6,2003-06-01,0.8983844645558174,-0.8958068026807462,-0.8926464319106043,1.0693620803444295,1.5605216031529447,0.5660063201877238
Adiyaman,2003,7,2003-07-01,1.2711439127590687,-0.9166685249138699,-1.297822468472548,2.522571694683568,1.5587454637100506,-0.49384621629010106
Adiyaman,2003,8,2003-08-01,1.3867016176814224,-0.9699421218977671,-1.3762239937209757,1.5241953426605936,1.099103828772861,-0.49613404326223315
Adiyaman,2003,9,2003-09-01,0.8035592586169662,-0.6369494317141875,-1.1135904255452433,0.6392991041947492,0.5379840466432221,-0.4965197754330961
Adiyaman,2003,10,2003-10-01,0.3211353454756997,0.8114280492047303,-0.3074727302273272,-0.9082850611395978,-0.36063227520802066,-0.49627147600353594
Adiyaman,2003,11,2003-11-01,-0.5836123535385989,0.16522529393603855,0.4940278693981529,-0.8223582730353046,-1.0212311996230554,-0.4332540481320912
Adiyaman,2003,12,2003-12-01,-1.162215635259379,0.3352665404184807,1.0543495409061776,-0.8611604106682221,-1.4102540603596945,-0.48499633993722335
Adiyaman,2004,1,2004-01-01,-1.427806596915581,2.53952462332333,1.6830206680226028,-0.6893608267532552,-1.5677531064792158,-0.49299045131316316
Adiyaman,2004,2,2004-02-01,-1.434840898973234,0.9227497654259676,1.6392029520631033,-0.33811206396687415,-1.1058065006738007,-0.4661128246658338
Adiyaman,2004,3,2004-03-01,-0.6616042291538412,-0.8792782848542572,0.513035067600684,0.12477933642984165,0.037906297328202936,0.42431584175772674
Adiyaman,2004,4,2004-04-01,-0.302464243486455,1.259561335250866,0.18555189843980935,0.39706955694191043,0.5220213343482698,1.6704362360186336
Adiyaman,2004,5,2004-05-01,0.25756616034219987,0.2937001822107827,0.12475794150999293,-0.2834763797233837,0.9832998977592399,3.1232509320174637
Adiyaman,2004,6,2004-06-01,0.8743539902579209,-0.9424581648518071,-0.726447779875349,1.2876305190123172,1.6134455678407726,0.5385523965221379
Adiyaman,2004,7,2004-07-01,1.331176704765085,-0.9573727541031375,-1.5243561942235584,1.5935923087622672,1.4895914861229083,-0.49847500234045616
Adiyaman,2004,8,2004-08-01,1.3789828252578762,-0.9722873433544675,-1.421936015472891,0.5834243566170777,1.1553226854837089,-0.5007628293125883
Adiyaman,2004,9,2004-09-01,0.9143628017270384,-0.9773891631858388,-1.5005914500198547,0.6417251101493237,0.571216469008846,-0.5011485614834512
Adiyaman,2004,10,2004-10-01,0.40669626534332376,-0.5682731708353046,-0.853594377057254,-1.0208365147894183,-0.4601320810020225,-0.5015342936543141
Adiyaman,2004,11,2004-11-01,-0.6754055647902436,2.430819235086223,0.9147050046712657,0.056202338825460954,-1.1888174237905549,-0.47212054060529246
Adiyaman,2004,12,2004-12-01,-1.3323040273059708,-0.36051438671532166,0.9445240137945983,-0.060143607230215924,-1.2052769828585774,-0.47757852557953995
Adiyaman,2005,1,2005-01-01,-1.2860369551508388,0.26745609936520665,1.1767757298739638,-0.22973892209176955,-1.2971611333028474,-0.48620666855590294
Adiyaman,2005,2,2005-02-01,-1.343803815037601,-0.17654413452251197,1.2440410925366323,-0.541876232988538,-1.0137483312471582,-0.41684892468022733
Adiyaman,2005,3,2005-03-01,-0.7828445652660319,0.2991797472241074,0.8467006953189422,0.2132465896254071,-0.26803002370798695,0.10203722389540995
Adiyaman,2005,4,2005-04-01,-0.15055361147944088,0.15818593875875847,0.2740683799180585,-0.5857207025529924,0.35338255558002885,1.3462555233550475
Adiyaman,2005,5,2005-05-01,0.3706292048523425,0.33893202460842875,-0.1745368435374958,-0.3499844424197918,1.051911736059463,1.7408714782477615
Adiyaman,2005,6,2005-06-01,0.8239098776780532,-0.6073035895917364,-0.7612000403975789,0.7075140452782731,1.449017007475498,-0.00753937628952507
Adiyaman,2005,7,2005-07-01,1.50924781275505,-0.9814250109433837,-1.4474823830196137,1.1160627560914966,1.4855431035977555,-0.5050058831920805
Adiyaman,2005,8,2005-08-01,1.4825773767341592,-0.8616370381570948,-1.235211245665349,0.8425890592009025,1.0099433827783573,-0.5053916153629434
Adiyaman,2005,9,2005-09-01,0.8000626814157556,-0.8816066904429495,-1.0277480582212668,0.332572120493551,0.44244319574368646,-0.5057773475338063
Adiyaman,2005,10,2005-10-01,0.0011000200623179387,0.7880041373986802,-0.23771785338150617,0.40288907605510293,-0.34555586235490615,-0.49601857409789996
Adiyaman,2005,11,2005-11-01,-0.6849845982480042,-0.08656852437087534,0.48864473559845684,-0.8981570625969896,-1.144971742534121,-0.4456817782349168
Adiyaman,2005,12,2005-12-01,-0.8500032120478521,-0.2804918163741847,0.6943277429938279,-1.2036178144222915,-1.3622853162334108,-0.47459893242481815
Adiyaman,2006,1,2006-01-01,-1.5310368521543634,0.3688883484407997,1.265793274047771,-0.43381565288068996,-1.3749307795976708,-0.5016139918134503
Adiyaman,2006,2,2006-02-01,-1.2546724942127365,0.9421452110888296,1.3191251930450876,-0.533523677902243,-1.046591903504864,-0.37899759350223633
Adiyaman,2006,3,2006-03-01,-0.6709190782228547,-0.23067616971766136,0.8994221586134244,-0.8415098642661913,-0.31180385406757394,0.19504930431020864
Adiyaman,2006,4,2006-04-01,-0.1054384358245328,0.9135054591825279,0.5499400851503994,-0.3018872238404696,0.11255607377760563,1.7061949075479619
Adiyaman,2006,5,2006-05-01,0.4459855650898351,-0.41780701558875516,-0.32334392237987275,-0.2654477225982984,1.1535007890683986,1.496578747237483
Adiyaman,2006,6,2006-06-01,1.2300690645615295,-0.805606842798527,-1.2337195181926415,-0.0373853609573331,1.5414117696911296,-0.34249862616030335
Adiyaman,2006,7,2006-07-01,1.3052668997073986,-0.6989025625721837,-1.1112157332187977,1.4353084688218474,1.3848549297061428,-0.5096346692424355
Adiyaman,2006,8,2006-08-01,1.667339999235686,-0.9689491567424477,-1.7886461558832463,-0.38454935838212895,0.941510914393336,-0.5100204014132985
Adiyaman,2006,9,2006-09-01,0.797017911878535,-0.834888064799855,-1.0595333519956438,1.103791737590975,0.48028054448755386,-0.5104061335841614
Adiyaman,2006,10,2006-10-01,0.26217936556820576,1.6589953943183298,0.021919983506560117,-0.9022985042416406,-0.586726122071281,-0.5012813917486781
Adiyaman,2006,11,2006-11-01,-0.7612891839102208,0.27861907244725165,0.5617678954790248,0.38771910777115565,-0.8909659926629844,-0.3742267722345026
Adiyaman,2006,12,2006-12-01,-1.2174912821855142,-0.8460305312067132,0.22395664187994269,1.0623649280090395,-1.0418667663929118,-0.48937222408194253
Adiyaman,2007,1,2007-01-01,-1.4283456551371414,0.3026114474298209,0.8391328557238783,-0.3094120945507542,-1.1580275794026693,-0.5018045566608439
Adiyaman,2007,2,2007-02-01,-1.1650966656381756,-0.06883376408001918,1.1364010757847975,-1.149323779625182,-1.059841044132696,-0.4254724651805145
Adiyaman,2007,3,2007-03-01,-0.758668384204679,0.05630662838988339,0.6083189041506127,0.08023046423259092,-0.21505315688462673,-0.015639751877646515
Adiyaman,2007,4,2007-04-01,-0.5141261608098804,0.04614974552398805,0.2091364782144071,-0.37605046820352184,0.14644634276869337,0.2965520949600676
Adiyaman,2007,5,2007-05-01,0.6849494551350116,-0.10108855257224376,-0.26403545511008275,-0.5492581304041035,0.5259411307572698,1.0411534932863202
Adiyaman,2007,6,2007-06-01,1.0667101056087323,-0.8144939105352001,-1.1097041522136168,1.464333242124126,1.558987442370725,-0.31859599019162
Adiyaman,2007,7,2007-07-01,1.4219433620537847,-0.9977123631712818,-1.5095689242026498,2.343011178127516,1.3794059704945192,-0.5142634552927907
Adiyaman,2007,8,2007-08-01,1.4957794739965509,-0.9531556226046785,-1.3862054507612598,0.13234603258725958,0.9447200656071668,-0.5146491874636537
Adiyaman,2007,9,2007-09-01,1.026509963132596,-1.0013741565540515,-1.612509986894233,-0.39365507517465015,0.5624128993459567,-0.5150349196345166
Adiyaman,2007,10,2007-10-01,0.28768394269456316,0.1784902702368979,-0.2285971926160844,-0.5914753630271576,-0.4499104433117255,-0.5052761461986103
Adiyaman,2007,11,2007-11-01,-0.606163279180401,-0.02554314783546018,0.45081694777371567,-0.1622258431104892,-1.0765772143681809,-0.49932156236524244
Adiyaman,2007,12,2007-12-01,-1.2070091551376125,0.24708614258291692,0.9162424116692633,-0.021589773804234574,-1.3140619218004954,-0.5073156737411822
Adiyaman,2008,1,2008-01-01,-1.6296165048076103,0.17834999984635713,0.6448078904367458,0.4253471462957562,-1.131815017156506,-0.5102375323137375
Adiyaman,2008,2,2008-02-01,-1.4327568985697818,-0.25643217791958184,0.8437949452381546,0.5485668866858652,-0.8371517101950097,-0.46116879965160035
Adiyaman,2008,3,2008-03-01,-0.4378003565379871,-0.03821915428461357,0.3317408379410452,-0.535429261298417,-0.18247433697268897,0.11541422456253693
Adiyaman,2008,4,2008-04-01,0.11205448422341936,-0.534256801763024,-0.2646570500076743,-0.2065206433741242,0.4855335895330948,0.4409207350091356
Adiyaman,2008,5,2008-05-01,0.26262442357510146,0.15913214711723112,-0.3694358667305581,-0.3333292949350677,0.9809848093700185,-0.0926855731175352
Adiyaman,2008,6,2008-06-01,0.9006544663077752,-0.8474668668481363,-0.9849557709204169,2.84304486742273,1.593798696637461,-0.41262323190162903
Adiyaman,2008,7,2008-07-01,1.3512574180764425,-1.0024364378206996,-1.3980542279900985,1.9637449598085386,1.511340851710315,-0.5188922413431458
Adiyaman,2008,8,2008-08-01,1.5236595387745129,-0.9766131661467455,-1.2750792188857134,0.6262197280799429,0.6925574009878873,-0.5192779735140088
Adiyaman,2008,9,2008-09-01,0.829442499827806,-0.23207887362306776,-0.7809254097891395,0.0688866542790033,0.17006241147846635,-0.5177616108836024
Adiyaman,2008,10,2008-10-01,0.16339896747961202,-0.4057819134882798,-0.0509760000974936,-1.1111177732772686,-0.41707697309315644,-0.5124410586506578
Adiyaman,2008,11,2008-11-01,-0.5067341954875653,0.36224355431348143,0.5245684064950054,-0.8067469137025387,-1.0239602447722356,-0.5153629172232129
Adiyaman,2008,12,2008-12-01,-1.23791404534372,-0.24738433311718133,0.41685471355645665,-0.2638488287984238,-1.2341605865729655,-0.5024339857851912
Adiyaman,2009,1,2009-01-01,-1.3598047328641343,-0.34466671416634914,0.8896503030110432,-0.23523296065321503,-1.2636978536104149,-0.5129642235628233
Adiyaman,2009,2,2009-02-01,-1.0736612044291822,0.5747132880220523,1.258576319523127,-0.1528730647400862,-1.2176267162129815,-0.49496303932141705
Adiyaman,2009,3,2009-03-01,-0.9112485589662291,0.32875258242805133,1.0614205226055753,0.3436367048533003,-0.5177378849892144,-0.09781095802701056
Adiyaman,2009,4,2009-04-01,-0.29770499833619657,0.12442180770660383,0.2684506722634688,-0.6845181166846664,0.43798244629181543,1.1070973822063959
Adiyaman,2009,5,2009-05-01,0.3017127751599293,-0.6502390199688238,-0.3327090002684263,0.29530554481150456,1.0231978992161619,0.7605303962045331
Adiyaman,2009,6,2009-06-01,1.0773883866478464,-0.8171028569049736,-1.0084859160375343,0.12307115754164537,1.0954471891869701,-0.44831956637271486
Adiyaman,2009,7,2009-07-01,1.261099166870456,-0.8486694185053252,-0.9707686950535527,2.4093292452769117,1.24445091102421,-0.5235210273935009
Adiyaman,2009,8,2009-08-01,1.1149182816730727,-0.8930223160165323,-1.336059578057317,2.052752842763085,1.1310912513873934,-0.5239067595643638
Adiyaman,2009,9,2009-09-01,0.6190644989071019,-0.19041531101449768,-0.6972258860897563,0.8894251068082333,0.3731508325387372,-0.5097097649254959
Adiyaman,2009,10,2009-10-01,0.43615500580817507,-0.10125507308444467,-0.5845654496205526,-1.5459729636009754,-0.498284398527499,-0.5208740343035513
Adiyaman,2009,11,2009-11-01,-0.5917511330438353,0.629006100282929,0.776250606359561,-0.30881166705664853,-1.0734410714482077,-0.43376340561602955
Adiyaman,2009,12,2009-12-01,-0.9263472228480989,1.0277146099153243,1.3783462688904793,-1.1153405567737384,-1.5768089934817897,-0.48930988702370015
Adiyaman,2010,1,2010-01-01,-1.1010005022921772,1.4505090081239833,1.3816067031820873,0.13679420024324257,-1.4719757820536206,-0.49349980879710154
Adiyaman,2010,2,2010-02-01,-1.031573620447208,-0.2516072080621136,1.417601893126809,-0.22222875875852585,-1.158042837593081,-0.43365253892777217
Adiyaman,2010,3,2010-03-01,-0.5545474710901239,-0.26384558747163683,0.7025217964584399,0.07891745915012986,-0.30698873387112785,0.4345850214809807
Adiyaman,2010,4,2010-04-01,-0.2082328882365646,0.19938931501321636,0.3753099893416763,-0.2121126201446516,0.3611351999965659,1.2996524238876177
Adiyaman,2010,5,2010-05-01,0.45492490673944236,-0.5838948554858114,-0.21597537013697718,-0.6252512695939285,0.9640177253054,1.5325903206724478
Adiyaman,2010,6,2010-06-01,1.0736175877861214,-0.611893137297087,-0.8428457518606983,0.15682912953524944,1.3342347537890547,-0.31409543193041606
Adiyaman,2010,7,2010-07-01,1.5619595661475782,-1.0092083772777283,-1.3744759379865643,0.8183357382083777,1.4594442339194797,-0.5281498134438559
Adiyaman,2010,8,2010-08-01,1.5637280668008244,-1.0238256098799687,-1.6321284201322837,0.608312080070657,1.0444512860782567,-0.5285355456147189
Adiyaman,2010,9,2010-09-01,1.1245514119477817,-0.9305023788626603,-1.1851561382280755,-0.6846109562750198,0.30924123654426805,-0.5289212777855818
Adiyaman,2010,10,2010-10-01,0.18208810664148423,-0.21362225470432175,0.11984716338484729,-0.6702760260556051,-0.5395541675385477,-0.5248687887534833
Adiyaman,2010,11,2010-11-01,-0.15222917005813097,-1.0257500201650476,-0.9779985065077357,-1.5735896209028153,-0.7248808332771333,-0.5296927421273077
Adiyaman,2010,12,2010-12-01,-0.7487779784465011,0.3732662570049859,0.3889868135374573,-0.9314174930650019,-1.346791302495292,-0.5237381582939399
Adiyaman,2011,1,2011-01-01,-1.2616204013049086,-0.05110843804281486,0.8956632490804224,-0.9954499115943422,-1.2582981524092778,-0.5190516376614183
Adiyaman,2011,2,2011-02-01,-1.2582650557817774,0.7517077577024374,1.0431531325951091,0.3835448154449759,-0.9043002263721291,-0.48012741060605035
Adiyaman,2011,3,2011-03-01,-0.7645842047707389,-0.5308382266181404,0.41094562888970904,0.42848442933760533,-0.09674888336630341,-0.018304106068490037
Adiyaman,2011,4,2011-04-01,-0.3673048168922881,2.2205560906116952,0.8233530296773336,-0.5833493202851665,-0.11954216144980906,0.7015700598412627
Adiyaman,2011,5,2011-05-01,0.1618130203977889,0.05961856488024324,0.4415681761210388,-0.8691948388912915,0.6885969993471572,2.4035591748063623
Adiyaman,2011,6,2011-06-01,0.8339564041104042,-0.7757030192094764,-0.4620655929734123,0.6524434898078786,1.450355850963065,0.414216312108306
Adiyaman,2011,7,2011-07-01,1.4391467241251705,-0.8420603087533189,-1.1716045635626267,0.9691300206213667,1.2643232379855418,-0.5283403782912496
Adiyaman,2011,8,2011-08-01,1.3064157830960266,-0.8876026328608847,-1.1510152418898236,1.5929409425545875,1.0017384986629658,-0.533164331665074
Adiyaman,2011,9,2011-09-01,0.8444745958746503,-0.8097419475962391,-1.0430771805783026,0.5072693159760385,0.2973453804031041,-0.533550063835937
Adiyaman,2011,10,2011-10-01,-0.020521045931297038,-0.6765729256009154,-0.3725481766618624,-0.0023358525683152267,-0.3333462802220472,-0.5339357960068
Adiyaman,2011,11,2011-11-01,-1.0421706187149975,0.40337966709590584,0.42273755656332573,0.6499246442629494,-1.0946891101120781,-0.5235429909704706
Adiyaman,2011,12,2011-12-01,-1.263479367838521,0.27309069799778507,0.7643532433455499,-0.9895029842455411,-1.2221988384540234,-0.5245627547417566
Adiyaman,2012,1,2012-01-01,-1.5264940964077718,1.2204222252006152,1.5647762766796847,0.24073308683018235,-1.5666112096406906,-0.5287526765151579
Adiyaman,2012,2,2012-02-01,-1.6668291360827265,0.8965540775451216,1.2642715771603843,0.6663521879900108,-0.9375715609675745,-0.5120195554745979
Adiyaman,2012,3,2012-03-01,-1.1692436380201265,-0.4454632365933894,0.8272190423598422,0.9975997637053765,-0.28070770752624946,-0.06985123055015287
Adiyaman,2012,4,2012-04-01,-0.09957522121432645,-0.29861580873994115,0.27618815905541927,-1.0712105606820697,0.5273734495897613,1.9193541994066001
Adiyaman,2012,5,2012-05-01,0.32134863319072754,-0.04739619705601996,0.3150555722720128,-0.765566956967164,0.5955483346544734,1.0389326058485064
Adiyaman,2012,6,2012-06-01,1.057501929468524,-0.6353170491031372,-0.8284025666865105,1.1254292079412078,1.4374951531045548,-0.0855911538724724
Adiyaman,2012,7,2012-07-01,1.4202531024673162,-0.9791080922476385,-1.2876792995738573,1.9442133020539805,1.3336141437701137,-0.5374073855445661
Adiyaman,2012,8,2012-08-01,1.3593890272923457,-0.8884610710721369,-1.1813406979455707,1.570791756508418,0.9698059075617192,-0.5377931177154293
Adiyaman,2012,9,2012-09-01,0.9889174976867617,-1.0154791170302715,-1.4008797617049311,0.042616939311749424,0.47653204073820454,-0.5381788498862922
Adiyaman,2012,10,2012-10-01,0.2827482985699878,0.36599311784347144,-0.038021171500679345,-1.4175783673390676,-0.6787533987860402,-0.5151054128415012
Adiyaman,2012,11,2012-11-01,-0.35334401482445665,0.9454944701223845,0.8018597046209286,-1.493308801862669,-1.1521518091770062,-0.432433005356941
Adiyaman,2012,12,2012-12-01,-1.1345574339359772,2.3596759363959907,1.3179065755626145,-0.5568333084348334,-1.483189380369844,-0.5114386559802655
Adiyaman,2013,1,2013-01-01,-1.4437770702075614,0.819321737314672,1.5651057237397945,-0.6158121840546528,-1.343596402086545,-0.5276751781617053
Adiyaman,2013,2,2013-02-01,-1.0413302399084443,1.1252549724310918,1.4920811722492322,-1.2247849796606591,-1.0492578892558788,-0.45641533948476054
Adiyaman,2013,3,2013-03-01,-0.7983565393795105,-0.6559581124128564,0.8932665213889858,0.2937837896416171,-0.1376955379720064,0.06120274589003056
Adiyaman,2013,4,2013-04-01,-0.18193005124741327,0.531637587254424,0.573264950162117,-0.6933811838524585,0.43793940452731217,2.1911631911407072
Adiyaman,2013,5,2013-05-01,0.3717791018726529,1.2315683824146517,0.37541120427633884,-0.9825582974137483,0.6708235226448742,3.9743083509599604
Adiyaman,2013,6,2013-06-01,0.8383770038287897,-0.8707898834461362,-0.7077730333491526,1.3941769252275316,1.584228046583462,1.2577312425766343
Adiyaman,2013,7,2013-07-01,1.166788439606666,-1.044790279960438,-1.172634644820692,4.096210576637229,1.569446350091353,-0.5306236027873059
Adiyaman,2013,8,2013-08-01,1.2291820617346616,-1.0448370367572848,-1.2859472911382521,2.307797016425827,1.0706734513685345,-0.5424219037657843
Adiyaman,2013,9,2013-09-01,0.7007506405691525,-0.8828244198002635,-1.0441669389664006,0.406520997901792,0.4589787036180551,-0.5428076359366472
Adiyaman,2013,10,2013-10-01,-0.08788478338810855,-0.7451950480685948,-0.8137928005158946,1.4357383621321314,-0.2411108244597429,-0.5431933681075102
Adiyaman,2013,11,2013-11-01,-0.3657925927552584,-0.36878828711792405,0.38159374707922006,-1.6208524328107348,-1.1683017401628337,-0.5435791002783731
Adiyaman,2013,12,2013-12-01,-1.3748732707814086,-0.2802227624860503,0.21525065183429554,0.5120212692077781,-1.3412806954776682,-0.543964832449236
Adiyaman,2014,1,2014-01-01,-1.0934998362625556,0.462824746792179,0.9106194166391598,-1.207327204573506,-1.2524055699317076,-0.5367421854150219
Adiyaman,2014,2,2014-02-01,-0.972683317882098,-0.7025627177870704,0.19902584771596246,-0.8154578591939283,-0.5592073723595432,-0.4451933355245387
Adiyaman,2014,3,2014-03-01,-0.5986718395172013,0.22930626366309706,0.37158434828283005,0.5299267967487352,-0.15591945423295053,-0.05121141223224766
Adiyaman,2014,4,2014-04-01,-0.12526755205038728,0.20398419169362858,0.3786804456585211,-0.4339170120591804,0.3981947079081982,0.3294558474511588
Adiyaman,2014,5,2014-05-01,0.4048450903970753,-0.442515920224153,-0.24078603099859514,-0.18603353211753876,0.8919284528992875,0.038049610686103484
Adiyaman,2014,6,2014-06-01,0.8744340993398805,-0.6105691837566612,-0.8703666552126691,1.0020522477276637,1.4377367708724884,-0.39157551497118276
Adiyaman,2014,7,2014-07-01,1.4545334704411272,-1.0521905644516627,-1.3391084061199199,1.3996141819190768,1.4484285933870327,-0.5466649576452766
Adiyaman,2014,8,2014-08-01,1.511674253677547,-1.0281514326722467,-1.351285206785829,0.4697414115584959,0.9807230320731944,-0.5470506898161395
Adiyaman,2014,9,2014-09-01,0.837794957836314,-0.04186618443867028,-0.7570731183289482,-0.016935645637105673,0.3249865137908862,-0.5391940111815023
Adiyaman,2014,10,2014-10-01,0.059472272993788156,1.602766684879427,0.4038825401962589,-0.7498886939566904,-0.6083329859584575,-0.44320694008805744
Adiyaman,2014,11,2014-11-01,-0.7763472502893317,1.1673897938153093,0.5503754054596643,-0.5902737635013463,-1.000473898227401,-0.41949947144284355
Adiyaman,2014,12,2014-12-01,-0.9223162375271821,0.12094498887192622,1.633322921179857,-1.1957652295474601,-1.58423350734046,-0.5175260700788604
Adiyaman,2015,1,2015-01-01,-1.5676171901419538,2.36594093270206,1.5760673676675458,-0.20922222766418616,-1.302630541392613,-0.5337625922603001
Adiyaman,2015,2,2015-02-01,-1.2322312843817413,2.010552980243062,1.6017839360244248,-0.49005564776031224,-1.1353382791606552,-0.5068849656129708
Adiyaman,2015,3,2015-03-01,-0.8097457579471081,2.528501506160414,1.0708962556458121,-0.46587165653178597,-0.5102817752468005,-0.23463710960191056
Adiyaman,2015,4,2015-04-01,-0.4579296349126264,-8.609077931347935e-4,0.8444554754989902,-0.19940236877846218,0.2922267843257689,1.1034178667203423
Adiyaman,2015,5,2015-05-01,0.23719910114720383,-0.1475044925911872,0.41288976164315044,-0.5574386836883712,0.9468740580769806,4.268751915461904
Adiyaman,2015,6,2015-06-01,0.8386834373749832,-0.8707226199741025,-0.3328782938020502,0.02506420416591365,1.3538286374639321,2.121535184258502
Adiyaman,2015,7,2015-07-01,1.3582190258845037,-1.0566172824519908,-1.242034449391698,1.7856789620086475,1.395742002295361,-0.49296283645670846
Adiyaman,2015,8,2015-08-01,1.4793976029965694,-1.0064107655526844,-1.219435247018737,0.3644895198890942,0.9238771526398837,-0.5516794758664945
Adiyaman,2015,9,2015-09-01,1.1715932220441803,-1.0073495922968,-1.4243826894933083,-0.873817819382576,0.2726988748462695,-0.5520652080373575
Adiyaman,2015,10,2015-10-01,0.2256324851531731,0.6771290679993128,0.1305304169592137,-1.1830593699772227,-0.6107685832082803,-0.532161928994682
Adiyaman,2015,11,2015-11-01,-0.6015148353229628,-0.29765278451346017,0.21536611005477216,-0.16544643761319014,-0.8421629041403378,-0.5205010607575064
Adiyaman,2015,12,2015-12-01,-1.1528959207582914,-1.0074898626873408,0.49736040299177575,0.9017660825665085,-1.0956184299701932,-0.5399077409410616
Adiyaman,2016,1,2016-01-01,-1.652422229738691,1.6576710263064915,1.4862899782961982,0.4766860983902889,-1.4463970588226347,-0.5485358839174245
Adiyaman,2016,2,2016-02-01,-0.9049536593358039,0.31000393583527713,1.2143184793744473,-0.3424927837950778,-0.8857793132277488,-0.20844664666109503
Adiyaman,2016,3,2016-03-01,-0.704612158133166,-0.1797892220122503,0.569177771510974,0.4659757577860372,-0.1304872622435092,0.21026250904769608
Adiyaman,2016,4,2016-04-01,0.016338017174362292,-0.4290208507462375,-0.2256983690414225,-0.21554345380997958,0.667232456840472,0.9123837901456028
Adiyaman,2016,5,2016-05-01,0.30298659563316327,0.07405984271663098,-0.05731244193290601,-0.3510554292706532,0.757907111219958,-0.05046191146749144
Adiyaman,2016,6,2016-06-01,0.9609997312021974,-0.7258763001314182,-0.634448128684088,0.9616469753582148,1.2784725101863994,-0.2765628933889698
Adiyaman,2016,7,2016-07-01,1.3032246834367738,-0.8534890593877321,-1.0817928135156503,2.7399865670354533,1.4248830430677804,-0.5559225297459867
Adiyaman,2016,8,2016-08-01,1.5555904025480072,-1.0682273168273182,-1.5536073736277927,0.35581644826831454,0.8717847455970176,-0.5563082619168496
Adiyaman,2016,9,2016-09-01,0.6604662166537528,-0.6052897709915543,-0.942586039214436,1.1477793313094438,0.4475437474533124,-0.5566939940877125
Adiyaman,2016,10,2016-10-01,0.24431171747773778,-0.8099179023620918,-0.9300700198498312,-0.8480915237505844,-0.28228610699113343,-0.5570797262585754
Adiyaman,2016,11,2016-11-01,-0.7305084062492163,0.554010290215361,-0.13180774901631423,-1.0786101059102509,-0.8551990277656385,-0.5441507948205537
Adiyaman,2016,12,2016-12-01,-1.6339724497297137,1.1911988324176688,1.3680526419892445,0.3888617295290913,-1.4821091313373191,-0.5521449061964937
Adiyaman,2017,1,2017-01-01,-1.7423128203642149,-0.24448582618408693,1.5467469488232213,-0.15076522726293443,-1.2559774905172558,-0.5499945119656642
Adiyaman,2017,2,2017-02-01,-1.2794822410780875,-1.0676157876611303,0.4898942394821743,0.03019891661096475,-0.5406413898001767,-0.44449696686587326
Adiyaman,2017,3,2017-03-01,-0.7716512267017068,1.1744065896781068,0.6829894742379913,-0.4332438754458629,-0.34882387779863905,0.08072949771399472
Adiyaman,2017,4,2017-04-01,-0.35753487305974835,0.730703712439478,0.3304469773895155,-0.48059960237378424,0.3846107861002748,1.5119871192984402
Adiyaman,2017,5,2017-05-01,0.2502004529742486,0.1115604122379458,0.08774530529236733,-0.05370840248155874,0.8502438697546348,1.6948365196498465
Adiyaman,2017,6,2017-06-01,0.9401845296271062,-1.0606662552703658,-0.8956148575586065,0.9513081062598517,1.5466438907258488,-0.10239476812001719
Adiyaman,2017,7,2017-07-01,1.4797902006616375,-1.0770676277671443,-1.6037621124361146,1.4875804349048167,1.4858553721690737,-0.5605513157963418
Adiyaman,2017,8,2017-08-01,1.512640786221088,-1.0756276013185428,-1.4398463401621238,-0.37045971650442844,1.0052899703703708,-0.5609370479672047
Adiyaman,2017,9,2017-09-01,1.1524351551286591,-1.017689811542905,-1.6978050898431052,-0.8132645345151511,0.4054308029825301,-0.5613227801380677
Adiyaman,2017,10,2017-10-01,0.02765038443067699,-0.3724726398151757,-0.6141724131111219,0.29432017846394143,-0.36243248948118023,-0.5617085123089306
Adiyaman,2017,11,2017-11-01,-0.6721864114533229,0.17253534116933572,0.5827910744955171,-0.9305484800335215,-1.0980429058861496,-0.5532178020738704
Adiyaman,2017,12,2017-12-01,-0.8954870013964549,-0.48318282687022546,0.6027188808118251,-0.9730378323078305,-1.2901192194743822,-0.542190965437118
Adiyaman,2018,1,2018-01-01,-1.2996592285871,2.763905024392084,1.2932571760347973,0.23473804805891219,-1.3463947687080855,-0.5457468556100963
Adiyaman,2018,2,2018-02-01,-1.0209934676188182,1.437944969304415,1.3442371968178528,-1.3067337368039187,-1.0431404635940653,-0.44151737371115146
Adiyaman,2018,3,2018-03-01,-0.5179660047310944,-0.530602804466023,0.9616282841317539,-0.4261948135703566,-0.20903727879505477,0.5262631479640246
Adiyaman,2018,4,2018-04-01,-0.05706481212913372,-0.425385307485128,-0.04941587414467435,0.06665447970391135,0.5832697065490919,2.2593198113498545
Adiyaman,2018,5,2018-05-01,0.38788827088693856,1.070271880639047,0.25008127063748686,-1.5514921181078196,0.5591197082208138,2.208845582745569
Adiyaman,2018,6,2018-06-01,0.9624816407975885,-0.3080229446884034,-0.4167677212820112,-0.9981313276984369,1.3003353537112299,0.7596976436079743
Adiyaman,2018,7,2018-07-01,1.4207809495069708,-1.0832784856620108,-1.2724103809861054,0.7770264036283613,1.4507820939527118,-0.5461591538340046
Adiyaman,2018,8,2018-08-01,1.373835224516048,-1.0854067390024853,-1.2997372907952227,1.5148227934096643,1.0804378332074556,-0.5655658340175599
Adiyaman,2018,9,2018-09-01,0.9377009782609281,-0.7327885099789877,-1.158850697804135,3.1125889429291427e-4,0.3216542388990662,-0.5659515661884228
Adiyaman,2018,10,2018-10-01,0.2198071304674792,0.46432260245916207,-0.0812076907553402,-0.5470644636923309,-0.7253680374849397,-0.5301974971351703
Adiyaman,2018,11,2018-11-01,-0.5836823404530302,0.8704650283187996,0.8592038148407011,-1.3853370896114485,-1.281461305506468,-0.5172685656971486
Adiyaman,2018,12,2018-12-01,-1.146676549323174,5.355448609741389,1.675733480373947,-0.4370512792358066,-1.6401524852755052,-0.5474537830878962
Adiyaman,2019,1,2019-01-01,-1.6273662449535278,2.8906125886402987,1.7997387644590832,-0.24840655228910435,-1.4539160591609634,-0.5655924000706053
Adiyaman,2019,2,2019-02-01,-1.3362530720804355,1.3591790890316704,1.5446818755464922,-1.185237971021128,-1.011374099422331,-0.539348805023699
Adiyaman,2019,3,2019-03-01,-0.9162015840493827,1.877722328247201,1.2076023102095021,0.200194007105318,-0.5829652317017188,-0.30260671863633093
Adiyaman,2019,4,2019-04-01,-0.5129098703822939,1.6525765880894772,1.163127233384667,-1.0310196552674329,0.018694972135286887,0.3690810456412678
Adiyaman,2019,5,2019-05-01,0.3347675525024459,-0.7759819218226747,0.33918326358020806,-0.789219143642807,1.1045218039697915,5.061797219802022
Adiyaman,2019,6,2019-06-01,1.0391963784809282,-0.568771094204024,-0.3965612859866693,-0.5176027288520082,1.3154989220974596,2.8226459065372738
Adiyaman,2019,7,2019-07-01,1.205658664797569,-1.081163357382366,-1.0903978524839764,1.2254182129353564,1.4417255887304834,-0.45948738942343664
Adiyaman,2019,8,2019-08-01,1.3877969391099618,-0.882575872587316,-1.2480629922352768,1.346682367755115,0.9805560519535078,-0.570194620067915
Adiyaman,2019,9,2019-09-01,0.8126141365570085,-1.0479529262780174,-1.2368159563715564,0.4727167554343071,0.47382533114847086,-0.5705803522387779
Adiyaman,2019,10,2019-10-01,0.40637646188712745,-0.2778459619326282,-0.6002888417789389,-1.3424057148951918,-0.4855463096931488,-0.5677959264075253
Adiyaman,2019,11,2019-11-01,-0.4685226213959313,-0.6055797460262874,-0.38549493820131064,-1.5128807205595138,-0.8768086784042153,-0.565645532176696
Adiyaman,2019,12,2019-12-01,-1.1752059518776774,4.28202473826371,1.3134061342088945,-0.4681845415655685,-1.5578319721349807,-0.541938063531482
Adiyaman,2020,1,2020-01-01,-1.5696085678814424,1.6497769237251378,1.5506909969155465,0.5284655461367471,-1.329238711684151,-0.5683190913196912
Adiyaman,2020,2,2020-02-01,-1.4880206824898514,0.45941150062235686,1.5246803230908854,0.4451483431710745,-1.0979877215962992,-0.5325650222664386
Adiyaman,2020,3,2020-03-01,-0.7275578831311504,1.8081745040962358,1.1188551958189084,-0.21893904972210118,-0.4849412829856166,-0.08469041293818602
Adiyaman,2020,4,2020-04-01,-0.39712784047561983,0.2113225416878812,0.728497666234237,-0.9682506036080604,0.3419938998885671,1.205178161751913
Adiyaman,2020,5,2020-05-01,0.18518865243379107,-0.10303019319674289,0.3569429365442092,0.35375406333944365,0.9183560104857105,4.60256777624832
Adiyaman,2020,6,2020-06-01,0.8280923482357198,-0.9312152177083105,-0.6625973308767809,-0.1536986702619656,1.4440313922718797,1.1505140113742254
Adiyaman,2020,7,2020-07-01,1.4793180575851927,-1.0784535158045425,-1.33865180159972,0.7147598789688379,1.2628597707031568,-0.5528805995330226
Adiyaman,2020,8,2020-08-01,1.2312588639492825,-1.0990178813885763,-1.468871091453904,1.7282551097028895,1.1030264301061845,-0.5748234061182701
Adiyaman,2020,9,2020-09-01,1.220847692939068,-1.089549225414554,-1.5541107150172115,-0.44392824242264445,0.3050111266134393,-0.575209138289133
Adiyaman,2020,10,2020-10-01,0.5053538683504327,-1.0943536885968355,-1.5008081922342171,-0.9114205533876579,-0.2960604591787497,-0.5755948704599959
Adiyaman,2020,11,2020-11-01,-0.673749271395152,1.3897170011013906,0.43769486828191845,-0.44864919883783455,-1.1374144154122376,-0.48341198896908955
Adiyaman,2020,12,2020-12-01,-1.0920539772342155,0.4086906589577344,0.9240214024837313,-1.4201856229635754,-1.296619618586187,-0.5421286283788757
Adiyaman,2021,1,2021-01-01,-1.3255925843800367,2.2133014054860727,1.0545292417752634,-0.7009188905171836,-1.2382600881181731,-0.5526588661565077
Adiyaman,2021,2,2021-02-01,-1.1480630906874822,-0.8721179422651523,0.982516265895195,-0.4287503293714554,-0.5950476236517829,-0.3951707298220245
Adiyaman,2021,3,2021-03-01,-0.9326094385006519,0.30507027468398984,0.6714541598496866,0.3614063800001605,-0.27143342021236117,-0.04683908176019492
Adiyaman,2021,4,2021-04-01,-0.14108385963968198,-0.8421784343007899,0.16585221028676408,-0.49004289113489213,0.3759718817630501,1.563849482743981
Adiyaman,2021,5,2021-05-01,0.590871626534528,-1.0239101036914229,-0.8910662082392387,1.2929010396376868,1.2674651615399672,0.4418618494246948
Adiyaman,2021,6,2021-06-01,0.9702880164243647,-1.0676682879044508,-1.1282753324062071,0.2577835589799358,1.542960764300448,-0.5710723486218224
Adiyaman,2021,7,2021-07-01,1.4565768150831908,-1.0974507096102644,-1.3306712960759837,1.920621619936237,1.3280762715816328,-0.5790664599977622
Adiyaman,2021,8,2021-08-01,1.4040436754751138,-1.0231583041346943,-1.2390267802387696,0.5679357594790779,0.8786630906274546,-0.5794521921686252
Adiyaman,2021,9,2021-09-01,0.7538701850435063,-1.0776213277149502,-0.9959233973539284,0.3064033973154263,0.4499020495410496,-0.5798379243394881
Adiyaman,2021,10,2021-10-01,0.11608491847763734,-0.7526572670567918,-0.7995708529399914,-0.1373559788004294,-0.29798675581531087,-0.580223656510351
Adiyaman,2021,11,2021-11-01,-0.4466427450644627,-0.554664495559921,0.42992455241957034,-0.9156224618753845,-1.073000062999649,-0.5806093886812139
Adiyaman,2021,12,2021-12-01,-1.246383852606079,0.1946275033491912,0.7918845106250192,-1.1531598536316074,-1.3369556698062552,-0.58036108925165375
Adiyaman,2022,1,2022-01-01,-1.670061844597927,1.5579609826284646,1.5074365312003788,0.5717619178094361,-1.5417772312413687,-0.5769426318199783
Adiyaman,2022,2,2022-02-01,-1.261553219099318,-0.28956263496247914,1.2753545330763885,-0.3762594887936694,-0.852122917103152,-0.41501627428253346
Adiyaman,2022,3,2022-03-01,-1.2828334011984845,1.44279044583707,1.0148651755006441,0.5380298817284782,-0.49711245294201806,-0.2790852123624347
Adiyaman,2022,4,2022-04-01,-0.0894344200642342,-0.264678190032641,0.045337158006024614,-0.510825748912932,0.48288312618057344,2.0436208394168576
Adiyaman,2022,5,2022-05-01,0.13549051328750283,0.736177534006329,0.015499867792984571,0.07362368880279892,0.8881471104762804,2.672194454865687
Adiyaman,2022,6,2022-06-01,0.9915479428455551,-0.8148815044422174,-0.7491357316030278,-0.00553192480392227,1.3101600113286775,0.12300168899405353
Adiyaman,2022,7,2022-07-01,1.2738080030371899,-1.115555833468717,-1.2303713963752392,2.987791683275674,1.4656134595433106,-0.5811591196464251
Adiyaman,2022,8,2022-08-01,1.5785682807739514,-1.1158999469146538,-1.3230785430777334,-0.233582044168753,0.9342877632894969,-0.5840809782189802
Adiyaman,2022,9,2022-09-01,0.991970869716692,-0.9645921693248604,-1.2540358957527162,0.4277748298996491,0.4207706118127444,-0.5844667103898431
Adiyaman,2022,10,2022-10-01,0.27950160968728216,-0.84629097978402,-0.5426522664109622,-0.349855281105218,-0.4534247456325865,-0.5848524425607061
Adiyaman,2022,11,2022-11-01,-0.5364307324674763,1.9949050454708948,0.8271626503846486,-1.0042912460713214,-1.2544449227435772,-0.5478303103066076
Adiyaman,2022,12,2022-12-01,-0.9570328582888431,-0.5609221102516341,1.1158385299181437,-1.3050166410221458,-1.3107006658423204,-0.5012977040461627
Adiyaman,2023,1,2023-01-01,-1.239151860788602,-0.26420693125699385,0.803513914777369,-1.7177435203084246,-1.1720414053500017,-0.5473337114474872
Adiyaman,2023,2,2023-02-01,-1.6347099579589173,0.3649529814198932,1.2401310484236174,-0.02599063764653876,-0.832714671681194,-0.4120366811278116
Adiyaman,2023,3,2023-03-01,-0.6591074267385091,4.646841971514241,1.1805453120947664,0.19694598761477022,-0.5882512403349689,-0.01425056823298216
Adiyaman,2023,4,2023-04-01,-0.39219100932188533,1.1653435671755807,1.0246068681718652,-0.7312048347914553,0.20416467875145947,1.062583388714963
Adiyaman,2023,5,2023-05-01,0.15152659738000063,-0.07140949318518804,0.3298436171836728,-0.19446458550671883,0.825359390554913,3.709279588310447
Adiyaman,2023,6,2023-06-01,0.7854915450469009,-0.5882621060998751,-0.11045635134506665,0.18256499101156703,1.2277868533795362,2.4351243708896226
Adiyaman,2023,7,2023-07-01,1.2733829614312457,-1.1113592086454451,-1.1007508841074822,2.7820304381835816,1.4501482549375355,-0.43045016359312627
Adiyaman,2023,8,2023-08-01,1.5947716527292382,-0.9112849406049464,-1.497642496438942,0.7196025513226035,0.9483619942529166,-0.5887097642693354
Adiyaman,2023,9,2023-09-01,1.0140259711123396,-1.085285337119248,-1.2174413323618838,0.34432804004355066,0.3839642967873658,-0.5890954964401983
Adiyaman,2023,10,2023-10-01,0.3109281771563718,-0.7707287591792279,-0.4225237957691622,-0.9121720537023947,-0.5025886741491964,-0.5894812286110612
Adiyaman,2023,11,2023-11-01,-0.41000027246807047,2.551292967653677,0.6280927902681238,-0.44311184575405654,-1.104905216996026,-0.5524590963569627
Adiyaman,2023,12,2023-12-01,-0.886092897628981,2.2182067638764043,1.2949966900309735,-0.8774005081209579,-1.3687773550910143,-0.5135348693015949
Adiyaman,2024,1,2024-01-01,-1.1831674350620809,1.6130392261820863,1.4171947704613472,-0.7937571727387449,-1.471866119027048,-0.5690813507092654
Adiyaman,2024,2,2024-02-01,-1.0004626894350028,0.6379600170202236,1.188002688250321,-1.5012546928470378,-0.9400780078593101,-0.4648518688103206
Adiyaman,2024,3,2024-03-01,-0.7940653675994015,0.7699396124191887,0.9593318587853511,-0.8656715330249715,-0.31201451869494645,0.0838337649852013
Adiyaman,2024,4,2024-04-01,0.1352496475788101,0.4130648767147422,0.5181941584689825,-0.8709331191991426,0.488738368485795,2.790762966620878
Adiyaman,2024,5,2024-05-01,0.17639548062776003,0.1819720035752245,0.46758810102097637,-0.5961909945346776,0.6142378670209946,3.0928103078518228
Adiyaman,2024,6,2024-06-01,1.2178915060874662,-0.9099683686788771,-0.9815790853413103,1.0704091483653773,1.508325750477696,1.1180501719634972
Adiyaman,2024,7,2024-07-01,1.431647186466988,-1.0004115467989827,-1.0662534651446856,2.5072041066613684,1.284396927701704,-0.5904166917471353
Adiyaman,2024,8,2024-08-01,1.4706539653770756,-0.9008438261507913,-1.3041280456106978,1.480752516252167,0.9191881148068395,-0.5933385503196905
Adiyaman,2024,9,2024-09-01,0.9750600364246371,-0.6088863535415857,-0.6690624577120893,-0.6425237706045592,0.20844005667260856,-0.5899200928880151
Adiyaman,2024,10,2024-10-01,0.13170586780149893,-0.9877654812786676,-0.6311037132490126,0.487408832129971,-0.23624087275001054,-0.5941100146614164
Adiyaman,2024,11,2024-11-01,-0.676524541150452,0.2013170016340612,0.2588412080439001,-0.3739603565682158,-1.070883378679846,-0.5906915572297409
Adiyaman,2024,12,2024-12-01,-1.167260430567497,0.498329537277791,1.0728036310021527,-1.2459981358531687,-1.4068639952691755,-0.5885411629989115
Adiyaman,2025,1,2025-01-01,-1.1482278224744213,-1.024777976156327,0.6250063007692108,-1.0551073898355685,-0.9986998269257271,-0.5591274099498897
Adiyaman,2025,2,2025-02-01,-1.5605362143631418,0.8223547711918336,0.9537250519902566,0.6757903966334015,-0.8878292811445151,-0.5658534581249834
Adiyaman,2025,3,2025-03-01,-0.5471051177129088,0.904973162841914,0.4491684977590922,-0.4840987910771961,-0.20516269268230342,0.25863592185457707
Adiyaman,2025,4,2025-04-01,-0.318244458575955,0.21208541366614442,0.5635849056299189,-0.0492342234832828,0.19019680940938383,1.5523086861472146
Adiyaman,2025,5,2025-05-01,0.46430779932501043,-0.4543375937406447,-0.247262186099532,-0.4212520071095337,0.9600790058068208,1.3693218530545055
Adiyaman,2025,6,2025-06-01,0.950710353730533,-1.1171923213583579,-1.1139969101046108,2.9098167187563746,1.5168231397258967,-0.4494665091297428
Adiyaman,2025,7,2025-07-01,1.5149999065457969,-1.1163470082079356,-1.473017753512392,2.264383546899455,1.2201661893760944,-0.5975816041991827
Adiyaman,2025,8,2025-08-01,1.488162182662117,-1.1386955136865076,-1.4443889090389568,1.460849349276896,1.0295626033945446,-0.5979673363700456
Adiyaman,2025,9,2025-09-01,0.8689191028077852,-1.1301189276597543,-1.178162890233614,1.3773327153075146,0.44218413047947347,-0.5983530685409085
Adiyaman,2025,10,2025-10-01,0.17280167373979524,-0.7189214387655924,-0.3444253805546179,-0.48649093520929293,-0.321140727630502,-0.5987388007117714
Adiyaman,2025,11,2025-11-01,-0.33301131312421656,-0.20513590593549588,-0.2084948043152087,-1.5766545999296393,-1.0204153747270812,-0.588345995675442
Adiyaman,2025,12,2025-12-01,-1.1073280112791544,0.6815348648530423,0.8815526009034974,-0.3416644551538472,-1.3863386232044381,-0.5861956014446127
Batman,1990,1,1990-01-01,-1.4151024561705574,0.292962200473367,0.91775714028287525,-0.6976947017444471,-1.1852437470652037,-0.5194355700308514
Batman,1990,2,1990-02-01,-1.1693799787264316,1.1601542353954208,1.0321563036914796,1.8406527804800101,-0.9529601638310548,-0.38835948786350094
Batman,1990,3,1990-03-01,-0.5882910222495391,-0.5964363611352176,0.3802515996008243,0.79370921089288,0.001586071524616605,0.6380583079682464
Batman,1990,4,1990-04-01,-0.24025329448487243,0.8876951540277331,0.7132586558919357,-0.2674603438410307,0.04341423185111535,1.4512796379647157
Batman,1990,5,1990-05-01,0.4616312379557916,-0.9160484800083102,-0.3708321228202923,-0.7407367774489375,0.8292134805689986,0.4613011140667193
Batman,1990,6,1990-06-01,1.0633095071367784,-0.5828460792443468,-1.0870708571435168,1.3008895800239446,1.361418852236698,-0.5641406184340138
Batman,1990,7,1990-07-01,1.594221283657651,-1.0070547730698496,-1.4901179322770182,0.42432646386946454,1.3715308204240968,-0.5757517991153229
Batman,1990,8,1990-08-01,1.377646231552698,-1.015773612855564,-1.5567171616549393,-0.28530700006869236,1.0348900160623806,-0.5756809816686717
Batman,1990,9,1990-09-01,0.9207476294992668,-0.9983237511984867,-1.4352135932049015,-0.2022845687199533,0.43437908490731825,-0.5756101642220204
Batman,1990,10,1990-10-01,0.30912197673285285,-0.9045896560902541,-0.729823240023417,-0.1208618465443447,-0.4786361054889283,-0.5755393467753691
Batman,1990,11,1990-11-01,-0.29513937975184434,-0.3595688983648298,0.16213358372186204,-1.4035911217570345,-0.9607963501423974,-0.5679586733893147
Batman,1990,12,1990-12-01,-0.9128140197965358,-0.1868349498443974,0.681887087794472,-1.0026264922483126,-1.3196274666213965,-0.5662189990672406
Batman,1991,1,1991-01-01,-1.2109197912034562,0.36411079688694203,0.7727131482321331,-0.8100239825400333,-1.2234702774684927,-0.5594727541188977
Batman,1991,2,1991-02-01,-1.2835242631873036,0.487963586108576,0.9294868855716468,0.8440842542357176,-0.8370807996668784,-0.44550245492463214
Batman,1991,3,1991-03-01,-0.6044533468772746,2.0004856735915357,0.8462693871354663,-0.8423430573109189,-0.6123478496053394,0.4615920743143762
Batman,1991,4,1991-04-01,-0.09068975783114645,-0.2829351953817088,0.4905766655086741,-0.686293902208704,0.2430930575067303,1.9244159430692165
Batman,1991,5,1991-05-01,0.23492727822146892,0.10161711010018466,0.03821896276299095,0.7138490768382522,0.7035286035479547,1.260281724097546
Batman,1991,6,1991-06-01,1.1109048401212356,-0.9047217535564661,-0.9694159288495194,0.20513908504547165,1.1791015515760814,-0.49820539093270483
Batman,1991,7,1991-07-01,1.5343894708549835,-0.9946623176315982,-1.421489841431635,0.362388022027536,1.2099384205793793,-0.5749019897555079
Batman,1991,8,1991-08-01,1.5011893912622192,-1.0115280173004455,-1.4092903498411244,0.9125255319308134,0.9152674480894892,-0.5748311723088567
Batman,1991,9,1991-09-01,0.9108647785405987,-1.0024718900684149,-1.3168794465414837,0.45748578289661207,0.4994393215526367,-0.5747603548622053
Batman,1991,10,1991-10-01,0.3135497696823197,-0.14861108040967125,-0.08830418993862732,-1.9368813967254908,-0.6019893251837596,-0.573437894758987
Batman,1991,11,1991-11-01,-0.4690097124134411,0.20483503279116846,0.48162957079518354,-0.7537389670138882,-0.9885629244677313,-0.48491766291492094
Batman,1991,12,1991-12-01,-1.2510733926730147,1.8161069370393785,1.43175242293675,0.38957070428672874,-1.3758713490908732,-0.5324092664178229
Batman,1992,1,1992-01-01,-1.66451455403104,0.44291250409982424,1.1920620607066235,1.4220205298892994,-1.2712777997940368,-0.5310868063146045
Batman,1992,2,1992-02-01,-1.6778811472329178,1.9638283260078306,1.7451370739345664,1.8870976416901801,-1.0418258279961705,-0.5435324154336252
Batman,1992,3,1992-03-01,-1.0789762739885524,-0.5084515675289546,0.9387796722604576,0.4922646089913725,-0.1317594280415475,0.11740572468050242
Batman,1992,4,1992-04-01,-0.29231474947964503,-0.389042520061757,0.35462439215397684,-0.648890404399137,0.32239053509846854,1.9845101715065452
Batman,1992,5,1992-05-01,0.19860507727933835,0.35347787119416707,0.3013633004637143,-0.5310742985347777,0.49907610267049324,2.1005665417950894
Batman,1992,6,1992-06-01,0.7733963406867514,-0.3472303095740355,-0.3184128619013987,-0.2384899655057464,1.0454975183998283,-0.21323269853213778
Batman,1992,7,1992-07-01,1.2448088237132637,-1.000291703753005,-1.2893845684118808,1.8361703863923085,1.4310769723900636,-0.5690456097694242
Batman,1992,8,1992-08-01,1.3574605322121447,-1.0119730380416767,-1.3491916140956015,2.019174641061798,0.9218087383494816,-0.5739813629490417
Batman,1992,9,1992-09-01,0.8274670127596453,-0.9399639026217989,-1.33083116325559,0.3510754260416131,0.33670370305524966,-0.5739105455023904
Batman,1992,10,1992-10-01,0.31846926693213773,-0.9615202185869953,-0.9497514096062394,0.2279753304322965,-0.2922054012074302,-0.5738397280557391
Batman,1992,11,1992-11-01,-0.7096944644210802,0.8650262862094591,0.4812783933354175,0.8160259477388034,-1.1129675096478364,-0.572100053733665
Batman,1992,12,1992-12-01,-1.3604136822172839,-0.14896568824649883,1.2606195594154253,-0.30825213387516226,-1.3610208799956502,-0.5419898125294011
Batman,1993,1,1993-01-01,-1.4521573050706011,0.2958240054621971,1.195569699129038,0.10271067796563206,-1.1746921429726713,-0.5210582841399634
Batman,1993,2,1993-02-01,-1.3477482289280522,0.9181164948064297,1.3236795493397104,0.07566740495584451,-1.0022594779886393,-0.4246109821376385
Batman,1993,3,1993-03-01,-0.8341050781673971,0.1897583653439571,0.6252144036678917,-0.1167743700616951,-0.15315563192653825,0.48790733194649427
Batman,1993,4,1993-04-01,-0.24932402239118392,0.4832139648599076,0.6152871309427715,-0.31146145116866714,-0.13836339157888766,1.1951562503536077
Batman,1993,5,1993-05-01,0.13499328766772148,1.3679340922577916,0.7699320694318927,-1.3320783783636818,0.18783369625249655,2.664238332391284
Batman,1993,6,1993-06-01,0.816133020553364,-0.804393232854547,-0.4048953973500027,0.8576810485412216,1.3914913740894128,0.6737801116772477
Batman,1993,7,1993-07-01,1.4779713108823083,-1.0091304589192822,-1.4653376913290899,1.0351663065634045,1.4132842389183105,-0.5727851568170222
Batman,1993,8,1993-08-01,1.4125953311353188,-0.9694618884900238,-1.3775477683031225,0.6542730777038698,0.9267390653659091,-0.5731315535892267
Batman,1993,9,1993-09-01,1.0193611677538057,-1.0154587841046199,-1.516350205712012,-0.3256312510349355,0.4466660073008135,-0.5730607361425754
Batman,1993,10,1993-10-01,0.38488253324461463,-0.5356129054442602,-1.119757459242812,-1.1345266691659344,-0.3976260563752084,-0.5729899186959242
Batman,1993,11,1993-11-01,-0.799094095818194,0.8463125493666569,0.7995129748655306,-1.6261197728062002,-1.1927328685990155,-0.5132574679529035
Batman,1993,12,1993-12-01,-0.9078281510165603,-0.8167125957789055,1.039625181493818,-2.3354332949097314,-1.3272203959037545,-0.5085972940988394
Batman,1994,1,1994-01-01,-0.9795655551493422,2.0639882029865912,1.08470572824911,-0.24957497879975304,-1.209951109506235,-0.4643017694534806
Batman,1994,2,1994-02-01,-1.091165031792061,0.16075412855955842,1.1330063021820094,-0.10530653910824307,-0.8978324878604851,-0.35575525510433964
Batman,1994,3,1994-03-01,-0.6029094081997568,0.40335357244140513,0.8279802973773127,-0.4618613355479846,-0.41907909867687654,0.4215856520705366
Batman,1994,4,1994-04-01,0.10338202403280423,0.060119728363407135,0.31161643593913824,-0.4674627923907569,0.42254709205879687,2.331245949219864
Batman,1994,5,1994-05-01,0.4714136779104974,-0.14659249403663294,-0.07732042532641102,-1.6747657800902735,0.7050503347226095,0.9962312663281793
Batman,1994,6,1994-06-01,1.0889094598034035,-0.9349411371839946,-1.190940509569378,1.7530085759014697,1.4760456791075212,-0.5382118131765443
Batman,1994,7,1994-07-01,1.543862141375663,-0.9957505053133782,-1.3985563232392728,-0.06818280698744499,1.39646656214661,-0.572352561676063
Batman,1994,8,1994-08-01,1.405375878470219,-1.0091599613954416,-1.4590050268295884,-0.07234452557439885,1.0604616643284057,-0.5722817442294117
Batman,1994,9,1994-09-01,1.0694652170540127,-0.9267820952152128,-1.1959809378780073,-0.40228701726968114,0.2823533405755145,-0.5722109267827604
Batman,1994,10,1994-10-01,0.36521681547687807,-0.07711815276899252,-0.20576855174781455,-1.6667796079086639,-0.48948070528138643,-0.5550343263630243
Batman,1994,11,1994-11-01,-0.5822080453747298,1.2260543231716374,1.1007509252942036,0.3106184262629671,-1.2928246269321588,-0.5011428746839839
Batman,1994,12,1994-12-01,-1.5728864945138896,1.2822634879090753,1.6684206247966145,-0.4849194202723764,-1.4262819856364075,-0.5340319805269352
Batman,1995,1,1995-01-01,-1.1579595673741692,0.7909049186832027,1.5352924256397846,-0.5778649979681537,-1.3305063404096111,-0.4759683866593375
Batman,1995,2,1995-02-01,-0.9372327902340547,0.19092155101555483,1.109521270497115,-0.583826389374881,-0.7521487896271583,-0.26603881712825417
Batman,1995,3,1995-03-01,-0.5913826344139709,0.15084964440687393,0.7836452962762922,-0.7589570258403151,-0.29196992776691044,0.5388382284911004
Batman,1995,4,1995-04-01,-0.2640722916770211,0.7780796245893689,0.7290654150023941,0.24437809281125347,0.05221059711500771,1.573600308699962
Batman,1995,5,1995-05-01,0.4981218219696235,-0.7002833632051761,0.02118388365774798,-0.5657171071995917,0.835381432119706,1.8899195040392562
Batman,1995,6,1995-06-01,1.004654284648713,-0.4621276610777657,-0.6265701284541906,0.22333696771094683,1.141674645139147,-0.3633836745538899
Batman,1995,7,1995-07-01,1.3824011959941769,-0.9964424005965222,-1.35692481504941,0.9232872416780363,1.3933844667147794,-0.571502752316248
Batman,1995,8,1995-08-01,1.433251820242679,-0.9942987605380589,-1.5088958463901507,0.11287209983256188,1.0176142130422592,-0.5714319348695968
Batman,1995,9,1995-09-01,0.900263002093874,-0.777374269015177,-1.1748235336394721,0.6095793233532325,0.3880225690895426,-0.5709439032040897
Batman,1995,10,1995-10-01,0.14733280163010304,-0.7567150383132295,-0.6111691519476803,0.2245268506435559,-0.4547899520285729,-0.5712902999762942
Batman,1995,11,1995-11-01,-0.669067204553363,-0.07665390616132574,0.45565979659542644,1.0274184099016879,-0.9707493360325585,-0.5653784834656628
Batman,1995,12,1995-12-01,-1.1242653292347469,-0.9738742222923754,0.5869003933597694,-2.905629037897413,-1.148547751453109,-0.5673937371132902
Batman,1996,1,1996-01-01,-1.2136118936238525,2.136913649536153,1.2841088257225262,-0.39264837256119306,-1.4344008198729592,-0.5306080684073345
Batman,1996,2,1996-02-01,-1.0086098518001927,0.22405146797450884,0.878560957704953,0.4633094013366964,-0.7849625440945962,-0.2810431480849569
Batman,1996,3,1996-03-01,-0.7914730988917903,3.0654992145758184,1.3171780157390007,-0.16821412504439606,-0.7897873140514803,0.046958045382298134
Batman,1996,4,1996-04-01,-0.3550279623079547,0.5586568851711965,0.9172135069226295,-0.23644419601528566,0.09216948279940979,1.729236593255253
Batman,1996,5,1996-05-01,0.5380137875819138,-0.7886157208674798,0.0622206845195471,-0.5388716899326967,0.9154759125793133,3.0819159082321805
Batman,1996,6,1996-06-01,0.9274171639975753,-0.9894029542616047,-0.9147643477546099,1.745990447314902,1.4980069281005934,-0.41176514301905104
Batman,1996,7,1996-07-01,1.611507122685325,-0.9610906127603502,-1.5443651795139535,0.8493509810376172,1.1406454622999345,-0.570652942956433
Batman,1996,8,1996-08-01,1.4153377990449425,-0.9431470020194467,-1.4964988984324685,0.9747657054743548,1.0748160579354156,-0.5705821255097817
Batman,1996,9,1996-09-01,0.7777102082455868,-0.6711694876499382,-0.8756879257828135,1.6313638608495664,0.2779428386462966,-0.5705113080631304
Batman,1996,10,1996-10-01,0.11030377575621778,-0.40585758591208404,-0.2504928124445208,0.054608039615217756,-0.5454151816172933,-0.5704404906164793
Batman,1996,11,1996-11-01,-0.42144144026628255,-0.8940067860930861,0.07486547293074099,-2.4437402362604637,-0.9212405471902511,-0.570369673169828
Batman,1996,12,1996-12-01,-0.8612625373381446,1.5354073500552188,1.453390965573895,0.44221262279147716,-1.5900662117520377,-0.5264913627433251
Batman,1997,1,1997-01-01,-1.1324167667820701,-0.5295295493249107,0.7655416810692877,-0.6705475527759391,-1.0957891325907292,-0.4625867698117471
Batman,1997,2,1997-02-01,-1.3158061688302916,-0.04203055986524433,0.8917589758167805,0.7651146831615946,-0.8819377547392486,-0.4641848092405188
Batman,1997,3,1997-03-01,-1.0014283808954036,0.08478472385934699,0.5881001271440792,0.5425069637364218,-0.38432065216130046,-0.07026376919405848
Batman,1997,4,1997-04-01,-0.3711984820073629,-0.10711502602590572,0.5672265878709241,0.507630829025334,0.23266519301314031,0.9077571772504238
Batman,1997,5,1997-05-01,0.49652869148609624,-0.680929692250762,-0.15997875825103175,-0.8935569104577757,0.8006014467979817,0.09843241011695893
Batman,1997,6,1997-06-01,1.0538306475603962,-0.8476482388608759,-1.033881708667253,1.2502908631782372,1.224089409535477,-0.5661190230735677
Batman,1997,7,1997-07-01,1.3224181798439565,-0.9686949952170618,-1.415108241591767,1.3489104589650136,1.4025244266649879,-0.5698031335966179
Batman,1997,8,1997-08-01,1.2658928775032865,-1.0139512672059183,-1.4617378249010253,-0.5797013948997143,1.0755070079950932,-0.5697323161499667
Batman,1997,9,1997-09-01,0.6990440719715539,-0.6222396000085443,-1.1136361576120877,0.8802707072223807,0.39482663233658166,-0.5692442844844597
Batman,1997,10,1997-10-01,0.17594875409939686,0.44368644115357314,0.3067499491765142,-0.787188624128551,-0.6121727189395102,-0.5299553304653698
Batman,1997,11,1997-11-01,-0.5000123088321226,0.03330272167520509,0.5347332563508722,-1.63767648076098,-0.9902294099173711,-0.3951243203283179
Batman,1997,12,1997-12-01,-1.0938976801954523,0.9130853582348267,1.1525180033776352,-0.6899312558757481,-1.4936501300089424,-0.5001914860333105
Batman,1998,1,1998-01-01,-1.4638844740099493,0.5587421597707379,1.2693546843216579,-0.6293047529508545,-1.3884630679381607,-0.5218158079671572
Batman,1998,2,1998-02-01,-1.3999411252103573,0.014058689491630284,0.9598991160067126,3.0867143430510837,-0.7447494651146089,-0.37488558548328904
Batman,1998,3,1998-03-01,-0.7986900973105833,1.1239283991142839,0.8322138303467662,1.4499922808124743,-0.3496722926780546,0.1859211421054633
Batman,1998,4,1998-04-01,-0.11865055279697596,0.958691099755649,0.5704979083813981,-1.3716572189531813,0.26951378913693946,2.1156077217598654
Batman,1998,5,1998-05-01,0.3387862598760153,0.8776380191893893,0.4626974596498472,-1.3538229364095706,0.8981621603193998,3.2150380058913655
Batman,1998,6,1998-06-01,1.0872310920240926,-0.7560090554685115,-0.6081689061093868,-0.879431655854092,1.3781214503721106,0.6008445279880127
Batman,1998,7,1998-07-01,1.5397539348454496,-0.8427402504987729,-1.3465897020962903,-0.33993221195214035,1.4244122615084152,-0.568953324236803
Batman,1998,8,1998-08-01,1.5114708982561966,-1.0143962879471493,-1.492598009963551,0.6109324458206989,1.0297343866087896,-0.5688825067901517
Batman,1998,9,1998-09-01,0.9083722175650376,-0.8661029190761163,-1.1894290896752953,-0.5105461447402866,0.5384764390061344,-0.5688116893435005
Batman,1998,10,1998-10-01,0.3255215102087547,-0.9992465279860451,-1.1568853907340602,1.0777226330669905,-0.20306019286652563,-0.5687408718968492
Batman,1998,11,1998-11-01,-0.19910013976240964,-0.438919548662007,-0.013601598437424936,-0.695237518251995,-0.998501915869916,-0.5686700544501979
Batman,1998,12,1998-12-01,-0.8930032877369486,1.2730771686867575,0.8195464956587826,-0.9486339260129117,-1.290444142725311,-0.49934167667349555
Batman,1999,1,1999-01-01,-1.0835487434420654,-0.4171041760692484,0.7306770418641622,-0.8784091680492266,-1.0952551078627244,-0.4638076506241073
Batman,1999,2,1999-02-01,-1.044007318101639,0.8339777715277124,0.8342540969212928,2.0476392587778585,-0.791362391576269,-0.32438728407964224
Batman,1999,3,1999-03-01,-0.6880849070040506,1.822385206529109,0.5535484917958294,0.260258871912497,-0.29938063222440103,0.20554559131378614
Batman,1999,4,1999-04-01,-0.1700383686250726,0.8478931587792512,0.5476840091329548,-1.0986965453999311,0.5320555094328974,2.2332775123992854
Batman,1999,5,1999-05-01,0.48909657243589943,-0.7040384425054051,-0.24617602998375487,0.1895467769864442,1.2260906176706197,1.6625992784512977
Batman,1999,6,1999-06-01,1.1116763719176446,-0.888285081591351,-1.0670248266595623,-0.3957092987407036,1.4395019078189712,-0.5043405568387126
Batman,1999,7,1999-07-01,1.4924605817017351,-0.9535381914751706,-1.4089067747748139,-0.2674950832509825,1.345784468707298,-0.568103514876988
Batman,1999,8,1999-08-01,1.4692789772286248,-0.974353883814628,-1.4656933332396849,0.09307688963615404,0.9104933625620056,-0.5680326974303368
Batman,1999,9,1999-09-01,0.848569087513224,-0.8327261275752492,-1.1555605988090418,-0.321890144611091,0.48744840331911243,-0.5679618799836854
Batman,1999,10,1999-10-01,0.2515839302897642,-0.6557953118422936,-0.6795838141590532,0.04636043230708065,-0.34426118954927465,-0.5678910625370343
Batman,1999,11,1999-11-01,-0.5935152168908613,-0.8128857513177956,-0.10951233172821664,-0.6826295126259727,-0.8775440809241941,-0.567820245090383
Batman,1999,12,1999-12-01,-0.9291410995664479,0.3666025791243593,0.4915204488785642,-0.8809959248311486,-1.3055660687143118,-0.547305930919801
Batman,2000,1,2000-01-01,-1.497008142753491,1.3288413126829646,1.1351426209442184,2.8437644391525456,-1.394288108645281,-0.5380564006583236
Batman,2000,2,2000-02-01,-1.323092621728968,0.6031988031815363,0.9865293654612016,-0.1704431570307116,-0.7917563461121732,-0.38778846442360954
Batman,2000,3,2000-03-01,-0.9377760427797873,0.4384552529067272,0.6378580758706799,-0.6775203422191908,-0.08044655643122665,0.3933073707209682
Batman,2000,4,2000-04-01,-0.06728303259685332,0.24013676493173347,0.4795727133905693,-1.1654341147612564,0.32687100946757075,1.624577348010879
Batman,2000,5,2000-05-01,0.4090741518000646,-0.7800270730720524,-0.2747669370839323,-1.0025861956732303,1.1374578952515717,0.893688854022291
Batman,2000,6,2000-06-01,1.064289799833655,-1.0259923476362793,-1.2826882272254838,2.031979645562671,1.567468845999853,-0.5339473854553658
Batman,2000,7,2000-07-01,1.672580467470405,-1.0268112020807734,-1.7324255660160235,0.12408402549000447,1.4861204957223244,-0.567253705517173
Batman,2000,8,2000-08-01,1.3404241732641708,-0.8624709879853873,-1.3995223226707754,0.29269089760130595,1.035228482376192,-0.5671828880705218
Batman,2000,9,2000-09-01,0.8416395355085398,-0.9546334229377376,-1.1778408264815128,0.6453443100814403,0.4847831799546961,-0.5671120706238705
Batman,2000,10,2000-10-01,0.11824232458460687,-0.17631622310441022,-0.5065845872385017,-1.0185956610886013,-0.46184885658292607,-0.562869110988662
Batman,2000,11,2000-11-01,-0.5473806554320305,-0.5536187539664195,0.12962565349633776,-1.9296325099240728,-0.9163937997401251,-0.5540367949460403
Batman,2000,12,2000-12-01,-1.18224343392587,1.8829547438973662,1.0713151383874864,-0.767766212215126,-1.4314205208136257,-0.5397806940582943
Batman,2001,1,2001-01-01,-1.1837900491835325,-0.5115596689367846,0.9500654355990857,-0.4935785346771156,-1.1292720053322332,-0.4358235361165662
Batman,2001,2,2001-02-01,-1.0992829241085427,1.1083528442783848,1.0062799766918094,0.9790198434186277,-0.973625759033733,-0.34605166161593315
Batman,2001,3,2001-03-01,-0.397974461304287,1.5694362577533467,0.7817009935232694,-0.9578190861936362,-0.2598019457247273,0.765060620643527
Batman,2001,4,2001-04-01,-0.13731156332805197,0.728009588094663,0.5980200631155568,-0.7585777834168577,0.3429113303619883,2.264599340657672
Batman,2001,5,2001-05-01,0.12806759839571746,1.6455640295669927,0.532738058301987,0.10166334969805532,0.8180758850766149,3.3535992693177787
Batman,2001,6,2001-06-01,0.9135060084575013,-0.927193802528434,-0.6420351544780496,0.6882742287487422,1.7814287194971066,0.4181508428955136
Batman,2001,7,2001-07-01,1.494708891064701,-1.0005937722953868,-1.401891497929984,-0.4993523361212509,1.4650210482243062,-0.5659866819385023
Batman,2001,8,2001-08-01,1.4172246929215655,-1.0021532503656205,-1.4486619329748358,0.0915777576968928,1.101841744113334,-0.5663330787107068
Batman,2001,9,2001-09-01,0.9513176583321187,-0.7970787368545685,-1.3780762669420359,-0.733074795789454,0.4543881919161771,-0.5662622612640555
Batman,2001,10,2001-10-01,0.15656698273952765,-0.08665203604735085,-0.3798942809426953,-0.5238353106805996,-0.36780682593561054,-0.560350444753424
Batman,2001,11,2001-11-01,-0.7456077654883109,-0.12005833002437731,0.32314280490817926,0.44350635157549917,-0.9950639863108101,-0.5498492718353796
Batman,2001,12,2001-12-01,-1.1603601383139392,3.4111568866822024,1.5210880257502848,-0.5633530767305807,-1.598820867089091,-0.5013816050014636
Batman,2002,1,2002-01-01,-1.5231864882545731,0.3888405137629761,1.2596125950816164,2.002417991318995,-1.1789024597491797,-0.5004763591171009
Batman,2002,2,2002-02-01,-1.042523744907423,0.32111865846002513,0.7724625014765588,1.4276742901581447,-0.6067328852603828,-0.2705205070809425
Batman,2002,3,2002-03-01,-0.6558094495545888,1.361616621805091,0.8515967499889987,0.30960079483711,-0.3815865959455611,0.3975102747537326
Batman,2002,4,2002-04-01,-0.3837758896327347,1.5669380098580556,1.0569337064453121,-1.3584184347244164,-0.1446524161898558,1.4485437094979676
Batman,2002,5,2002-05-01,0.2603077779176985,-0.2854399089348733,0.17007813475848377,-1.4480046231566173,1.115608009647936,3.875966852247256
Batman,2002,6,2002-06-01,0.8873641353005564,-0.9540543992543695,-0.606953773666404,0.6959231359380542,1.5817638883294682,0.07062677951079391
Batman,2002,7,2002-07-01,1.4064196918792133,-0.87636714937049,-1.3333886086273508,-0.347729603350061,1.441038824395698,-0.565554086797543
Batman,2002,8,2002-08-01,1.265290518359382,-1.0196326144988572,-1.3358220473457747,0.45916122884090044,1.1497169597016403,-0.5654832693508918
Batman,2002,9,2002-09-01,0.9056141490928725,-0.8765236110079995,-1.2337701035812707,-1.149428804938773,0.5135783046020501,-0.5654124519042405
Batman,2002,10,2002-10-01,0.3258386423817011,-0.4645682313737493,-0.4753741122571881,-1.288845934114037,-0.5554290002947738,-0.5645072060198778
Batman,2002,11,2002-11-01,-0.42907169227494163,0.07995877726784893,-0.012758418911029095,-1.4655362870232727,-0.9046833642284744,-0.5243838235630764
Batman,2002,12,2002-12-01,-1.580672666311508,1.6507432566423066,1.198711698586671,-0.567701988339759,-1.5096117261724706,-0.5485114308100575
Batman,2003,1,2003-01-01,-1.3439578165302901,0.8268446794594547,1.4838036027941717,-0.017564478436480242,-1.3388415025807645,-0.4821035525653452
Batman,2003,2,2003-02-01,-1.4151837603863675,3.8055546713644612,1.6567043049237422,0.6941150917178922,-1.2665171822407906,-0.4866220915261071
Batman,2003,3,2003-03-01,-1.081561456374792,2.1914106855176985,1.3311989049120418,0.2908545006697454,-0.43677063417585055,-0.1252437605503937
Batman,2003,4,2003-04-01,-0.31109339349078063,1.3090028419014357,0.9642411744762966,-0.6242616065572139,-0.005470912832717095,1.5265781493460928
Batman,2003,5,2003-05-01,0.4086205417574065,-0.6539748716685729,0.139797006831178,-0.9124516888337507,1.1188425858816633,4.2635742424863325
Batman,2003,6,2003-06-01,0.9008536287519106,-0.4447034909449981,-0.5356797568842324,0.3961079400514002,1.5212297563797603,0.5642065813392261
Batman,2003,7,2003-07-01,1.391793943190075,-0.9713651196644478,-1.3892265014685494,0.04144994163122853,1.4729315888570564,-0.5638698490000166
Batman,2003,8,2003-08-01,1.459884949469637,-1.0205713843239146,-1.4894736454605972,0.1380699009515903,1.1055553015589012,-0.5646334599910767
Batman,2003,9,2003-09-01,0.833426216975965,-0.8868436134257555,-1.2241108960250606,0.097994711427825107,0.5627366382825992,-0.5645626425444256
Batman,2003,10,2003-10-01,0.33048155596257167,0.03614206796866271,-0.37497612993893203,1.312731397308784,-0.4140331290405599,-0.560319682909217
Batman,2003,11,2003-11-01,-0.6340628096129268,0.7418781524795313,0.5480379798317339,-0.6892271221440438,-1.0404777421657152,-0.46220352403146925
Batman,2003,12,2003-12-01,-1.1952355036274818,1.531057832157036,1.2100131330452881,-0.26490673870759573,-1.4736491598326322,-0.48966884502929614
Batman,2004,1,2004-01-01,-1.2950922474365922,2.010903710817396,1.5627451707236057,0.17245127448987868,-1.4716061391195814,-0.4900152418015006
Batman,2004,2,2004-02-01,-1.3312732843502353,1.8357914297822358,1.5842209093758999,1.458179192107465,-1.20341649491588,-0.4494746451258435
Batman,2004,3,2004-03-01,-0.5865356977500136,-0.5115699455465085,0.714661553056741,0.6368418979764728,0.03991756058773137,0.7117033433963041
Batman,2004,4,2004-04-01,-0.2983660417049708,0.8854148563211091,0.4096963231675875,0.1421293614485959,0.4690523734316173,1.8849805442652683
Batman,2004,5,2004-05-01,0.2225743813583653,1.141839274550091,0.36328375586576295,-1.1879513052887996,0.7975104623066015,3.4846506768047885
Batman,2004,6,2004-06-01,0.9017360288190539,-0.8821164508724597,-0.5690700564565023,0.36160451052868414,1.6790291902052934,0.4978849014632686
Batman,2004,7,2004-07-01,1.3703150658147931,-1.0229131705816954,-1.4060328133573605,1.8943633800282824,1.5278441701935677,-0.5634372538590573
Batman,2004,8,2004-08-01,1.3705201471271315,-1.0313851358254964,-1.5286284327303266,-0.33179438003899425,1.1836148810792686,-0.5637836506312617
Batman,2004,9,2004-09-01,0.9789885098855843,-1.0302289939346858,-1.5273126069164749,-0.3654707328702324,0.5965625586362356,-0.5637128331846105
Batman,2004,10,2004-10-01,0.33546251624993334,-0.7076421984729866,-0.8129447814467038,-0.6448624146945446,-0.41677607431585,-0.5636420157379592
Batman,2004,11,2004-11-01,-0.7366728965461404,2.9598477653696387,0.9871572592526764,0.6325828707731916,-1.220079015322707,-0.5139227062474763
Batman,2004,12,2004-12-01,-1.5315587908213282,-0.6431175301292574,1.0158431856579193,1.5040219681000297,-1.1933289057057166,-0.4792231086357993
Batman,2005,1,2005-01-01,-1.4360860013159638,1.0802354161475107,1.2594464286365592,0.8927706183094879,-1.298669303307146,-0.4933375746302429
Batman,2005,2,2005-02-01,-1.2550522733325404,0.4987676391233476,1.1677571454527658,-0.268237928568999,-0.9316870875882545,-0.34432128105209603
Batman,2005,3,2005-03-01,-0.8385009659148741,1.0445290204745115,1.0448043663216864,1.3091699666021215,-0.2923097617661785,0.34832513969506707
Batman,2005,4,2005-04-01,-0.14299117485147045,0.05028700937160377,0.5357929654815199,-0.32133608284946164,0.19552911692347877,1.8315925051738386
Batman,2005,5,2005-05-01,0.38112074094913034,-0.36651544819650544,0.004113825326423015,-1.1155141765876417,0.9963074975552124,1.807882112145713
Batman,2005,6,2005-06-01,0.8635269126243259,-0.4576903849812033,-0.7033566276195264,0.8478064168604288,1.457855173484757,-0.20051631997912
Batman,2005,7,2005-07-01,1.5398633091259146,-1.0287894312450154,-1.470102707634387,0.5750535281046157,1.5069142977738192,-0.563004658718098
Batman,2005,8,2005-08-01,1.4686483408122553,-0.9370303324720877,-1.379605301246446,0.4389158027342745,1.034486249487396,-0.5629338412714467
Batman,2005,9,2005-09-01,0.8458610004278712,-0.9543897812247614,-1.2144632567439069,0.3612474476419054,0.4843800972224407,-0.5628630238247955
Batman,2005,10,2005-10-01,0.10417956021859107,-0.30815046131495566,-0.4948839170571571,0.7353369630420112,-0.25600625036928765,-0.5623749921592885
Batman,2005,11,2005-11-01,-0.6292811987191941,0.07763621687650334,0.30393287067074537,-1.447548663892045,-0.9326111716467106,-0.5401918211132837
Batman,2005,12,2005-12-01,-0.962101293730902,1.4059898960922723,1.0349071157670513,0.3190876867194475,-1.291415438738317,-0.526770148663249
Batman,2006,1,2006-01-01,-1.5727158795297194,1.7522766475776317,1.390972644521094,0.44210284739648786,-1.4409725379986504,-0.5158517615263487
Batman,2006,2,2006-02-01,-1.2517110590825102,1.829963897461511,1.5559442882334555,0.3318461311486016,-0.9904094915142309,-0.40355031920750617
Batman,2006,3,2006-03-01,-0.6921242877577989,0.5014537566082324,0.9114197679395588,-0.16131240218251588,-0.1775371778003553,0.47892857111901405
Batman,2006,4,2006-04-01,-0.11905398940161446,1.2138554537507553,0.839683101924119,-0.6385081232645972,0.05298847712239606,2.0076722864530603
Batman,2006,5,2006-05-01,0.38926704767000236,-0.290676235486581,0.09765702317910348,-0.28241533606222985,1.2028201988651084,3.1062681421468485
Batman,2006,6,2006-06-01,1.1736165375833005,-1.0279218484579258,-1.17639527459783,-0.34960559607058195,1.661739461081468,-0.33442670330970575
Batman,2006,7,2006-07-01,1.382643313334956,-0.8425972982999239,-1.3264945428744548,-0.49470169281046134,1.4008577360625285,-0.5621548493582831
Batman,2006,8,2006-08-01,1.5751047760845758,-1.0310408045983928,-1.5572486449907832,0.04343799829432717,0.9146517126666679,-0.5620840319116318
Batman,2006,9,2006-09-01,0.8570323129798619,-0.9711285217322583,-1.2227386485135738,0.7581855821128854,0.5289387069049162,-0.5620132144649805
Batman,2006,10,2006-10-01,0.20753211209494513,2.2519872666667426,0.17065817904283487,0.12149885646954715,-0.592472949679948,-0.50228076372196
Batman,2006,11,2006-11-01,-0.7924815480631722,0.7753524006655889,0.6596700093124084,0.38752801722458463,-0.8463483977150319,-0.12922043461828614
Batman,2006,12,2006-12-01,-1.265818439507716,-0.3909611661507667,0.47907686195277327,0.9338262251123478,-1.1553187886800402,-0.4132725002123868
Batman,2007,1,2007-01-01,-1.492534892807411,-0.08170559595237625,0.8882278448329167,0.6201207815243547,-1.188759353094988,-0.4832936715334983
Batman,2007,2,2007-02-01,-1.164262068170637,0.2806280007573358,0.9950103947457289,-0.5504860203929235,-0.9431504996478525,-0.3129994527937093
Batman,2007,3,2007-03-01,-0.7580409412773115,1.036479617276569,0.8729222887692685,-0.08887527348135967,-0.2900799862554736,0.4046798210847976
Batman,2007,4,2007-04-01,-0.5378258439247499,2.0179745651043977,0.8671475338786976,-0.831702702762003,-0.033041267845207015,1.4273426889468428
Batman,2007,5,2007-05-01,0.4848137937782826,-0.36222112429879183,0.353696173328751,-0.6610961941842882,0.4824779161207238,3.3094668476516924
Batman,2007,6,2007-06-01,0.9912038670870622,-0.8360516010488329,-0.6618018968415692,1.748303302191635,1.5118392628834678,-0.05279172465998452
Batman,2007,7,2007-07-01,1.4607038252620006,-0.9546296119858874,-1.3174467361853415,2.236452081636048,1.3482173240062894,-0.561305039998468
Batman,2007,8,2007-08-01,1.4426851159425764,-0.9465609829215091,-1.3782866945967518,-0.09048735633854117,0.970624138242367,-0.5612342225518168
Batman,2007,9,2007-09-01,0.9976724409661742,-1.034279676119423,-1.482260149504904,-0.27805573162507613,0.6022346398515488,-0.5611634051051655
Batman,2007,10,2007-10-01,0.38912711076466805,-0.7536615527829552,-0.7493520622462013,0.16514122005432913,-0.44454843791233867,-0.5610925876585143
Batman,2007,11,2007-11-01,-0.6163700767263228,0.13402106911788625,0.2780185767529781,-0.1354466083139792,-1.0062803749183553,-0.548922557865047
Batman,2007,12,2007-12-01,-1.2211323569670027,0.4499422519479312,0.821379875057335,-0.06874121053118931,-1.266589784048134,-0.5196467450984945
Batman,2008,1,2008-01-01,-1.596896676310625,0.3249455029211353,0.661145541895079,1.8011563672059747,-1.0817448289600171,-0.5312579257798037
Batman,2008,2,2008-02-01,-1.3549267368194042,0.26932050017192743,0.8754208631462977,1.2399648820574105,-0.7914768019363861,-0.38432770329593546
Batman,2008,3,2008-03-01,-0.4231571269731327,-0.1862412604765424,0.3845287159188375,0.4946689360354656,-0.1166344252082287,0.5707464611114818
Batman,2008,4,2008-04-01,0.06622817261517153,-0.4186284352355474,0.0059355887768369996,0.4355572073514296,0.3808970823302115,0.680127403898334
Batman,2008,5,2008-05-01,0.2873969714336225,-0.1261603338872494,-0.28758413341256583,0.1072144248292795,1.030218068679438,-0.12293914995229484
Batman,2008,6,2008-06-01,1.0309237361942294,-0.913768353408872,-1.097079236853306,3.258559035703815,1.675640241354106,-0.551764549489334
Batman,2008,7,2008-07-01,1.3999193353774024,-1.0232120062951409,-1.5106307214235524,1.4090528004504657,1.5276404065625526,-0.5604552306386531
Batman,2008,8,2008-08-01,1.4896760623911853,-0.9376247710700413,-1.4014782851658254,0.8002010144196244,0.7372590865198699,-0.5603844131920018
Batman,2008,9,2008-09-01,0.8410773193902458,0.04263580404822176,-0.8294134898397864,0.8577880699155656,0.18686465662185528,-0.554889810900226
Batman,2008,10,2008-10-01,0.1312306594768223,-0.12655148798102325,0.08529036753083231,-1.3677298064824566,-0.40625421424628755,-0.5026672160966086
Batman,2008,11,2008-11-01,-0.5555007764003039,-0.1071266299886412,0.49741071366653555,-1.1816061189253613,-0.9692565512136774,-0.5184505389664751
Batman,2008,12,2008-12-01,-1.2471287676017604,0.41098480266825277,0.5808697066595342,-0.1282800886134188,-1.2779810583151943,-0.5146247935501223
Batman,2009,1,2009-01-01,-1.449198542846356,-0.393163811161549,0.8745848671239571,0.29708010578556515,-1.1556669133391422,-0.5041236206320777
Batman,2009,2,2009-02-01,-1.0565958689859691,1.4862138456043144,1.0881811010664844,0.08912686503569198,-1.0348744018779232,-0.390570535656668
Batman,2009,3,2009-03-01,-0.885325983538089,1.2881422321712332,1.028489196087257,0.7038811990394075,-0.4807418622768995,0.2636921769557678
Batman,2009,4,2009-04-01,-0.3588948624541655,0.43387808633306735,0.5915234580034312,-1.4164557992251867,0.3478736805785074,1.8362433852696658
Batman,2009,5,2009-05-01,0.27913264713027647,-0.7287323623545915,-0.0648016430559507,-0.3170581447270421,1.0967041491078775,1.9660678247804488
Batman,2009,6,2009-06-01,0.9665477561491501,-0.7189356114968213,-0.7729095805237365,0.7742609784467834,1.0059274244785372,-0.478319466048622
Batman,2009,7,2009-07-01,1.3479855228991244,-0.9974883255935805,-1.204104049159871,1.361511741166725,1.2475150270071016,-0.5596054212788382
Batman,2009,8,2009-08-01,1.2123880227582433,-1.0118852798432967,-1.4076581161137103,0.157568142730786,1.0989329844468205,-0.5595346038321868
Batman,2009,9,2009-09-01,0.6618719950698396,-0.5628987189220777,-0.7985044504402921,0.8133664435194309,0.30712158124406064,-0.5565432868535455
Batman,2009,10,2009-10-01,0.33464503647462546,0.8577860389692,-0.5172870123078167,-0.9017642211908322,-0.4243013103354455,-0.5560552551880386
Batman,2009,11,2009-11-01,-0.6239732678976834,1.4966191226216117,0.9320342143565553,-0.7375565493056429,-1.0535340203724903,-0.12750543497655262
Batman,2009,12,2009-12-01,-0.9595100291688313,1.684165543656832,1.4440424379907788,-1.224430510885174,-1.5683657301059803,-0.4165640711969221
Batman,2010,1,2010-01-01,-1.1770992213932587,2.491613939435908,1.5937601740995833,2.9826421687978133,-1.4697497023181616,-0.4878368851746007
Batman,2010,2,2010-02-01,-0.9959239089126358,-0.09867198513535087,1.40489437206509,-1.4308036569398668,-1.0720532005476153,-0.38680022676486286
Batman,2010,3,2010-03-01,-0.5605528389098797,0.3434020886123005,1.0205721937337124,0.3275999046770445,-0.4034029768391802,0.4973475204370803
Batman,2010,4,2010-04-01,-0.22717814313526657,0.23099594122307412,0.6471916241548803,-0.7393286030801398,0.2488332877306382,1.9009269701144074
Batman,2010,5,2010-05-01,0.33340696352783616,-0.1295191207888427,0.26180422662629993,-1.0772696406410813,0.8450673827017872,2.48801819349107
Batman,2010,6,2010-06-01,1.034149307854143,-0.441646772585787,-0.7372621844042407,-0.529771650873472,1.353323100815153,-0.24675019366158837
Batman,2010,7,2010-07-01,1.5142147621828752,-0.9964520990833328,-1.4299499868630505,-0.23854707064160233,1.4809053782227932,-0.5570867550436002
Batman,2010,8,2010-08-01,1.497425313614329,-0.9864084736836496,-1.5639076462406005,0.6163350367433164,1.028571976711366,-0.5586847944723718
Batman,2010,9,2010-09-01,1.0776770202203418,-1.0104335350679774,-1.2217175784618535,-0.3890046678482868,0.325834122746883,-0.5586139770257206
Batman,2010,10,2010-10-01,0.21814430305649327,0.06709560956405684,0.09681289991467086,-0.6373619917138377,-0.4525653048903715,-0.5481128041076762
Batman,2010,11,2010-11-01,-0.33112709812164653,-1.0372524472321045,-0.6275597613025611,-1.2927653146828209,-0.6930838892603878,-0.5563862710381394
Batman,2010,12,2010-12-01,-0.8132870086056156,0.12026404897978234,0.2485105516869973,0.20855926956473356,-1.2581578684339763,-0.5500572403086522
Batman,2011,1,2011-01-01,-1.2279574307145187,0.2510293253749835,0.6424338969301431,-0.9977838926309026,-1.1998159217352835,-0.5403904958283192
Batman,2011,2,2011-02-01,-1.2644018806462067,0.6997690117542896,0.923352789002941,0.5905934368702664,-0.9168884385631559,-0.4518702639842532
Batman,2011,3,2011-03-01,-0.7976440519891194,-0.013529770651482519,0.45929567280979855,0.649591664386791,-0.05822025527398725,0.3626027086687831
Batman,2011,4,2011-04-01,-0.355446999475135,3.8349192324134624,1.0205399248036489,-0.12914923583066731,-0.17310772978201808,1.4244837131032673
Batman,2011,5,2011-05-01,0.15092565930634072,0.4884565859623036,0.6479747302719772,-2.007850163493677,0.7975142229936482,3.723822090663846
Batman,2011,6,2011-06-01,0.823664419343693,-0.5613321970710572,-0.3063258691482155,0.826752031100727,1.488912438764272,1.3211562217203485
Batman,2011,7,2011-07-01,1.4610516889537195,-0.9924533780701276,-1.3031344790244936,-0.684415714035209,1.2417323800695486,-0.5524820177140836
Batman,2011,8,2011-08-01,1.371582198489526,-1.0342534064722007,-1.3321888957701873,0.11527642687665839,1.0593625031639688,-0.5578349851125568
Batman,2011,9,2011-09-01,0.8542039674929095,-0.80794768235662,-1.0666247805200604,-0.1978691185007385,0.3195329270792272,-0.5577641676659055
Batman,2011,10,2011-10-01,0.012122655455688894,-0.40907665344376526,-0.24329509574094563,-0.6945013060363715,-0.4147798064591308,-0.5560244933438315
Batman,2011,11,2011-11-01,-1.0356703213211287,0.2514813898970016,0.4717921169265449,0.09847205634834306,-1.0184745097087122,-0.5259142521395676
Batman,2011,12,2011-12-01,-1.2320936921833594,-0.08977745784569147,0.48420445113973054,-0.3668858168525615,-1.2481826828390161,-0.525009006255205
Batman,2012,1,2012-01-01,-1.4546921219676134,1.2005575419154564,1.4180281491075954,0.5551840758039037,-1.490963681378285,-0.5266070456839765
Batman,2012,2,2012-02-01,-1.5704624939628713,2.056640222451418,1.226853924355008,3.0609660498610287,-0.9426520882678884,-0.4322458147759304
Batman,2012,3,2012-03-01,-1.2691552902607468,0.35312765243210287,1.066587751145242,1.530681780106165,-0.3653928598135039,0.06681320842217396
Batman,2012,4,2012-04-01,-0.1497707826957169,-0.014546771295294532,0.5629454097966815,-1.2844089120496498,0.4774316614752775,2.4412501453767845
Batman,2012,5,2012-05-01,0.3505293279764222,-0.020056242036138015,0.24742568985368288,-1.2035460880846358,0.7115099142877854,2.1375890114964644
Batman,2012,6,2012-06-01,1.0473144770688618,-0.9059203292391838,-0.8280741763334996,1.6104998436350202,1.4711776434442616,-0.36938041216096584
Batman,2012,7,2012-07-01,1.4435986405375623,-0.9454984867640386,-1.3065598760318733,0.5878032945149356,1.2989342249627054,-0.557055993199393
Batman,2012,8,2012-08-01,1.401640078094794,-1.0295140618332557,-1.4258376545219575,-0.18661839093506724,1.0233404487781905,-0.5569851757527418
Batman,2012,9,2012-09-01,0.9549586816490752,-1.0095954547570474,-1.2629142856915718,-0.48776611751397353,0.42358130047012493,-0.5569143583060906
Batman,2012,10,2012-10-01,0.25770067620859893,0.5081109981060882,-0.09034376585327628,-1.113974748073298,-0.5273650086838166,-0.5192942611624236
Batman,2012,11,2012-11-01,-0.43488716276250106,0.2051177043599293,0.6964724540020152,-2.1279528821998137,-1.1480921154199684,-0.3844632510253716
Batman,2012,12,2012-12-01,-1.2500691764186393,2.3108793160601273,1.3490048025267283,0.9293288292945625,-1.4680665158390478,-0.469921348444145
Batman,2013,1,2013-01-01,-1.5777694004029417,2.0881202484357346,1.5982421149291284,0.7020076810556971,-1.3795402052082941,-0.5094858817887882
Batman,2013,2,2013-02-01,-1.0614679732685133,0.8544099316770959,1.4058438407956115,-0.812765122966833,-0.944685564411833,-0.33585394929815315
Batman,2013,3,2013-03-01,-0.7539696553215735,0.3825544512623601,0.9145637730861724,0.9816318950455468,-0.1677828501127828,0.5174199457084658
Batman,2013,4,2013-04-01,-0.17286408919048474,0.11412359338403864,0.5700171188027202,-0.8205229486830956,0.527597553745881,2.257691270002367
Batman,2013,5,2013-05-01,0.31371542273394065,0.9237938600403329,0.4292203251524386,-1.970956275277771,0.6507722922441538,2.8264250677493776
Batman,2013,6,2013-06-01,0.8988488665920721,-0.8476092090050913,-0.6256139830576277,0.3263036080616009,1.5531035347491848,0.17802002389985544
Batman,2013,7,2013-07-01,1.382168788758754,-1.0382745861807783,-1.4090666439332233,1.2097405241869281,1.5254143917388943,-0.5562061838395781
Batman,2013,8,2013-08-01,1.331820521691245,-1.0398340642510118,-1.4026577236949114,0.7688582013349441,1.0849512457063675,-0.5561353663929268
Batman,2013,9,2013-09-01,0.7526985719459562,-0.949556212729563,-1.178023557789122,0.3629295239158924,0.4615688758696377,-0.5560645489462755
Batman,2013,10,2013-10-01,-0.008155238441180167,-0.7876847440533081,-0.8110644514696195,1.684366811644756,-0.22652617008623,-0.5559937314996244
Batman,2013,11,2013-11-01,-0.4495333991308207,0.22466952151366137,0.48852303348879306,-2.1723745085959485,-1.1069942504598531,-0.5354794173290423
Batman,2013,12,2013-12-01,-1.62013567122408,0.21693817989559983,0.9879881492318222,2.2471395492789665,-1.408914557545786,-0.5374946709766697
Batman,2014,1,2014-01-01,-1.311662725110373,0.03491341168687211,1.006244265452875,1.1487767562697402,-1.2540419975418928,-0.5027950733649929
Batman,2014,2,2014-02-01,-1.0582968799259704,-0.10835205344149489,0.2946910870799866,0.6215101380686266,-0.5118946039722,-0.3112229294635616
Batman,2014,3,2014-03-01,-0.595546221805896,0.2053472585113318,0.5353302953211061,0.6365449295592573,-0.26858258439770366,0.38643006190987017
Batman,2014,4,2014-04-01,-0.15673885581245714,0.21292213849188396,0.41302524786194006,-0.06652972676905894,0.4991738759922508,1.024838634205788
Batman,2014,5,2014-05-01,0.4192191809243309,-0.2902864087458189,-0.11750151642676003,-0.94349277021682,0.8010284613379753,0.15001123471197378
Batman,2014,6,2014-06-01,0.9286291381444337,-0.6865982793351387,-0.9144389051296512,0.03888615826671848,1.5043972645088093,-0.502023771912881
Batman,2014,7,2014-07-01,1.4395777200710518,-0.949104148207545,-1.3975461067747932,-0.3543248312259309,1.442292859363622,-0.555356374479763
Batman,2014,8,2014-08-01,1.4376008635505821,-0.9812760694750059,-1.4967133874606202,-0.13052799264157827,1.0688966567868816,-0.5552855570331119
Batman,2014,9,2014-09-01,0.8149968878948703,-0.1646933156451444,-0.9425889298645008,-0.1897996922429297,0.3861842064404341,-0.5443671698962116
Batman,2014,10,2014-10-01,0.04959173957760907,0.10259358242801478,0.4760094032282466,-0.7867336449339372,-0.6317555636353773,-0.48129700540234516
Batman,2014,11,2014-11-01,-0.7518881142420786,0.4594959392156383,0.4916973228036359,-0.4662343868337554,-1.0421968551858525,-0.48748440123852976
Batman,2014,12,2014-12-01,-1.01220231263118,0.6971578922592224,1.3842373770688932,-2.3235791970354525,-1.5251880177228447,-0.43275852112177793
Batman,2015,1,2015-01-01,-1.3967251148248065,0.3633052807739232,1.241703412012952,1.39398247566915,-1.2445331434121751,-0.44478691602194287
Batman,2015,2,2015-02-01,-1.149066551698051,0.6974951797055394,1.2650480766500682,0.19346682546135024,-0.9993769948614928,-0.33248547370310033
Batman,2015,3,2015-03-01,-0.8054400407719656,1.2306659594191338,0.9236135750006937,-0.917922170814812,-0.4141925331154734,0.3914520134582426
Batman,2015,4,2015-04-01,-0.38935760852641993,0.28925510028563456,0.7973865892148763,-0.3291516843803951,0.3408189470168382,1.954824508957314
Batman,2015,5,2015-05-01,0.29097900733531634,-0.3966406079677804,0.19739800900834356,-0.3527498694209007,0.9509454802752574,2.264051062576061
Batman,2015,6,2015-06-01,0.9749859909223815,-0.8507211213647713,-0.7594107946516125,-0.5311999024205836,1.318706832916272,-0.3509768437650032
Batman,2015,7,2015-07-01,1.4931759430556284,-1.0317583914058464,-1.4969071859145433,0.579555687206797,1.4016922778645533,-0.5545065651199481
Batman,2015,8,2015-08-01,1.4509715284626845,-1.0106054116200727,-1.3838109010601838,-0.5020101594845462,0.9469848252573456,-0.5544357476732968
Batman,2015,9,2015-09-01,1.0824065795833695,-0.9832805682864706,-1.3460562095750652,-0.727651613091621,0.27404555192185953,-0.5543649302266457
Batman,2015,10,2015-10-01,0.19569183406573704,1.3898461723056421,0.3445654287587476,-1.2493992346454277,-0.6706180005821788,-0.5063144776115854
Batman,2015,11,2015-11-01,-0.6504347702258306,-0.4306849305804939,0.40796400456458937,-0.9668930694071288,-0.980553556367674,-0.3372719015283636
Batman,2015,12,2015-12-01,-1.2169025049247912,-0.0012014584704119634,0.6442200036761693,0.14602212760398,-1.1868730868275872,-0.46778913458355575
Batman,2016,1,2016-01-01,-1.6098764747807022,1.7994232194251645,1.5746476097969333,0.3386246373122608,-1.4054896367133802,-0.49066509917396967
Batman,2016,2,2016-02-01,-1.003686112172298,0.13590432519577586,1.2395979242605448,0.8856178912545555,-0.8366053705297618,-0.21189518353169087
Batman,2016,3,2016-03-01,-0.731958525141941,1.1282617528677823,0.8447542484862952,0.495871099557513,-0.28551479273150937,0.4298511025150732
Batman,2016,4,2016-04-01,-0.12499648350009775,0.07871984437633446,0.3899733742152999,-0.9860219677101059,0.5998999225904361,2.374557394048282
Batman,2016,5,2016-05-01,0.26369187291213714,-0.11071116008978676,0.24874828695419388,-0.3906926736658517,0.7657821445510088,1.3858305128068533
Batman,2016,6,2016-06-01,0.8893970678529884,-0.6578633757880258,-0.5545895089487092,1.2567653435473112,1.3017605617102166,-0.27669733188657974
Batman,2016,7,2016-07-01,1.4348807061915583,-0.9645597876628814,-1.266534352028695,1.5758248633916745,1.4030191344677423,-0.5536567557601331
Batman,2016,8,2016-08-01,1.5058297437169113,-1.0401816283070522,-1.4877731368960054,-0.14162537961963095,0.8869678972963608,-0.5535859383134819
Batman,2016,9,2016-09-01,0.7356571124541618,-0.8521414581880062,-1.0104853877588025,1.7669851601073248,0.46325452961995367,-0.5535151208668306
Batman,2016,10,2016-10-01,0.23641355068486927,-0.5596733568397081,-0.7991643192321223,-1.5728901262944353,-0.2913082945151473,-0.5534443034201794
Batman,2016,11,2016-11-01,-0.7514570620224937,0.07446911051635423,0.029951241841338037,-0.30216361935385694,-0.8472859838652019,-0.5008044943977061
Batman,2016,12,2016-12-01,-1.586262174798477,1.496141366575284,1.41720067364871,1.4350380824720066,-1.4360086208291947,-0.5224288163315528
Batman,2017,1,2017-01-01,-1.554280703075949,0.12492192997103536,1.187260381560258,0.3870661284164378,-1.2035554625167741,-0.47855050590505
Batman,2017,2,2017-02-01,-1.4863005497748136,-0.7315640867443489,0.8394310993278233,0.4850572670280553,-0.619206763656514,-0.3257792843572016
Batman,2017,3,2017-03-01,-0.7769777458965318,1.3658037905308034,0.9300654449031474,-0.8546330812422257,-0.488483511674108,0.4181844853092164
Batman,2017,4,2017-04-01,-0.35335994524810543,1.0233105700785448,0.6696542273478557,-0.6758680558815381,0.24441396512614258,2.0591588255154534
Batman,2017,5,2017-05-01,0.23028916625334098,-0.008703245937071174,0.27017539618273634,0.0872707304242631,0.8406621913538141,2.2390489712889248
Batman,2017,6,2017-06-01,0.9422321247880622,-1.0059077515429362,-0.8130921823859089,-0.19851978809257637,1.6120079909004836,-0.29545659081298403
Batman,2017,7,2017-07-01,1.5199172728798331,-1.0422765400229204,-1.5976904373776692,-0.2377951230297747,1.4720064473006649,-0.5528069464003181
Batman,2017,8,2017-08-01,1.4307858291221311,-1.0127298258121,-1.5086484989241995,0.29074631303622084,1.0735131331399643,-0.5527361289536669
Batman,2017,9,2017-09-01,1.059211240171084,-1.0436673743699953,-1.5462223589809514,-0.6999560526212253,0.4295302175447337,-0.5526653115070157
Batman,2017,10,2017-10-01,0.07452236404057602,-0.4813653987106523,-0.7231023867859436,0.6831500237318767,-0.3313153632402712,-0.5525944940603644
Batman,2017,11,2017-11-01,-0.6300610110911723,-0.17038170671887004,0.611399113387658,-1.2590593581044742,-1.05579980786723,-0.5320801798897824
Batman,2017,12,2017-12-01,-0.9672347379289058,-0.12997251266387236,0.6423929215642635,-0.4721648905776624,-1.309874506619281,-0.5186585074397477
Batman,2018,1,2018-01-01,-1.2368523914342342,0.44961068092938955,1.0471462002553051,0.42590936448182487,-1.354422238660914,-0.5002302643634444
Batman,2018,2,2018-02-01,-0.9192126722925529,0.430276235841411,0.9534704604512685,-1.4041489778238772,-0.9844209809235364,-0.34662461437788455
Batman,2018,3,2018-03-01,-0.47300983947692815,-0.23241326547217028,0.6564864190264394,0.3935902897109377,-0.27641722655086914,0.4795303564031122
Batman,2018,4,2018-04-01,-0.057369941101699004,-0.1233729487653241,0.01537747879596983,-0.7178101330593152,0.5038892027567179,0.8066971214326555
Batman,2018,5,2018-05-01,0.33106027055285164,1.4202553309986896,0.47860665970160526,-1.8823209003775527,0.41457506317745635,1.2027042325733948
Batman,2018,6,2018-06-01,0.9500690675532967,-0.7093626983626783,-0.47008230223790287,-0.9793675323400168,1.4192208422823465,-0.11895959531490669
Batman,2018,7,2018-07-01,1.4382353502303136,-1.008159124896314,-1.428807211175032,0.14658529443211835,1.4659567879991091,-0.5519571370405031
Batman,2018,8,2018-08-01,1.4124108351428157,-1.028727942693858,-1.3752755602840991,-0.5246551493508712,1.100954551796735,-0.5518863195938518
Batman,2018,9,2018-09-01,0.9828632847964146,-0.9930093649352095,-1.2412487075204683,-0.7071844407420407,0.4032092707616513,-0.5518155021472007
Batman,2018,10,2018-10-01,0.24990959591836656,1.2164395543685012,-0.09083260067182782,0.20848661522189557,-0.7414200402896811,-0.43534191763980085
Batman,2018,11,2018-11-01,-0.6214936825631246,1.1825395113076482,1.038890821198767,-1.9556024289278588,-1.3396614916472303,-0.2863256240616539
Batman,2018,12,2018-12-01,-1.1287878778667078,2.5531087371905623,1.7108961830059006,0.39932697010292173,-1.6696153854224995,-0.4397896391539113
Batman,2019,1,2019-01-01,-1.4643246391378555,0.9582209656130215,1.6786491269200756,1.3645890104339493,-1.4351697199404063,-0.4964599554716393
Batman,2019,2,2019-02-01,-1.2209662935306882,0.9359240260220854,1.230002420258928,-1.1228641033232951,-0.8823877247127473,-0.3595428742403087
Batman,2019,3,2019-03-01,-0.9304153106322338,2.160837272176256,1.2424159841301232,0.902748022677126,-0.6698611521602514,0.07276187394087888
Batman,2019,4,2019-04-01,-0.5206000594482463,2.07459982622982,1.1652664380831148,-1.8185197264744968,-0.0025553156348383245,1.2251783638670561
Batman,2019,5,2019-05-01,0.3003312060272149,0.04323786454987567,0.4368539404198086,-0.8356608852390187,1.1175611998923598,4.72400762063786
Batman,2019,6,2019-06-01,1.055936482049155,-0.9954415640973945,-0.476497929424634,-0.43117689554940836,1.430004335750394,0.41175227199168535
Batman,2019,7,2019-07-01,1.3058464216070864,-1.0377353415832937,-1.329676894477122,1.224439638446727,1.536300701458191,-0.5506901134618324
Batman,2019,8,2019-08-01,1.4090328223242088,-1.003498011076124,-1.4196575119636505,0.7595616779977622,1.0491196213622782,-0.5510365102340369
Batman,2019,9,2019-09-01,0.8409711461849434,-1.0415949213495002,-1.2644992471492533,0.3096409983175831,0.4821124862964118,-0.5509656927873856
Batman,2019,10,2019-10-01,0.3523094707127902,-0.26747458872869595,-0.611418620201914,-0.9236572634453263,-0.3982722196637283,-0.5458883047144657
Batman,2019,11,2019-11-01,-0.589998592263289,-0.39814945221949355,-0.12442775150156758,-1.603296180387261,-0.870482646599705,-0.5216190625741821
Batman,2019,12,2019-12-01,-1.0539849069294895,1.1997912267654072,1.1637361360270762,0.24380554163277157,-1.5712067965097316,-0.4698136819894203
Batman,2020,1,2020-01-01,-1.4161351634571406,0.8740854751632412,1.0794991393142142,0.9091221120015527,-1.4111621966186032,-0.4697428645427691
Batman,2020,2,2020-02-01,-1.418824143447084,0.9352321307389414,1.3217024995260693,1.3471420738223912,-1.1746699353642858,-0.3599447075370608
Batman,2020,3,2020-03-01,-0.6643393668584371,2.6966037564703313,1.0583091107413047,0.058551795173657814,-0.5955322243618241,0.36482720806199354
Batman,2020,4,2020-04-01,-0.3768160970915639,1.4794340340198717,0.9261538319062631,-2.1406508653263456,0.23755727430860704,1.8931537091771837
Batman,2020,5,2020-05-01,0.17116908687504154,0.6666448112231105,0.5279713583817036,-0.1561341253342745,0.8723258926909623,4.116141884687164
Batman,2020,6,2020-06-01,0.827795311620264,-0.9304648312316475,-0.5065729964794965,-0.5475054492778243,1.4655387250176002,0.8181343020792697
Batman,2020,7,2020-07-01,1.4292359237227479,-0.9574523871189328,-1.2660881657274359,0.8385600890455713,1.2209460993921473,-0.5481714472265945
Batman,2020,8,2020-08-01,1.294468174588709,-1.0167805079968373,-1.390264454577624,0.36888300107721145,1.0830472867628764,-0.550186700874222
Batman,2020,9,2020-09-01,1.105491050724921,-1.0390774475877735,-1.3830020771562308,0.20818973989929285,0.3607305768864697,-0.5501158834275707
Batman,2020,10,2020-10-01,0.43525629412457345,-1.0458212910381826,-1.276127265630369,-1.0791786919154782,-0.2626419010706942,-0.5500450659809194
Batman,2020,11,2020-11-01,-0.6012469470393907,-0.07370757580305269,0.4203584999620083,0.3507988632103896,-1.1693700954400796,-0.537875036187452
Batman,2020,12,2020-12-01,-1.1556115852620008,-0.2105543028416785,0.7203681679881999,-1.3754497802531418,-1.367958415456533,-0.5378042187408008
Batman,2021,1,2021-01-01,-1.3242454680827218,0.8425342621409566,0.8764711827772668,1.2695068918664663,-1.2295770318143977,-0.5218792609776318
Batman,2021,2,2021-02-01,-1.048756222045245,-0.3232855555915728,0.6614723533709544,0.5873827124591318,-0.6342483466361549,-0.28191026768893584
Batman,2021,3,2021-03-01,-0.8582527960630955,1.0702430026892613,0.6921904945793264,1.433952045390814,-0.350017255049827,0.20922168535090968
Batman,2021,4,2021-04-01,-0.04560879681646865,-0.8305223263186404,0.17680268350150927,0.16554016727765494,0.4972515464152813,1.052482439104991
Batman,2021,5,2021-05-01,0.6240926647822569,-0.9258941303158612,-0.7586603004657205,0.43700833922134213,1.205426389929417,-0.2908765281638081
Batman,2021,6,2021-06-01,1.0429030315107917,-1.0427440194595239,-1.4145054622778934,0.9082002014305581,1.6579894129619563,-0.5494785264077093
Batman,2021,7,2021-07-01,1.4903633688064513,-1.0428222502782787,-1.3854188909358494,0.8822024526303534,1.3167686683612974,-0.5494077089610582
Batman,2021,8,2021-08-01,1.4013548511238367,-0.9530381478406561,-1.3739706086018404,0.3789314720262225,0.8942380868558236,-0.5493368915144069
Batman,2021,9,2021-09-01,0.7833206523095133,-0.9664476039227196,-1.141454483906829,0.5927301282785012,0.5027157215376721,-0.5492660740677556
Batman,2021,10,2021-10-01,0.1748705898162005,-0.5270891501361126,-0.7647082686559215,-0.3204663279407003,-0.3555140004464925,-0.5491952566211045
Batman,2021,11,2021-11-01,-0.4899492731765301,-0.4854455833715493,0.5466977202650194,-1.5235300863314185,-1.0492883983987529,-0.5378596552653484
Batman,2021,12,2021-12-01,-1.1678095439681555,-0.16730252966428644,0.609300744601302,0.0839352015534428,-1.4010976935117216,-0.5390404804752643
Batman,2022,1,2022-01-01,-1.5742131875274057,0.6189146555102611,1.255583449450399,1.2747562352960808,-1.4010047861987756,-0.5339630924023444
Batman,2022,2,2022-02-01,-1.082433317264505,-0.0682154254527198,0.878070222876983,0.3771855097501504,-0.7318337247499395,-0.3190269522449923
Batman,2022,3,2022-03-01,-1.1544407197407833,2.1676490698356954,1.0413952427279956,0.030657461877718114,-0.6800401013862268,0.036510379666740915
Batman,2022,4,2022-04-01,-0.14234404174444582,-0.5996459012872735,0.35128554870365053,-1.1112174206406997,0.38393010572577296,1.8539663344489523
Batman,2022,5,2022-05-01,0.10537781367692377,0.43196457854891973,0.22705344083232026,-0.3519979218090698,0.8555208656658593,1.8481961528316233
Batman,2022,6,2022-06-01,1.0220008823044637,-0.9113580348191465,-0.8155758036519765,0.09759786656286082,1.3096877863137026,-0.40093488357296603
Batman,2022,7,2022-07-01,1.405516099723421,-1.0442547691871624,-1.4788485469878072,1.3265719640846958,1.437476380066571,-0.5485578996012431
Batman,2022,8,2022-08-01,1.4473623889717433,-1.048282992676527,-1.3990558725050115,0.3625847416185536,0.9758163492502933,-0.548487082154592
Batman,2022,9,2022-09-01,0.9624171785030771,-0.973311362753692,-1.2830345666081495,0.9251999830722613,0.4323250381635198,-0.5484162647079407
Batman,2022,10,2022-10-01,0.2870738190988744,-0.37027508767868317,-0.5145848914012229,0.754988452314208,-0.5251188227394673,-0.541252805540742
Batman,2022,11,2022-11-01,-0.5656303545938485,0.7704539396831113,0.692944507538413,-1.4935652361769143,-1.1729920732553423,-0.5261622762152844
Batman,2022,12,2022-12-01,-0.9850774791038707,-0.9703366861650855,0.7937089621049687,-1.9840385433959895,-1.2855620216936832,-0.4601716121894279
Batman,2023,1,2023-01-01,-1.2347196454074354,0.3138264500482342,0.5111840220614164,-1.7338465034549582,-1.161636913474066,-0.5126697863185986
Batman,2023,2,2023-02-01,-1.4965347858074156,0.6374007436775857,1.1228764471130073,1.2934120948079588,-0.8003188081820322,-0.318594357104033
Batman,2023,3,2023-03-01,-0.6286527108252894,1.0093624475219098,1.0248862845032158,0.8757541212016207,-0.7088976087150975,0.31021828815820335
Batman,2023,4,2023-04-01,-0.3264397750854273,0.5202257491732551,0.817686765962965,-0.13158521985639715,0.1576744891597459,1.6829238856402065
Batman,2023,5,2023-05-01,0.21312497273766584,-0.2204761073848736,0.17181025531918542,0.42831051600298703,0.72534224907066,1.436421099743121
Batman,2023,6,2023-06-01,0.9180252915538165,-0.9754966873739636,-0.5790738325754092,0.40031313073636743,1.2122682485889638,-0.2970331621557858
Batman,2023,7,2023-07-01,1.438309084499392,-1.0180373394017759,-1.3399823906595398,1.7085528177868896,1.4202347655991951,-0.5477080902414282
Batman,2023,8,2023-08-01,1.5154966203354494,-0.9613344255805117,-1.4374907509039265,0.38223146760635623,0.9209714611765438,-0.5476372727947769
Batman,2023,9,2023-09-01,0.974826971261577,-0.7774911226739887,-1.0925738978586985,0.298084290362805,0.3600944651901384,-0.5475664553481258
Batman,2023,10,2023-10-01,0.18077594991302706,-0.23691410670300067,0.05873061827037429,-1.2673935812009631,-0.5535099986030958,-0.5408202103997827
Batman,2023,11,2023-11-01,-0.5066028966262279,1.9172349152121702,0.7723529728876867,0.9564396510916506,-1.1865652135294764,-0.46773690465337875
Batman,2023,12,2023-12-01,-0.9642390551301859,0.7896806514761752,1.1700354944519087,-0.6806252059697732,-1.4223540663414123,-0.358773176085382
Batman,2024,1,2024-01-01,-1.2483312539770999,1.7699412265944385,1.4969760143236763,-0.4808240049823999,-1.5285423393341921,-0.4475689872550012
Batman,2024,2,2024-02-01,-1.1008607347096064,0.11629731404157474,1.2554999111238918,-0.7409943536557491,-0.8912052919861659,-0.26767884148153037
Batman,2024,3,2024-03-01,-0.8546498456278574,2.3788242598566076,1.0699764853115539,-0.5299400260711707,-0.4071261071870261,0.36947808815782063
Batman,2024,4,2024-04-01,0.10035279241000405,-0.04383385075563949,0.4816723390821872,-1.6736545741386917,0.5549662191516588,3.026786265496616
Batman,2024,5,2024-05-01,0.21306596394642885,0.3735527688006995,0.4976962161306224,-0.283909704717092,0.7252701112781222,2.4694588865520117
Batman,2024,6,2024-06-01,1.1569181825898698,-0.9784104535343259,-0.7690401381649388,1.771714108020694,1.464427734717841,-0.07839753055327972
Batman,2024,7,2024-07-01,1.4888341556067743,-0.9750324407662968,-1.1534300967362754,1.0155291071443953,1.1971290061120334,-0.5468582808816133
Batman,2024,8,2024-08-01,1.4724749483010353,-1.0447292924045528,-1.2608606792436183,0.6178389319669749,0.8799893357513681,-0.546787463434962
Batman,2024,9,2024-09-01,0.9151508648206871,-0.6784457030242304,-0.6924288153497152,-0.30423591016310964,0.21724717712251806,-0.5467166459883107
Batman,2024,10,2024-10-01,0.10133742813385964,-0.7592519090485771,-0.6107043853969024,0.3767578101023658,-0.3032893208691057,-0.5466458285416594
Batman,2024,11,2024-11-01,-0.6889520553170043,0.25285548197647917,0.5402104409303601,-1.1484873757571323,-1.1017480671400495,-0.5403167978121722
Batman,2024,12,2024-12-01,-1.183198672133979,-0.015081626818015883,0.7869051186687409,-1.2440724735885793,-1.3586235809348604,-0.5243918400490033
Batman,2025,1,2025-01-01,-1.2582858118129028,-0.8646551563598325,0.45719484720119236,-0.5859545944988924,-0.9732560957924629,-0.4830168149356348
Batman,2025,2,2025-02-01,-1.3971024385451452,0.08227735560015889,0.6537340477503751,-0.37029913295637007,-0.82112247611527,-0.4850320685832621
Batman,2025,3,2025-03-01,-0.5737305782872119,0.32191430497904816,0.35415431005531356,0.19997757278723136,-0.17801752669765178,0.07160251681693287
Batman,2025,4,2025-04-01,-0.24973104450596004,0.7995383127621897,0.5339282415205974,0.12918796713933053,0.13889532559844928,1.281594568945201
Batman,2025,5,2025-05-01,0.4373163106716099,-0.18458184212228015,-0.03456484726092345,-0.43943113318724214,0.9373787901709286,0.6929761235864172
Batman,2025,6,2025-06-01,1.02515617694959,-0.9265180713899743,-1.1098252654975962,2.429004910418903,1.4740284420149548,-0.5101988661468566
Batman,2025,7,2025-07-01,1.5103179414746704,-1.0201617535938032,-1.336253654311904,0.5768591550298855,1.1466506763037372,-0.5460084715217982
Batman,2025,8,2025-08-01,1.4405166230245208,-1.0503586785259593,-1.3965302057809381,0.9302324366379299,1.0257941590406021,-0.5459376540751469
Batman,2025,9,2025-09-01,0.835881366394765,-1.0383400567909709,-1.2053311118666004,1.4738111389313664,0.43747143663619625,-0.5458668366284958
Batman,2025,10,2025-10-01,0.15419809466790987,-0.5004786607810272,-0.24883863123761543,-0.9185564042243218,-0.3106955807968212,-0.5453788049629887
Batman,2025,11,2025-11-01,-0.40595021538758014,0.27043230279490643,-0.3126406494812584,-0.9523927279728738,-0.9798264804994934,-0.493573424378227
Batman,2025,12,2025-12-01,-1.154247127204501,1.3042646535083178,1.0064636692995377,-0.49975749217198917,-1.450011898375796,-0.4651320400493861
Diyarbakir,1990,1,1990-01-01,-1.4016873059786543,0.3664508985837445,0.9006620590756145,0.13229914333144144,-1.1653187098923579,-0.5396788086690584
Diyarbakir,1990,2,1990-02-01,-1.1146961727991,1.0496917824989818,0.9643585397084405,1.0957699514049883,-0.9348582835718763,-0.39449659862441455
Diyarbakir,1990,3,1990-03-01,-0.5914270101136776,-0.5973426388285666,0.2856483575777114,0.2558101679115656,0.14478681095784998,0.9299912514701719
Diyarbakir,1990,4,1990-04-01,-0.2084482046154039,0.49456592921506837,0.5553045420506383,0.0575907942724305,0.09684748376981815,1.36893934487258
Diyarbakir,1990,5,1990-05-01,0.475867839065789,-0.9142766246385448,-0.47602471761920867,-0.43228264801696187,0.8810735910937629,-0.11590791338921694
Diyarbakir,1990,6,1990-06-01,1.063513486477835,-0.4924144271548826,-1.1546348075455193,1.7872083481354837,1.3110084360757293,-0.5879522163922952
Diyarbakir,1990,7,1990-07-01,1.6180013304611993,-1.0386019211526756,-1.4751916518333663,0.885505530472268,1.264436265249031,-0.594778826857686
Diyarbakir,1990,8,1990-08-01,1.38051456118571,-1.0409531159621932,-1.4897954563569022,1.2107869875216162,0.9992165259094044,-0.5945352596249359
Diyarbakir,1990,9,1990-09-01,0.9017579023966655,-1.0390885255066855,-1.3745014623415186,1.0270054714942962,0.4082166099811813,-0.5942916923921857
Diyarbakir,1990,10,1990-10-01,0.3017937878179801,-0.756083755189797,-0.7828491961225486,-0.08285480785378192,-0.5124370922260832,-0.5940481251594355
Diyarbakir,1990,11,1990-11-01,-0.31580570216769127,-0.2694038592563695,0.21257991756120942,-1.4149366108322075,-0.922088159365089,-0.5807247291851242
Diyarbakir,1990,12,1990-12-01,-0.9287416445043286,-0.11603448583901192,0.7230898342865321,-1.1255862622083708,-1.239480534439199,-0.5737644931391398
Diyarbakir,1991,1,1991-01-01,-1.2080904205028127,0.6014596533545558,0.6992499055277768,-0.6615331640357802,-1.2269267753331026,-0.5713998725969475
Diyarbakir,1991,2,1991-02-01,-1.2864932764521622,0.43495631978811206,0.9488376929931928,0.36731851103161706,-0.8523790622832045,-0.45944749773356713
Diyarbakir,1991,3,1991-03-01,-0.6131248069163423,1.6678302076310334,0.798637564678761,-0.02218411992684012,-0.570046844234375,0.6624797613092757
Diyarbakir,1991,4,1991-04-01,-0.1289606559190851,-0.10277941927757106,0.519567697418016,-0.6932082870090981,0.36090924791576057,2.1205939698987297
Diyarbakir,1991,5,1991-05-01,0.25930255363719473,0.14307374339128123,-0.06797360289277997,0.8596648627105916,0.772431907436083,0.9496626014343994
Diyarbakir,1991,6,1991-06-01,1.1025517312309199,-0.9082175226723664,-1.02628054264075,0.386051531906346,1.1496524132196413,-0.5358916745972119
Diyarbakir,1991,7,1991-07-01,1.5420752886256843,-1.0354613559582613,-1.4327157065088147,1.3083781169936668,1.061770337495887,-0.5918560200646837
Diyarbakir,1991,8,1991-08-01,1.5291044459980265,-1.0396569568212273,-1.416935534415671,0.9271857646883334,0.8017956634418785,-0.5916124528319335
Diyarbakir,1991,9,1991-09-01,0.9192463229740643,-0.9576924463302371,-1.3044108660302256,0.6223879016882178,0.4921333108132941,-0.5913688855991832
Diyarbakir,1991,10,1991-10-01,0.31136272689011185,-0.2283414110787856,-0.16858006696590153,-1.403739004739576,-0.5842343418692165,-0.5900647917117119
Diyarbakir,1991,11,1991-11-01,-0.48879501006557124,0.6127279336958389,0.48560927590104036,-0.918613175877901,-0.9213358379469071,-0.4993229499427551
Diyarbakir,1991,12,1991-12-01,-1.2603587470972137,2.332261533070129,1.420756176873139,0.10047976232936309,-1.3276578650152873,-0.5457425555177364
Diyarbakir,1992,1,1992-01-01,-1.644683146081587,0.20436410495062243,1.1939029118148798,1.1336367624821142,-1.2507015829759462,-0.5508016215585921
Diyarbakir,1992,2,1992-02-01,-1.700501504079155,1.3963975730386105,1.7099980800318422,0.8557860224099709,-1.0179840588891116,-0.5668194630315665
Diyarbakir,1992,3,1992-03-01,-1.0444351640318943,-0.6089785958160955,0.895547689006627,-0.3422304202268334,-0.13797388775092215,0.030147101924296264
Diyarbakir,1992,4,1992-04-01,-0.3103427211093992,-0.5444041995433351,0.33298574618828913,-0.6850152678172502,0.4027106540446649,2.232397513243106
Diyarbakir,1992,5,1992-05-01,0.18551388632437069,0.94273423709643,0.24372553822433804,-0.9322018737449896,0.5423368677794602,2.225217393892808
Diyarbakir,1992,6,1992-06-01,0.7754322753122124,-0.22712598954605626,-0.3506539204059434,-0.3719898404102341,1.0301895579849942,-0.1430485677517253
Diyarbakir,1992,7,1992-07-01,1.2343662467651881,-1.0370635491870002,-1.2499746273403987,2.0144009207564264,1.3918654672786348,-0.5836305799980754
Diyarbakir,1992,8,1992-08-01,1.3820954343221536,-1.0391512574174537,-1.3938237055318985,2.1476448542311894,0.9074707867416247,-0.588689646038931
Diyarbakir,1992,9,1992-09-01,0.8214447617975008,-0.9764212671981419,-1.393709673023982,0.32785315561492145,0.3256239396601889,-0.5884460788061808
Diyarbakir,1992,10,1992-10-01,0.3471908386695926,-0.9086850319766127,-0.8675940823385403,0.3633962468039266,-0.29468098720399194,-0.5882025115734306
Diyarbakir,1992,11,1992-11-01,-0.7490563731171073,0.8996435445422749,0.5015911998241824,0.4178160191423577,-1.1006841544262014,-0.585484382146331
Diyarbakir,1992,12,1992-12-01,-1.4130776021408473,0.16717103914617246,1.3536079438772142,-0.8321241861610995,-1.3732297882303306,-0.5594346663153656
Diyarbakir,1993,1,1993-01-01,-1.5661380777700358,0.7887560635604124,1.4441840942287303,0.5416541149305161,-1.2139431781421484,-0.543283199261798
Diyarbakir,1993,2,1993-02-01,-1.374586169514668,0.9824388835745755,1.3160296248542789,0.4375044256756939,-1.0652111871328127,-0.4550159196871905
Diyarbakir,1993,3,1993-03-01,-0.8477238185372737,0.21676706921639807,0.6759051494887808,-0.30623634835204694,-0.07705378873255617,0.5177305899248741
Diyarbakir,1993,4,1993-04-01,-0.2803282680316383,0.5954174677335502,0.6717296497755074,-0.55080638461551,-0.008671612049458596,1.712480679258571
Diyarbakir,1993,5,1993-05-01,0.09755747931827984,2.2498698820790106,0.8674575377103582,-1.473722106342681,0.3521387181642607,3.0843387199307033
Diyarbakir,1993,6,1993-06-01,0.7580875979540947,-0.9000919862300885,-0.38223576883323984,0.40823140311808304,1.4584920863901787,1.0172623282269826
Diyarbakir,1993,7,1993-07-01,1.4443903821439987,-1.0189042489859328,-1.3924932620332207,1.4925049606408076,1.3595351842928565,-0.5835358442843295
Diyarbakir,1993,8,1993-08-01,1.435053076204916,-1.0009669772075156,-1.410664538438118,0.6963994187144706,0.8798696609805835,-0.5857668392459285
Diyarbakir,1993,9,1993-09-01,0.993694364778617,-1.0383618870325568,-1.4935209328229415,0.6489131475209852,0.4545435872584934,-0.5855232720131783
Diyarbakir,1993,10,1993-10-01,0.41068268355704746,-0.5985826021725367,-1.2991535214530163,-1.1355081361692565,-0.3920156858607082,-0.5852797047804282
Diyarbakir,1993,11,1993-11-01,-0.8066294923844474,1.238992984622464,0.6497519879934365,-0.30835927261999907,-1.156663089691561,-0.5037290940190549
Diyarbakir,1993,12,1993-12-01,-0.9328893270938718,-0.6839118849851827,1.2179672740404066,-1.5993235523026479,-1.357881567923072,-0.4942942957787212
Diyarbakir,1994,1,1994-01-01,-1.001340305546242,1.8811501466057619,1.149367666295588,-0.8437098343963799,-1.2163937859352663,-0.456225277860916
Diyarbakir,1994,2,1994-02-01,-1.0661097654329972,0.21092890632057457,1.0999777716988626,-0.23352599291977102,-0.8312254298582548,-0.3686650160561226
Diyarbakir,1994,3,1994-03-01,-0.6138832241913322,0.29816314839284647,0.8033504144960963,-0.6991728035854611,-0.30237667882603375,0.6408464175862761
Diyarbakir,1994,4,1994-04-01,0.10095147428171537,-0.05383473683471441,0.27268056176066874,-0.8844495022780838,0.48040488592744474,2.4980721572357982
Diyarbakir,1994,5,1994-05-01,0.5209831938269284,-0.3057077220179224,-0.25969845264447294,-1.4461384369602124,0.8095341619692626,0.3843325927243458
Diyarbakir,1994,6,1994-06-01,1.1012844152600512,-0.9583437939576065,-1.2990036321462501,2.8034835474628426,1.4910530059175346,-0.5752004625655642
Diyarbakir,1994,7,1994-07-01,1.5520648118076559,-0.8974582097917431,-1.3711047034650208,1.116389310392029,1.285330363698948,-0.5830875996856764
Diyarbakir,1994,8,1994-08-01,1.3878899886604736,-1.0362954525564578,-1.390364361121859,1.8565839570623839,1.0192507775911872,-0.5828440324529262
Diyarbakir,1994,9,1994-09-01,1.1649027610279645,-1.0065012847201569,-1.4545928080515913,-0.7826612910553666,0.27990436491268017,-0.5826004652201761
Diyarbakir,1994,10,1994-10-01,0.41185479414717835,0.26036237182203176,-0.30694400255994375,-1.9335456447826378,-0.4537527283166725,-0.551955133885419
Diyarbakir,1994,11,1994-11-01,-0.6085390314239952,1.7322185868760802,1.0271873412069392,-0.2567125072178424,-1.230812020245541,-0.4799492630165361
Diyarbakir,1994,12,1994-12-01,-1.4907933237962465,1.1322798307492132,1.62366022938763,-0.5975349275600502,-1.4071938245794984,-0.5472258928010338
Diyarbakir,1995,1,1995-01-01,-1.1161360297729837,0.7465556634014493,1.5192045059538741,-1.0684382397834398,-1.3303665195553773,-0.5035007327247156
Diyarbakir,1995,2,1995-02-01,-0.9400135664775948,0.3429144086773275,1.1451919460461542,-0.7043587950463169,-0.7833980333253883,-0.29079832566282393
Diyarbakir,1995,3,1995-03-01,-0.6159782432287436,0.15058939036260333,0.8387669980893105,-0.7865313015979998,-0.29579889555374383,0.6211446557452268
Diyarbakir,1995,4,1995-04-01,-0.2666488372993712,1.3974280668959214,0.6964300644057148,-1.012411554545201,0.2268661241376457,2.1322851970707397
Diyarbakir,1995,5,1995-05-01,0.45904168815416413,-0.47146205400358754,0.10466624794155586,-1.2377311139929137,0.9643925204062799,2.577596450401475
Diyarbakir,1995,6,1995-06-01,0.9681133769225156,-0.4382425606394534,-0.6030237766199426,0.3681275714283789,1.2181003371812154,-0.2671994880977715
Diyarbakir,1995,7,1995-07-01,1.387559862967468,-1.0337020449222307,-1.2099800852726506,1.3710538470670772,1.368606478688801,-0.580164792892674
Diyarbakir,1995,8,1995-08-01,1.4623129775354065,-1.0123394476159804,-1.4178320276407774,0.5791535063868969,0.9610820992229793,-0.5799212256599237
Diyarbakir,1995,9,1995-09-01,0.9228151882036542,-0.9785929810937183,-1.2881094238340403,0.7000621828729271,0.3558244908011464,-0.5796776584271736
Diyarbakir,1995,10,1995-10-01,0.1526946878735242,-0.6481606265452942,-0.6088802578495321,0.04525140281752608,-0.4614484013954083,-0.5794340911944234
Diyarbakir,1995,11,1995-11-01,-0.6923316293004055,0.480636062567313,0.6130646767329299,0.26568317546264764,-0.955199647847664,-0.5547984109030862
Diyarbakir,1995,12,1995-12-01,-1.1415955730684872,-1.0230616597493718,0.8443327474655299,-2.3809912615233153,-1.1341065355240418,-0.5640995835628266
Diyarbakir,1996,1,1996-01-01,-1.2304737451734344,1.8855868709411425,1.3688706892158666,-0.6651899257441162,-1.4316995056839175,-0.5391103943865824
Diyarbakir,1996,2,1996-02-01,-1.0255555750674572,0.5326034718491157,1.0312673341971925,-0.8156279016222981,-0.8514586028169779,-0.2772702523226099
Diyarbakir,1996,3,1996-03-01,-0.7878418672113396,3.55481471811625,1.3057267480770318,-0.627184659835887,-0.7001848751111495,0.010376038339577865
Diyarbakir,1996,4,1996-04-01,-0.3958128073055566,0.6580634522877392,0.9504026732323972,-0.8188158848560398,0.031968911934593364,1.3161279175340905
Diyarbakir,1996,5,1996-05-01,0.47053426429671813,-0.5602783049025393,0.18534135192797258,-1.1050174134564743,1.042294593095294,4.203478547802777
Diyarbakir,1996,6,1996-06-01,0.8771585388003065,-0.9296663043483302,-0.8597408141726479,1.50466953388122,1.4031292856341109,-0.21160385745361757
Diyarbakir,1996,7,1996-07-01,1.6207897788783552,-0.9907750062891393,-1.5393223851423576,0.6809498371051053,1.1242809750195586,-0.5772419860996715
Diyarbakir,1996,8,1996-08-01,1.4352412105042607,-0.9377940194951986,-1.4561683902728264,0.5086158133589936,1.049947218205704,-0.5769984188669214
Diyarbakir,1996,9,1996-09-01,0.8023279409622032,-0.752015796852958,-0.9150789914096423,1.642510745586393,0.2503112163015271,-0.5767548516341711
Diyarbakir,1996,10,1996-10-01,0.06715046068589875,0.17020741427340502,-0.13362160081576233,-0.28180356622606656,-0.5942517792376564,-0.5708551422429079
Diyarbakir,1996,11,1996-11-01,-0.45981824275331606,-0.703757384080112,0.3140322830891451,-1.9741309426254308,-0.9699517967368874,-0.5561177107289685
Diyarbakir,1996,12,1996-12-01,-0.8294354694267905,2.0668241791808204,1.5250384822093934,-0.16389947664082014,-1.593995623964504,-0.5056758818394163
Diyarbakir,1997,1,1997-01-01,-1.1478065974252647,-0.44207484226535537,0.9130191852143242,-0.3614647078638849,-1.1189732806174784,-0.4361445731648828
Diyarbakir,1997,2,1997-02-01,-1.291687267578935,0.3215294482644274,0.9475766332617096,-0.43397526393332186,-0.894416623624631,-0.4295378460038056
Diyarbakir,1997,3,1997-03-01,-1.0160711107494775,0.2691158034327333,0.6139383749047772,0.06341907269095637,-0.30504233731905633,0.12430063499339628
Diyarbakir,1997,4,1997-04-01,-0.4324040333418117,0.09470787249436695,0.6244877665458852,0.21633400310608317,0.2508944530652821,1.553780623905379
Diyarbakir,1997,5,1997-05-01,0.4810192210214319,-0.4707141417751043,-0.09602147441867998,-1.1545291002535842,0.8939709810882254,0.6744940854893705
Diyarbakir,1997,6,1997-06-01,1.0055828038897276,-0.8142804564726144,-0.9324352566315876,0.8306387375712344,1.1498570763424336,-0.5547662489846242
Diyarbakir,1997,7,1997-07-01,1.3230347955092487,-1.038223864275029,-1.3462568004867814,2.877015615756808,1.2801711495783363,-0.5743191793066691
Diyarbakir,1997,8,1997-08-01,1.2671332588972513,-1.0389941396101623,-1.3118229830478756,0.9174710623931954,1.031202514156445,-0.5740756120739189
Diyarbakir,1997,9,1997-09-01,0.689791726945164,-0.50172482049643,-1.125231954947025,1.2147178444681517,0.3939356767128722,-0.5720645004166334
Diyarbakir,1997,10,1997-10-01,0.16309986439650673,1.1782857920182466,0.4108097313413533,-0.8022977925929637,-0.6300214492959704,-0.4813226586476767
Diyarbakir,1997,11,1997-11-01,-0.5287184291935281,0.2147355567829403,0.597058624780135,-1.3126832720719546,-1.0578726063604817,-0.28099306255753204
Diyarbakir,1997,12,1997-12-01,-1.0860307262732152,0.8608248330501402,1.2657758418396494,-1.2955496174494663,-1.5356550652505403,-0.48755219299541036
Diyarbakir,1998,1,1998-01-01,-1.4981409940525734,0.8856127558842237,1.415955982141198,-0.09979150244524118,-1.3896100953916237,-0.5332647808005775
Diyarbakir,1998,2,1998-02-01,-1.3429680725711746,0.032726883855833756,0.9784982454741401,0.9093858382204848,-0.6601452743877999,-0.3962132751087962
Diyarbakir,1998,3,1998-03-01,-0.8205200542814607,1.131749589534199,0.8736370784291706,0.5605835478944923,-0.3103734317854231,0.27074804905866406
Diyarbakir,1998,4,1998-04-01,-0.13003514060882426,1.1507408076288723,0.6698514493495441,-1.6410871483312857,0.2745258639055659,2.522489704264462
Diyarbakir,1998,5,1998-05-01,0.29666722304196874,1.3573344700171757,0.5825528470401328,-1.4521476605740649,0.7283644490416611,3.599521334924108
Diyarbakir,1998,6,1998-06-01,1.031148464568115,-0.8833352139417598,-0.5030155899920558,-0.46912600416718564,1.4103648071800883,0.8045701491967568
Diyarbakir,1998,7,1998-07-01,1.5517456910007312,-1.0029379364347961,-1.3660906818358378,0.6379958134596707,1.3956915183732186,-0.5710428636287596
Diyarbakir,1998,8,1998-08-01,1.5309581644043744,-1.0345361415204275,-1.5285027069354384,0.503508600928988,1.049173267106512,-0.5711528052809165
Diyarbakir,1998,9,1998-09-01,0.9482090749098784,-0.9797107486730382,-1.1823217312062642,0.6015222928525975,0.5156139814455406,-0.5709092380481662
Diyarbakir,1998,10,1998-10-01,0.33742984524637537,-1.0200040108677844,-1.1571557824557595,0.4910514518833108,-0.1810525038186828,-0.570665670815416
Diyarbakir,1998,11,1998-11-01,-0.19094850758042392,-0.16049060555867392,0.13610634142053865,-0.8511228340858956,-1.0212689739449485,-0.5700685946977588
Diyarbakir,1998,12,1998-12-01,-0.8922201033451042,0.9843787648768426,0.95888140529122,-1.0520989507641774,-1.3342360043190615,-0.5072539548364596
Diyarbakir,1999,1,1999-01-01,-1.0694939789242082,-0.516420605070137,0.90369004991406,-1.15154281957687,-1.0765399316179312,-0.4610542325657919
Diyarbakir,1999,2,1999-02-01,-1.0240457957584534,0.46614103266190204,0.9401494657940783,1.0344901269781603,-0.8035216965967827,-0.32753781572308116
Diyarbakir,1999,3,1999-03-01,-0.6712278892688314,0.7633740782482511,0.5567053481128436,-0.2500695644573624,-0.36334003720641966,0.23478487851189012
Diyarbakir,1999,4,1999-04-01,-0.14529740450340478,0.844548129002049,0.5082307159247438,-1.483702933817381,0.6061142609089735,2.2846729604357585
Diyarbakir,1999,5,1999-05-01,0.5350268378073144,-0.6109315493459075,-0.44423020563571847,0.15378820986668357,1.2121141962899737,0.6036282710505442
Diyarbakir,1999,6,1999-06-01,1.123098942326507,-0.9049623871793696,-1.120233219359464,0.05906351134134668,1.4450137212760636,-0.558818884176017
Diyarbakir,1999,7,1999-07-01,1.5241548472997895,-0.9344526996324883,-1.3581859576666817,0.09367211336453965,1.2685631292006552,-0.5684735657206642
Diyarbakir,1999,8,1999-08-01,1.467703700096242,-0.943127572339544,-1.4587869974998142,0.10356347695197636,0.8539880062361355,-0.568229998487914
Diyarbakir,1999,9,1999-09-01,0.8740081996533927,-0.8232209944633251,-1.1788360364720716,-0.20431820029532174,0.48615701974327796,-0.5679864312551638
Diyarbakir,1999,10,1999-10-01,0.2586946826096091,-0.668534188150647,-0.6914053449701943,-0.27754964800695825,-0.3637269942127089,-0.5677428640224137
Diyarbakir,1999,11,1999-11-01,-0.5436248560061674,-0.9670442978281983,-0.23395149487593744,-0.6647694554317849,-0.9641407991740539,-0.5674992967896635
Diyarbakir,1999,12,1999-12-01,-0.9350168400789061,-0.06221120092006498,0.4690482199790825,-0.9376077889610928,-1.3351818802679445,-0.558771516319144
Diyarbakir,2000,1,2000-01-01,-1.490239599113315,1.257086284855877,1.118886053359098,0.559523082017848,-1.3875895444943795,-0.5500437358486244
Diyarbakir,2000,2,2000-02-01,-1.3052885080459167,0.625265652662256,0.9617923969920412,-0.04314320258518361,-0.7827303391591041,-0.4069825791134231
Diyarbakir,2000,3,2000-03-01,-0.9389069597114977,0.0830304573504244,0.6758517060741104,-0.3220089912339869,-0.08582453729507242,0.4770332003869703
Diyarbakir,2000,4,2000-04-01,-0.048140893086172365,0.03825792331158869,0.40832573440686687,-1.2843134313001785,0.3707010689914418,1.0524357233635024
Diyarbakir,2000,5,2000-05-01,0.4140632613865209,-0.801453619763597,-0.4082543150102573,-0.28120025782831726,1.1050202368149353,0.11870881667180765
Diyarbakir,2000,6,2000-06-01,1.0538516869757062,-1.0361999773076391,-1.3160936207619858,2.029917401032099,1.3516730108573307,-0.5622592373113415
Diyarbakir,2000,7,2000-07-01,1.6572029659399656,-1.038814658696221,-1.7367775091867081,0.34833665003958486,1.4751842630793461,-0.5655507589276619
Diyarbakir,2000,8,2000-08-01,1.3670451816410152,-0.8978291544948753,-1.4189866560862832,0.9259301818584627,1.032535143135246,-0.5653071916949117
Diyarbakir,2000,9,2000-09-01,0.8603550734351808,-0.9215227622085841,-1.1333473913765226,0.5874907088890772,0.44617123436521255,-0.5650636244621615
Diyarbakir,2000,10,2000-10-01,0.09061726492435147,0.20147722216461314,-0.32268711937640276,-0.9087808405227041,-0.5519474962612005,-0.5570428617614561
Diyarbakir,2000,11,2000-11-01,-0.5352233305423818,-0.44720655108910945,0.08437669427383472,-1.5184090694110444,-0.9257157246880231,-0.5246299860021637
Diyarbakir,2000,12,2000-12-01,-1.1761924664402015,1.3877341699152501,1.0830603702290211,-0.8399374321426427,-1.423273226167219,-0.5303960698128334
Diyarbakir,2001,1,2001-01-01,-1.1508737711899348,-0.7103892747700139,0.9729964600665151,-1.1566500320068758,-1.1486811644722537,-0.41349457056075434
Diyarbakir,2001,2,2001-02-01,-1.0703890033101267,0.9187684279852941,1.0018085939853518,0.12075907386026663,-0.8959768093482736,-0.3308834331446598
Diyarbakir,2001,3,2001-03-01,-0.38900974130303695,1.825182444367812,0.7889212687120408,-1.0723875523909001,-0.23793147508193097,1.1095553311994415
Diyarbakir,2001,4,2001-04-01,-0.14991797087494121,0.8152585712172264,0.675981714195449,-0.8314437425561811,0.35745938425824086,2.6146862214815347
Diyarbakir,2001,5,2001-05-01,0.13117829791099472,1.828384652120699,0.4608925403821255,-0.33351541212286673,0.822388559625319,3.277051930145203
Diyarbakir,2001,6,2001-06-01,0.9566180567437437,-0.9558578444474474,-0.8565424214905999,0.4332187268565771,1.7664257872746683,0.034204987240610045
Diyarbakir,2001,7,2001-07-01,1.5043314412875686,-0.9937797274306167,-1.4536332595267578,-0.10207088889133202,1.4749692568833768,-0.5626279521346594
Diyarbakir,2001,8,2001-08-01,1.4212547143156402,-1.016155902249005,-1.4182773413049576,0.7811006001484212,1.0707122951364656,-0.5623843849019092
Diyarbakir,2001,9,2001-09-01,0.9456796901732302,-0.5676815602798699,-1.3510293330002472,-0.11406079335410312,0.45665272196483214,-0.5621408176691591
Diyarbakir,2001,10,2001-10-01,0.1546587204033558,-0.15135258095655366,-0.4026087156763544,-0.997541072283963,-0.37206759687148083,-0.556594617162803
Diyarbakir,2001,11,2001-11-01,-0.7807500407534413,0.27999513337341553,0.366575160781057,0.36988270248012434,-0.9886694503208968,-0.545038765613027
Diyarbakir,2001,12,2001-12-01,-1.1525779233618134,3.2097225903890565,1.5613271921119047,-0.6259231741804667,-1.630066418407407,-0.5020206233065229
Diyarbakir,2002,1,2002-01-01,-1.5372687294072196,0.18676125318884712,1.291407285570601,1.3435919701169816,-1.1367723312375317,-0.5120288137360773
Diyarbakir,2002,2,2002-02-01,-1.0169406376849093,0.35225100924315284,0.8769178484980706,0.15585203118230453,-0.5939249677319564,-0.2646825359532941
Diyarbakir,2002,3,2002-03-01,-0.6460630069757526,1.265515676681337,0.8659986680045427,-0.6368993621310249,-0.3650168719160872,0.5663069108110406
Diyarbakir,2002,4,2002-04-01,-0.3862315790958102,1.126151460758494,0.9701140795781182,-1.040519454415873,-0.05565547307367262,1.6341473104631035
Diyarbakir,2002,5,2002-05-01,0.22202853668889655,-0.07111137010665737,0.15488997180403663,-1.339009515546749,1.136619516535993,3.553944122741175
Diyarbakir,2002,6,2002-06-01,0.8878125254609655,-0.8378371307810911,-0.668471801349139,1.0135527378174778,1.5190177329416659,-0.08624680679895051
Diyarbakir,2002,7,2002-07-01,1.4256878804160604,-0.9213421919423472,-1.360592935205792,0.8254258471691257,1.4309880501893808,-0.55935163645675
Diyarbakir,2002,8,2002-08-01,1.3021842410435158,-1.0348847231169096,-1.2740830981427764,0.9082073656899815,1.1154672749139103,-0.5594615781089068
Diyarbakir,2002,9,2002-09-01,0.8945431216113655,-0.8485795273165412,-1.1582570066264442,-0.1406307711305016,0.49463354228732725,-0.5592180108761567
Diyarbakir,2002,10,2002-10-01,0.3153705721515059,-0.5466037233070383,-0.6409351333525166,-0.5648563495215284,-0.4817840889893279,-0.5589744436434064
Diyarbakir,2002,11,2002-11-01,-0.4227870188878647,-0.008280457877049847,-0.07385206613569008,-1.0385164047840638,-0.9195019877181781,-0.532571218927534
Diyarbakir,2002,12,2002-12-01,-1.5961323831002103,1.1647819765183238,1.156297046013485,-0.16940897768979823,-1.4787764240581467,-0.5454074804363449
Diyarbakir,2003,1,2003-01-01,-1.3258094997060297,0.828329799455544,1.504033499948557,-0.34034126768719053,-1.4436516872885299,-0.4903700360430009
Diyarbakir,2003,2,2003-02-01,-1.4586739670901971,3.8937528446891894,1.6272540695268105,0.19560074702687658,-1.253032875145804,-0.5000247175876482
Diyarbakir,2003,3,2003-03-01,-1.0822587915717412,1.7234340773403651,1.2607775780198045,0.05510610414453771,-0.36665062527947784,-0.1614731474988442
Diyarbakir,2003,4,2003-04-01,-0.33539299138268713,1.0839723343538858,0.9778172516635816,-0.6050312641559975,0.002005806693465284,1.3599191514889732
Diyarbakir,2003,5,2003-05-01,0.3775801556608358,-0.6004771812007623,0.15578068346068547,-1.0422929664101144,1.089112938092648,4.490130385688809
Diyarbakir,2003,6,2003-06-01,0.8722662960940842,-0.605726728379985,-0.6604249829609794,0.8479307721680952,1.5091079544349844,0.281497169218135
Diyarbakir,2003,7,2003-07-01,1.3995931988810024,-0.9882890567789799,-1.314836729719141,1.6702202920551257,1.4583311329121111,-0.5567823385486547
Diyarbakir,2003,8,2003-08-01,1.4586518776680366,-1.0330615908178156,-1.4359053836512699,0.9960655862673936,1.0832659689433524,-0.5565387713159045
Diyarbakir,2003,9,2003-09-01,0.8344143130933224,-0.8493912608080879,-1.1961963116536185,1.1479993030584164,0.540610937553469,-0.5562952040831542
Diyarbakir,2003,10,2003-10-01,0.3196571427604153,0.18033447457642263,-0.3997993767362236,0.1818167329541004,-0.35611752833046395,-0.5518095302315194
Diyarbakir,2003,11,2003-11-01,-0.6493195941739421,0.5400138394009603,0.6298754514877662,-0.5001876818264608,-1.0642429048580213,-0.4419782086775814
Diyarbakir,2003,12,2003-12-01,-1.2060497111455444,1.3528901202157273,1.1779123506758384,-0.5174899529641842,-1.474004318998938,-0.48344868986386397
Diyarbakir,2004,1,2004-01-01,-1.3332784889719216,1.7779141566481582,1.5951086914535189,0.12177986379835713,-1.5101608793076384,-0.503001620185909
Diyarbakir,2004,2,2004-02-01,-1.3041241014132,1.6132552291351634,1.5084084903305188,0.4191716528128366,-1.1736672627791562,-0.45185277352654246
Diyarbakir,2004,3,2004-03-01,-0.6476271277798406,-0.8271372817543498,0.7076066504072264,0.15557992846042548,0.07109731987365986,0.792388559694142
Diyarbakir,2004,4,2004-04-01,-0.32784336233580247,0.940877848167732,0.38067169043092297,-0.12319241127179331,0.5176042782334648,2.368221226957646
Diyarbakir,2004,5,2004-05-01,0.19548766789107483,1.1469445373979072,0.37203483534511034,-0.8633220521659285,0.8741082092167793,3.382681784988744
Diyarbakir,2004,6,2004-06-01,0.8842331658211977,-0.7809665772119573,-0.6967866390530488,1.2573467147017838,1.6669041226631267,0.02353041894972916
Diyarbakir,2004,7,2004-07-01,1.3767045791299812,-1.032312589237037,-1.425883006543343,2.1085119498124394,1.514522074705739,-0.5538595317556522
Diyarbakir,2004,8,2004-08-01,1.3713977508622586,-1.0378256229953238,-1.422588986034964,0.9661781719523586,1.1596203174497253,-0.5536159645229021
Diyarbakir,2004,9,2004-09-01,0.9555185793412215,-1.0375419520142004,-1.51031790204306,0.5782574976531708,0.574282492489665,-0.5533723972901519
Diyarbakir,2004,10,2004-10-01,0.35927146083723493,-0.6978875671985334,-0.869845186231827,-0.7157438718183718,-0.4506577249907446,-0.5531288300574017
Diyarbakir,2004,11,2004-11-01,-0.7214065042477472,2.172818896106752,0.8429229097206397,0.12649699175876816,-1.2291085356060436,-0.526018587571715
Diyarbakir,2004,12,2004-12-01,-1.4397445266774207,-0.7144468528754525,0.9251497650051851,0.27824381071662957,-1.2146315858952201,-0.4748697409123486
Diyarbakir,2005,1,2005-01-01,-1.3891742781376453,0.6636081400317807,1.1774865789263953,0.40027387420163624,-1.300057366018005,-0.4859384579966243
Diyarbakir,2005,2,2005-02-01,-1.237514938652221,0.20832351581109773,1.115687734391248,-0.322390831675714,-0.9623663705079125,-0.3078799216556242
Diyarbakir,2005,3,2005-03-01,-0.7965597765261356,0.505820047976511,0.8934012436435874,0.8069351160231207,-0.28634102614362317,0.5644700646428361
Diyarbakir,2005,4,2005-04-01,-0.15773927625651166,0.07820151455755715,0.4547767003691658,-0.8537130776551805,0.22319413339835825,1.7489683963142282
Diyarbakir,2005,5,2005-05-01,0.40877893289742817,-0.4255646402109178,-0.13613455078097295,-1.0053481663785333,1.0144351572723298,0.6317703783557704
Diyarbakir,2005,6,2005-06-01,0.8600733171278706,-0.3710027339425927,-0.7940517921547602,1.15111153553982,1.432024035741838,-0.4507837688817957
Diyarbakir,2005,7,2005-07-01,1.534118767328837,-1.0362861616773529,-1.3945780854574608,0.7343618704752997,1.4632751628210106,-0.5509367249626498
Diyarbakir,2005,8,2005-08-01,1.4939422004194953,-1.0149235643711028,-1.3723734406966113,0.45269261432905866,0.9874789499653418,-0.5506931577298996
Diyarbakir,2005,9,2005-09-01,0.8298884018792195,-0.949822194940214,-1.161467673099279,0.5806566840169772,0.44931088562717214,-0.5504495904971494
Diyarbakir,2005,10,2005-10-01,0.07776052384058152,-0.04999534303429831,-0.42536353237793734,0.6785302025657153,-0.29975466168714415,-0.5480849699549568
Diyarbakir,2005,11,2005-11-01,-0.69858584313493,-0.012560064405138993,0.47898822572674915,-1.0776695083169725,-1.0007203807920384,-0.5089554253824303
Diyarbakir,2005,12,2005-12-01,-0.9867619759121284,0.9908170130729627,1.0681195792589324,-0.7496780326867664,-1.3437376226344915,-0.513660982538379
Diyarbakir,2006,1,2006-01-01,-1.5907779419074015,1.257749102066942,1.4512435402883566,-0.07676660595495412,-1.4335486212747603,-0.5144779419603499
Diyarbakir,2006,2,2006-02-01,-1.2303123785159258,1.4904279357825898,1.395540926456044,-0.36644576923673583,-0.9884596935434036,-0.3597509920232157
Diyarbakir,2006,3,2006-03-01,-0.6850380727216345,-0.058062504974989416,0.9302236530205582,-0.8896137255195279,-0.1787742399539823,0.5910779667246113
Diyarbakir,2006,4,2006-04-01,-0.14195464851291567,1.0388523080708632,0.8333835750691324,-0.9700874642662158,0.052864176438843946,2.327050158851013
Diyarbakir,2006,5,2006-05-01,0.3777377560384278,-0.13337929778319998,0.03300176273818383,-0.4829524836980425,1.2310735059997824,2.374310407776402
Diyarbakir,2006,6,2006-06-01,1.188377722997628,-1.0115598814017424,-1.2198584309204366,0.31919879466571704,1.631935498673188,-0.45139605093786384
Diyarbakir,2006,7,2006-07-01,1.3794457412930279,-0.840536907187091,-1.237489547741037,0.6512085737089208,1.3796550201160327,-0.5480139181696474
Diyarbakir,2006,8,2006-08-01,1.575143719923534,-1.0352333047133917,-1.6089312388383696,-0.334131024294565,0.9245381220339898,-0.5477703509368972
Diyarbakir,2006,9,2006-09-01,0.839331134074773,-0.9437832773760946,-1.145157723159927,1.804106138890435,0.49582138588955627,-0.547526783704147
Diyarbakir,2006,10,2006-10-01,0.23755635793615024,1.4228733601795924,-0.05446854428026391,-0.4671372757301278,-0.5789039594658176,-0.517588470139204
Diyarbakir,2006,11,2006-11-01,-0.7965767146263605,0.6160976394874177,0.6898800844245286,0.3673940522290547,-0.8830403635311933,-0.12141495181054962
Diyarbakir,2006,12,2006-12-01,-1.2587463293219294,-0.42781600236243517,0.43616194213086534,0.26052099454814837,-1.1704785433594047,-0.40786709023742285
Diyarbakir,2007,1,2007-01-01,-1.4407224288509541,0.04173726593182673,0.8977854009565159,-0.4010181075011082,-1.217039249562528,-0.47196214005775705
Diyarbakir,2007,2,2007-02-01,-1.184808285032446,0.5373757055534333,1.0648975359032136,-0.7426114814051119,-0.9405846983501578,-0.2596132418807725
Diyarbakir,2007,3,2007-03-01,-0.7456055519155259,0.6775707500175866,0.7872817589519813,-0.08687129309511561,-0.25005558153623497,0.6562183372612559
Diyarbakir,2007,4,2007-04-01,-0.5338497838352587,1.0145902690426125,0.6806039237955135,-1.2776583342026038,-4.940509811750968e-5,1.5239727080559247
Diyarbakir,2007,5,2007-05-01,0.5123736386097463,-0.12971175943065727,0.21144978252394467,-0.9684033663469496,0.5070824827269291,1.9173181553053225
Diyarbakir,2007,6,2007-06-01,1.0286716888595777,-0.684330823958501,-0.8597928362795738,1.022651753222489,1.4974568527110255,-0.41029428457489925
Diyarbakir,2007,7,2007-07-01,1.450448930931655,-0.9794156081082191,-1.366358067565769,2.21369069793936,1.320411533287658,-0.5450911113766449
Diyarbakir,2007,8,2007-08-01,1.4643174055246477,-0.9891444271315314,-1.3801607025566263,-0.17057918128629337,0.9563094156126095,-0.5448475441438948
Diyarbakir,2007,9,2007-09-01,0.9937224640201082,-1.0373422866982,-1.4600759481601642,0.12049997229429628,0.576583882160564,-0.5446039769111445
Diyarbakir,2007,10,2007-10-01,0.3685587038188935,-0.6505238042300614,-0.6654597259021946,-0.370868652660398,-0.4276139651165568,-0.5443604096783944
Diyarbakir,2007,11,2007-11-01,-0.6191526297055484,-0.0708331458870112,0.2511710890212623,-0.03867197578403293,-1.0343562422913688,-0.5359861380927817
Diyarbakir,2007,12,2007-12-01,-1.21745264554871,0.17449304362371282,0.7918800583264759,0.14232435406377736,-1.2745630391459741,-0.5113504578014446
Diyarbakir,2008,1,2008-01-01,-1.5626630907678345,0.07623273403486748,0.5598418659152213,0.8727068644930924,-1.07967877285704,-0.5234797015404414
Diyarbakir,2008,2,2008-02-01,-1.3736246657609845,-0.020973629237721378,0.8555966474515684,1.317522375355669,-0.8066759451886948,-0.39208433800717296
Diyarbakir,2008,3,2008-03-01,-0.4257508999921412,-0.39405044079040924,0.34119545340535157,0.15377590609273373,-0.1608035315078502,0.3240147211623682
Diyarbakir,2008,4,2008-04-01,0.08567698973812966,-0.5579189085662121,-0.15851549539466317,0.10367306523497101,0.4155474542299391,-0.07768131374420575
Diyarbakir,2008,5,2008-05-01,0.2908007900137038,0.143239062725382,-0.39196807955323193,-0.3268603150252923,0.9982699045196021,-0.35600274781821656
Diyarbakir,2008,6,2008-06-01,0.9980121860224865,-0.8635229714764345,-1.1011863727893298,2.984814893671181,1.6735562924768488,-0.5395838007371363
Diyarbakir,2008,7,2008-07-01,1.3988584247330667,-1.0368769560985447,-1.4532029779405664,1.858601053921375,1.5312029239917984,-0.5421683045836425
Diyarbakir,2008,8,2008-08-01,1.5230154246969236,-0.9973337848368726,-1.39583757217952,0.3153714239274872,0.7120698966201813,-0.5419247373508923
Diyarbakir,2008,9,2008-09-01,0.8207331561222281,0.39863829544671886,-0.8064583095843944,1.239660436263014,0.14703162077782003,-0.5353180101898151
Diyarbakir,2008,10,2008-10-01,0.11065048833710128,-0.018440774809671663,0.11202124182673417,-0.8689351390477825,-0.3979492961198656,-0.45270687277372057
Diyarbakir,2008,11,2008-11-01,-0.5531061133647815,0.4972226448208054,0.5110325458532375,-0.9994974970820503,-0.9928213886605864,-0.4803905074486278
Diyarbakir,2008,12,2008-12-01,-1.2747529951150591,0.14338035353979592,0.69862579169025,0.10402653725642472,-1.2595587575459692,-0.45328026496294127
Diyarbakir,2009,1,2009-01-01,-1.4254318248475344,-0.33061181779443716,0.9389601790275581,-0.5771368372749048,-1.1803668739094793,-0.4753077574793357
Diyarbakir,2009,2,2009-02-01,-1.0496840336188171,1.2300393744042082,1.1554430367464432,-0.45050107718696353,-1.0805908728201217,-0.32941852966487795
Diyarbakir,2009,3,2009-03-01,-0.8828624209887507,0.8216553612569332,1.0439560249072923,0.4855357989473577,-0.4773131713619501,0.33931033892711754
Diyarbakir,2009,4,2009-04-01,-0.3565746893388173,0.08312266454235658,0.5189387003590277,-1.3394890389974625,0.39413149288767657,2.066798317815749
Diyarbakir,2009,5,2009-05-01,0.2804005442595497,-0.7239165427288821,-0.1951082769221398,-0.4758950979814935,1.1023973036367072,1.007222248097142
Diyarbakir,2009,6,2009-06-01,0.9822766463407377,-0.6232444851243419,-0.8830623214484457,0.3756439327954857,1.0532412932717654,-0.518985549698781
Diyarbakir,2009,7,2009-07-01,1.3495579626659329,-0.9365098432294822,-1.1856437431521565,2.162326271801607,1.2287517787966908,-0.5392454977906401
Diyarbakir,2009,8,2009-08-01,1.2056576635625644,-1.0136912264932005,-1.340028956518694,1.6311484083832763,1.1257851246039705,-0.5390019305578899
Diyarbakir,2009,9,2009-09-01,0.6608693633884553,-0.2703754025513523,-0.7878209369586003,1.311585616563313,0.3387243816837555,-0.5256785345835786
Diyarbakir,2009,10,2009-10-01,0.33588051674877306,1.0252082911088218,-0.43360659905364324,-1.64033970643549,-0.4691446530253052,-0.5335656717036906
Diyarbakir,2009,11,2009-11-01,-0.6264866439235106,0.454780031837133,0.8691456046833268,-0.14540488499620943,-1.0418255335584312,-0.11229302254663524
Diyarbakir,2009,12,2009-12-01,-0.9574021247753985,1.418897609034686,1.4160643936871138,-0.9449213123777646,-1.5843659187125634,-0.4093504275207202
Diyarbakir,2010,1,2010-01-01,-1.1529658194843881,2.601445560276366,1.5101928995137148,1.6301428113665546,-1.4705222103202689,-0.4603656485994933
Diyarbakir,2010,2,2010-02-01,-1.0039433022417532,-0.1928094262962151,1.3900420273912584,-0.9120223622684429,-1.1140143895539558,-0.36255362913239536
Diyarbakir,2010,3,2010-03-01,-0.555954433140485,0.474622262875176,0.8856105128424985,0.037931727513879375,-0.3096430960797349,0.6759455330723819
Diyarbakir,2010,4,2010-04-01,-0.22934938957688702,-0.08869185876178244,0.5893417024000441,-0.931521554670784,0.36063181829723634,2.2217299451187866
Diyarbakir,2010,5,2010-05-01,0.36071658003275947,-0.17852059782057703,0.10139887588663873,-1.374857436502686,0.8733770724402518,1.7461505532666375
Diyarbakir,2010,6,2010-06-01,1.0340933373473404,-0.4772941940771923,-0.7988353658671538,0.2954810013597087,1.331030511070969,-0.44111885930548245
Diyarbakir,2010,7,2010-07-01,1.5382694206613376,-0.9755271306853216,-1.3820523662223225,0.555488390177013,1.4371785908884633,-0.5363226909976376
Diyarbakir,2010,8,2010-08-01,1.4961997506033273,-0.995795412871197,-1.5418643694422864,1.0195414883496035,1.046593192754884,-0.5360791237648874
Diyarbakir,2010,9,2010-09-01,1.0824406510493212,-0.9944577955738174,-1.2124404339513266,-0.2691800173350948,0.31206622121176936,-0.5358355565321372
Diyarbakir,2010,10,2010-10-01,0.18746694467227404,0.06425146350774265,0.11789921124108663,-0.25727950204116024,-0.41789783014844795,-0.5218051427880118
Diyarbakir,2010,11,2010-11-01,-0.31171792556673916,-1.0365752794199532,-0.6932086991037801,-1.6421599428880234,-0.7301397230814348,-0.5353484220666368
Diyarbakir,2010,12,2010-12-01,-0.8369950497408527,0.2964235084673214,0.41180478636392537,-0.571109407061553,-1.3061625413867088,-0.5262671327112102
Diyarbakir,2011,1,2011-01-01,-1.2390901911853154,-0.13751870284917062,0.7082663902075672,-1.2368537103569675,-1.2276155428263194,-0.5147112811614342
Diyarbakir,2011,2,2011-02-01,-1.1922036422055657,0.5430873152754251,0.8298975776401286,0.2870102256868404,-0.8938322437892652,-0.43457470593968905
Diyarbakir,2011,3,2011-03-01,-0.7756647125096107,-0.11112967613864368,0.4083692939590645,0.06551539689634821,-0.049840439591950274,0.38015333211892116
Diyarbakir,2011,4,2011-04-01,-0.34021336247926864,3.4981296682832776,0.8946581929068229,-0.43954349433750917,-0.19037953139623748,1.484405146916411
Diyarbakir,2011,5,2011-05-01,0.10662510477005853,0.5233863750517959,0.6603570744759075,-1.9135742016029391,0.7647783811209791,3.4084440658133666
Diyarbakir,2011,6,2011-06-01,0.8169631743663206,-0.42672604465124225,-0.3741174054599643,0.5310819590521666,1.487849320139332,0.6074832290425954
Diyarbakir,2011,7,2011-07-01,1.4710150126035983,-0.9961003576066748,-1.2666548770177406,0.7877251868725446,1.218304551555991,-0.5309253220102859
Diyarbakir,2011,8,2011-08-01,1.3893428460322956,-1.0216383713738322,-1.272974890901505,1.1102031764244544,1.0375217648471335,-0.533156316971885
Diyarbakir,2011,9,2011-09-01,0.8708004871994427,-0.8129368163530162,-1.0904592459329214,-0.016197561158513608,0.30491081851901086,-0.5329127497391348
Diyarbakir,2011,10,2011-10-01,0.029679458617687345,-0.7146361379600527,-0.4103598788270697,-0.029247906591788365,-0.4079666444804345,-0.5326691825063846
Diyarbakir,2011,11,2011-11-01,-1.020897148606061,0.6104580525552993,0.4084612370417689,0.3663538601849961,-1.0510274160632842,-0.49778174455274277
Diyarbakir,2011,12,2011-12-01,-1.2804579077139915,0.06980377671785207,0.7480378548685415,-0.7565892674844646,-1.2883207654518618,-0.49258905293129374
Diyarbakir,2012,1,2012-01-01,-1.4776704341976288,1.276065520075301,1.4380097469138724,0.603171696119955,-1.547392600399329,-0.5025972433608482
Diyarbakir,2012,2,2012-02-01,-1.5180333633190468,1.173062452063302,1.1302581667598501,1.3348109333584672,-0.9054161820747884,-0.4228141770240101
Diyarbakir,2012,3,2012-03-01,-1.2096925886611556,0.010316363055545879,0.9144351869852686,0.8177954143668552,-0.29966896257725034,0.17309186127713153
Diyarbakir,2012,4,2012-04-01,-0.14628772844588897,-0.21757934343283006,0.523163290253617,-1.406162848463566,0.500210655160575,2.447104576232074
Diyarbakir,2012,5,2012-05-01,0.32642009510974374,0.09783427610894098,0.2454105658598048,-0.48986371849574084,0.722172929255999,1.027302952793175
Diyarbakir,2012,6,2012-06-01,1.0735820743397997,-0.8601827409660198,-0.9106874956991904,0.9318071523437936,1.4784282212125406,-0.4653215009365774
Diyarbakir,2012,7,2012-07-01,1.4476073161827807,-0.9874265742519146,-1.3295856326623952,1.4222595694506035,1.2955187468304985,-0.5304770774116329
Diyarbakir,2012,8,2012-08-01,1.4231862528978487,-1.0316721351326221,-1.3545744082981988,0.8364140898322064,1.0143488499419842,-0.5302335101788825
Diyarbakir,2012,9,2012-09-01,0.9725635496117704,-0.9989796149266164,-1.3432868321505662,-0.22382481481119607,0.4304097090580886,-0.5299899429461324
Diyarbakir,2012,10,2012-10-01,0.2543293425160567,0.8678429821444985,-0.07276633375752822,-0.9688605238258473,-0.5822146365467464,-0.4781340785169518
Diyarbakir,2012,11,2012-11-01,-0.4287888189692333,0.8633838947024681,0.7961122576172378,-2.097971279989673,-1.1266868107732866,-0.23432288958323916
Diyarbakir,2012,12,2012-12-01,-1.2250270181692577,2.700432508339341,1.4189179255323838,-0.1360722223936017,-1.5234029163636618,-0.43805394894186095
Diyarbakir,2013,1,2013-01-01,-1.4966201780425479,1.4251776500712192,1.5651829166082025,0.13313988470696303,-1.3628265361232788,-0.4823525012074
Diyarbakir,2013,2,2013-02-01,-1.0821630075118054,0.9264177403049622,1.4793759796753343,-0.9650392800684499,-1.0103722786924554,-0.3428264333212692
Diyarbakir,2013,3,2013-03-01,-0.7673053087440609,-0.4020614069341046,0.9124840142618501,0.21179542932806045,-0.13229983366388226,0.48533494236380903
Diyarbakir,2013,4,2013-04-01,-0.19297550460838037,-0.005493921040594729,0.6201051590346653,-0.9605354507546202,0.4913670866463801,2.641982707529608
Diyarbakir,2013,5,2013-05-01,0.3067986049862648,1.2239546412744935,0.4258237184615699,-1.9214848815303842,0.6384668018742082,2.909832500637001
Diyarbakir,2013,6,2013-06-01,0.8860158721971656,-0.8517724441903234,-0.6833474753314559,1.0587737445104843,1.5832248677308431,-0.0024836348794934878
Diyarbakir,2013,7,2013-07-01,1.3627348352737154,-1.0359293785540609,-1.2852352529595008,3.5145970506970547,1.5419077937353909,-0.5272007617337233
Diyarbakir,2013,8,2013-08-01,1.3181613836319808,-1.0359091941520018,-1.3522627544515162,1.6377547885079005,1.09001532103385,-0.5273107033858802
Diyarbakir,2013,9,2013-09-01,0.7332209763530311,-1.000054834997227,-1.120148668847616,1.521069594585957,0.47349945226124635,-0.52706713615313
Diyarbakir,2013,10,2013-10-01,0.022863503272129392,-0.9025446163414556,-1.0117079495579946,1.7584623455905863,-0.22598016501272217,-0.5268235689203797
Diyarbakir,2013,11,2013-11-01,-0.42082901757347035,-0.04803745603456283,0.3808649325162235,-1.8435403656060818,-1.1640514965864897,-0.523044912838559
Diyarbakir,2013,12,2013-12-01,-1.472156759272336,-0.1984681082780973,0.5799864536602513,1.0591556596723,-1.4223709656118397,-0.5174987123322029
Diyarbakir,2014,1,2014-01-01,-1.2103833739689196,-0.0319244059075353,0.8911109715925387,-0.8779611537117984,-1.275337171969569,-0.5017007541635422
Diyarbakir,2014,2,2014-02-01,-1.0304049125550427,-0.06668444994193563,0.269321617297682,-0.14312313243833782,-0.5443906507313709,-0.3579325796585267
Diyarbakir,2014,3,2014-03-01,-0.5819220482197036,0.0529586413552189,0.47645011888939504,0.394971544818406,-0.2930912238088954,0.3026655845806064
Diyarbakir,2014,4,2014-04-01,-0.1390764001382419,-0.005515194794949223,0.32479039357459255,-0.17452037439826074,0.4852778939461087,0.2718003699415356
Diyarbakir,2014,5,2014-05-01,0.4284575708126722,-0.12459094412985744,-0.23057714761633294,-0.4655345222026336,0.7968935243989816,-0.25044219471834483
Diyarbakir,2014,6,2014-06-01,0.9201004970445655,-0.5198006283239285,-0.9227416151709802,0.8294196177526493,1.5057440309503436,-0.4980083558054418
Diyarbakir,2014,7,2014-07-01,1.449188189319224,-1.0048592359788533,-1.332974020295816,0.9756062261739226,1.4570838655550258,-0.524631463825628
Diyarbakir,2014,8,2014-08-01,1.4590261862408562,-1.0219656792159597,-1.4196981991667035,0.3897607465555254,1.07010982384761,-0.5243878965928778
Diyarbakir,2014,9,2014-09-01,0.8263704194389132,-0.34320406714481294,-0.8676756075236072,0.5472079494248467,0.363899039457098,-0.521316258280871
Diyarbakir,2014,10,2014-10-01,0.06482893332390888,0.21698858434749477,0.3705653169056214,-1.0216266837123198,-0.6114925080095841,-0.49844812241406916
Diyarbakir,2014,11,2014-11-01,-0.7766920896328073,0.7921999708464557,0.5530341010147467,-0.6664415733569525,-1.085421420300455,-0.47204489769819674
Diyarbakir,2014,12,2014-12-01,-0.9870830567449235,0.4844678309016612,1.4910511036586296,-1.4728264961072337,-1.5719843477711095,-0.4053416601029198
Diyarbakir,2015,1,2015-01-01,-1.398918519228507,0.5640609621810746,1.3197506316681797,0.7630180604469402,-1.2745633543821837,-0.4277226615042213
Diyarbakir,2015,2,2015-02-01,-1.126072225300904,0.7551089164045965,1.3493407206386276,-0.3392661817354379,-1.0919272982171888,-0.3058720378634433
Diyarbakir,2015,3,2015-03-01,-0.8240442261553338,1.8462270247110395,1.0117511416552296,-0.8376034258980517,-0.4473907708544963,0.3978542103343507
Diyarbakir,2015,4,2015-04-01,-0.41773241545101475,0.0995946764972668,0.8426677425853999,-0.3502815474967171,0.3339175897695793,2.164228166562759
Diyarbakir,2015,5,2015-05-01,0.2533268172025339,-0.20181378554998938,0.24926178051935444,-0.6930663950871339,1.0024398498175042,2.520808689781823
Diyarbakir,2015,6,2015-06-01,0.9438992614508614,-0.8555038038059299,-0.6687690063442974,0.4001782584273971,1.3811278274186785,-0.3710039304100623
Diyarbakir,2015,7,2015-07-01,1.4878864897434614,-1.0333370602721295,-1.4350260353852298,1.5288400513262446,1.4013657504760004,-0.5217086570326255
Diyarbakir,2015,8,2015-08-01,1.4528090877668263,-1.0043333521730207,-1.3197043279583383,0.3598733322404914,0.967487067566869,-0.5214650897998753
Diyarbakir,2015,9,2015-09-01,1.103371729979732,-1.009319412773179,-1.3693187371797197,-0.3991329898030679,0.26091801368963424,-0.5212215225671251
Diyarbakir,2015,10,2015-10-01,0.1816940734351378,1.0150681585782595,0.22921064549612508,-1.003855150570888,-0.6509595191708748,-0.4891621556927397
Diyarbakir,2015,11,2015-11-01,-0.6343850681198111,-0.34792773051820286,0.30975050984016167,-0.481536652909853,-0.927758528321374,-0.4330641846446745
Diyarbakir,2015,12,2015-12-01,-1.1901523487588104,-0.4538291508999065,0.5829318402568741,0.128904173087355,-1.1665666410998137,-0.4695855414422582
Diyarbakir,2016,1,2016-01-01,-1.5739271371516346,1.1877124210714136,1.3802755660874158,0.1317868679311933,-1.4107201346201548,-0.46898846532460103
Diyarbakir,2016,2,2016-02-01,-0.9579139321869822,0.766681052129062,1.20012157131717,-0.39054557217625285,-0.8546572333764899,-0.05478599386568672
Diyarbakir,2016,3,2016-03-01,-0.7141408202037278,0.46817094245151064,0.7273801504594631,0.09550024515728318,-0.18475062003186926,0.8423096143762677
Diyarbakir,2016,4,2016-04-01,-0.07147508138804358,-0.2479653950426183,0.12018500258757918,-0.8389096933093901,0.679766545422491,2.0123140817664704
Diyarbakir,2016,5,2016-05-01,0.28396416228405036,-0.009489856587560533,0.0836150442227911,-0.12161003120145683,0.8195074053930375,0.10820528600490316
Diyarbakir,2016,6,2016-06-01,0.9473471670089627,-0.7087630530215878,-0.7559434543759321,1.3223484062427207,1.3116435655818262,-0.49004168890999455
Diyarbakir,2016,7,2016-07-01,1.4366013227624006,-0.9875116692693325,-1.257469883569809,2.5586633510432337,1.4024835067706392,-0.5187858502396231
Diyarbakir,2016,8,2016-08-01,1.5326671147137454,-1.0309667704128478,-1.4566903579537946,0.3229772491818581,0.8570397056961077,-0.5185422830068729
Diyarbakir,2016,9,2016-09-01,0.712927973738035,-0.8449250611915435,-0.9880720340635879,2.359682164501267,0.4647389132601009,-0.5182987157741227
Diyarbakir,2016,10,2016-10-01,0.24088063535545767,-0.6749560332931482,-0.8742730526289954,-1.4304332157735722,-0.30254965322687066,-0.5180551485413725
Diyarbakir,2016,11,2016-11-01,-0.7485304198132197,0.2583336141539066,-0.03045695898121159,-1.1338405761146848,-0.854637203663185,-0.47786507731412486
Diyarbakir,2016,12,2016-12-01,-1.612546800722565,1.6716958086557274,1.43156573233143,0.5756062333369865,-1.4630418512563892,-0.48787326774367923
Diyarbakir,2017,1,2017-01-01,-1.5390455769464884,-0.2938938867603013,1.1945391258487799,0.0037780912057862283,-1.2481231552699308,-0.44061301881829046
Diyarbakir,2017,2,2017-02-01,-1.4007371947474458,-0.8846106126199249,0.732923212464537,-0.41806453981241637,-0.5988712896484171,-0.23392026279981878
Diyarbakir,2017,3,2017-03-01,-0.7526933418138999,1.205121630339407,0.7856980895622636,-0.7249650034356104,-0.4158774758102525,0.6964051806233991
Diyarbakir,2017,4,2017-04-01,-0.376823851097054,1.0633860352049875,0.6059470425827865,-0.8857580859839319,0.2846884071301371,2.2701167945774614
Diyarbakir,2017,5,2017-05-01,0.2323125882419565,-0.13097844329045905,0.1585307974176879,-0.08982116057282916,0.8983983018654065,1.1486766700001187
Diyarbakir,2017,6,2017-06-01,0.9609231744124446,-0.9733248521562855,-0.9495389142379569,0.8322718022230385,1.6226629948135178,-0.4256083361431642
Diyarbakir,2017,7,2017-07-01,1.5175280369706643,-1.034960527255223,-1.512983655182869,1.0373312280905347,1.468906625105063,-0.5158630434466206
Diyarbakir,2017,8,2017-08-01,1.4357642686341037,-1.023610419953408,-1.4399274197063434,0.4865290921901287,1.0579858509051128,-0.5156194762138705
Diyarbakir,2017,9,2017-09-01,1.053663756950721,-1.0278060208163742,-1.5253918980541514,-0.14809672188370956,0.41040371839982415,-0.5153759089811202
Diyarbakir,2017,10,2017-10-01,0.061475132699936944,-0.3830341774444946,-0.6947215351850166,0.5792019742984211,-0.36742513638652435,-0.5151323417483701
Diyarbakir,2017,11,2017-11-01,-0.6564221834591054,-0.35956368750573175,0.5679273465794021,-1.2762872104519039,-1.0800102514848042,-0.5021624546589657
Diyarbakir,2017,12,2017-12-01,-0.9870475920543421,-0.38958097311697854,0.7380540888436024,-0.7999455797488726,-1.3177277919456607,-0.49767678080733085
Diyarbakir,2018,1,2018-01-01,-1.2546408081780243,1.3515585257405662,1.1169303397092019,0.3551622565424842,-1.3757244601649676,-0.462789342853689
Diyarbakir,2018,2,2018-02-01,-0.921205399018154,1.051994469746759,1.074699683099573,-1.4243095720302552,-0.9944730132049389,-0.19529305863120358
Diyarbakir,2018,3,2018-03-01,-0.5069139840626409,-0.42719900071696554,0.8000726356179563,-0.1408930358114578,-0.25796666134635904,1.019253528257288
Diyarbakir,2018,4,2018-04-01,-0.05555547859651762,-0.027469675874686714,-0.03726274349763632,-0.7428584535401291,0.5449295854696699,0.9791970826106338
Diyarbakir,2018,5,2018-05-01,0.321513995245211,1.7302694774638958,0.4593310096091217,-2.2545490741878265,0.4438402633873758,1.4923820418435243
Diyarbakir,2018,6,2018-06-01,0.9252469482313795,-0.6039379420627903,-0.4109959262059249,-0.7731176211945459,1.3700127413507917,-0.033472247067491696
Diyarbakir,2018,7,2018-07-01,1.4307624529129301,-1.0136393881053867,-1.3586916526276818,0.5462734104467484,1.4371352425185724,-0.5129402366536182
Diyarbakir,2018,8,2018-08-01,1.4271044564198547,-1.0246856400240187,-1.3307125406690357,0.9051964774653685,1.0695077530941743,-0.512696669420868
Diyarbakir,2018,9,2018-09-01,0.9823340881363839,-0.8900238137202113,-1.1810559319048783,-0.16018211759000606,0.37566013215148325,-0.5124531021881178
Diyarbakir,2018,10,2018-10-01,0.23656846159362377,0.8316176782865913,-0.14951926630777645,-0.1389367106379406,-0.7738747481874519,-0.4482244267871902
Diyarbakir,2018,11,2018-11-01,-0.6393123835114406,1.4010323600461418,0.995019590532492,-1.357898600094693,-1.325508012914602,-0.3270808209162264
Diyarbakir,2018,12,2018-12-01,-1.1258124448569775,3.7418673128535493,1.6888295381315417,-0.22708748211447727,-1.6487258498428206,-0.4134469304857053
Diyarbakir,2019,1,2019-01-01,-1.535938007722408,1.2387649961467828,1.7606915775121883,0.6911273506432671,-1.461666189143907,-0.4761279447664113
Diyarbakir,2019,2,2019-02-01,-1.254220519028432,0.9376200206785904,1.3691466856814638,-1.0198597719206017,-0.9300336841998522,-0.3659431143275663
Diyarbakir,2019,3,2019-03-01,-0.9220108287274924,2.172074827995897,1.2623311832535447,0.41234078934086443,-0.6282167242088406,0.028462859576552778
Diyarbakir,2019,4,2019-04-01,-0.5104909487695491,2.571277179680047,1.1608156008406567,-2.2178866383267897,0.07090748231697686,0.9032874080693626
Diyarbakir,2019,5,2019-05-01,0.24885508303723802,-0.0633049399796979,0.5443445221970242,-1.1714598920194932,1.1230331810325707,4.62067690009982
Diyarbakir,2019,6,2019-06-01,1.000380359685759,-0.9385871712285353,-0.3686157181211273,-0.45205762928848126,1.4093707495802477,0.9225105134349372
Diyarbakir,2019,7,2019-07-01,1.292150269719058,-1.0323682089732913,-1.239832506385677,1.2887412916762184,1.4931112226201675,-0.5082498854360804
Diyarbakir,2019,8,2019-08-01,1.401009774884797,-0.9725365711236843,-1.358225556406785,1.5677655350178201,1.007727718299803,-0.5097738626278656
Diyarbakir,2019,9,2019-09-01,0.8402023615618136,-1.026531135429763,-1.2555779478827018,0.6113483766962494,0.4531795730286784,-0.5095302953951154
Diyarbakir,2019,10,2019-10-01,0.32509812231831775,-0.02921424927013505,-0.5077792513852989,-0.9565984917333946,-0.4212946254179968,-0.5046911126585734
Diyarbakir,2019,11,2019-11-01,-0.5988858631159987,-0.5701320116866462,-0.11954796055510078,-1.5119329000879944,-0.8765032404886419,-0.4920747344540762
Diyarbakir,2019,12,2019-12-01,-1.1199075763951736,2.9508593287488054,1.311734510832934,-0.07755297659340153,-1.5710387388458396,-0.38719253728883707
Diyarbakir,2020,1,2020-01-01,-1.4203858262465472,1.2245154471229678,1.2474430788770476,0.5336821651947481,-1.3967478026537175,-0.4318445984392832
Diyarbakir,2020,2,2020-02-01,-1.409103258957855,0.7212762655126207,1.32704211199455,1.1641065586464028,-1.1221068186426344,-0.3570106564911439
Diyarbakir,2020,3,2020-03-01,-0.668750660146814,2.833931840850528,1.1355336110887562,-0.10394823577987489,-0.5575803567105594,0.3813594624275419
Diyarbakir,2020,4,2020-04-01,-0.4049101283407381,1.3755538101328666,0.9421652014547887,-1.7650169495827914,0.3464310038821467,1.6623657196785606
Diyarbakir,2020,5,2020-05-01,0.12108244206558562,0.6425543315786363,0.5530352994925817,-0.2537752922000732,0.9594902812295281,4.41114086706368
Diyarbakir,2020,6,2020-06-01,0.801928814438277,-0.9868264889516177,-0.5073995927031232,-0.49166373092797255,1.4667654768492642,0.7278218535648944
Diyarbakir,2020,7,2020-07-01,1.460159728766111,-0.9862793313914304,-1.3165796573674684,0.7318019878426107,1.2128441240429197,-0.5063876052977992
Diyarbakir,2020,8,2020-08-01,1.2975116017065662,-1.0313153520093301,-1.3967735487267114,1.3514475321230779,1.089112170399761,-0.5068510558348631
Diyarbakir,2020,9,2020-09-01,1.1254702225184883,-1.0302412212910148,-1.4004381139078244,0.3110197977949118,0.32771928658629584,-0.5066074886021129
Diyarbakir,2020,10,2020-10-01,0.4327114841384693,-1.0178371676729434,-1.285564859867149,-1.0691881972228856,-0.30052919133749756,-0.5063639213693628
Diyarbakir,2020,11,2020-11-01,-0.6175872643973287,0.34546257680670106,0.37800739573717723,-0.5245821329572102,-1.1672705011827536,-0.48526332992709614
Diyarbakir,2020,12,2020-12-01,-1.159467717423186,-0.07873063108441969,0.8206768966123634,-1.0760384112736856,-1.3680719537317192,-0.4800706383056472
Diyarbakir,2021,1,2021-01-01,-1.3161617297409491,0.8179343818727269,0.8913447398971301,0.47295660840788084,-1.270436356918753,-0.4692218045256853
Diyarbakir,2021,2,2021-02-01,-1.0831611132034547,-0.4625902079766758,0.7649464730090693,-0.31183493968950526,-0.5804876366733205,-0.14728515202751288
Diyarbakir,2021,3,2021-03-01,-0.8593315781638342,0.4461951876174188,0.6450201874941557,0.7086063328855744,-0.2789040636622311,0.2686848638559366
Diyarbakir,2021,4,2021-04-01,-0.07862503249622815,-0.8409165667085864,0.15588921144738183,-0.3271956800718157,0.5306158694243243,0.5213337749123257
Diyarbakir,2021,5,2021-05-01,0.6524150360483859,-0.9599923160434946,-0.9603902204572774,1.1068571722147422,1.2528269616745429,-0.4318361204492575
Diyarbakir,2021,6,2021-06-01,1.0251028921185974,-1.0258437764074573,-1.3024854242887391,0.9838174519652688,1.6524608065474642,-0.5044153835073611
Diyarbakir,2021,7,2021-07-01,1.4974534687897234,-1.0242426725310136,-1.3689138122119777,1.676119528887702,1.3295682783131892,-0.5041718162746109
Diyarbakir,2021,8,2021-08-01,1.4261323016925962,-0.9367449438796775,-1.3338904549282704,0.19736965133491627,0.9376071253505958,-0.5039282490418607
Diyarbakir,2021,9,2021-09-01,0.7804293901257109,-0.9670257160699884,-1.0731282600284946,1.1810454501578649,0.4794735981903484,-0.5036846818091105
Diyarbakir,2021,10,2021-10-01,0.1543455410823476,-0.30776211084958394,-0.7843513332558479,0.2788286634534533,-0.3434355895713245,-0.5030876056914533
Diyarbakir,2021,11,2021-11-01,-0.49200265403091176,-0.40101617543621154,0.5592207101112023,-1.4361600752168784,-1.0765122862321872,-0.4773913987453949
Diyarbakir,2021,12,2021-12-01,-1.2125238518659054,-0.22972971464249597,0.7006968236784811,-0.6055068772958202,-1.4106774055966997,-0.48563204475041416
Diyarbakir,2022,1,2022-01-01,-1.627748579664042,0.7054043388580071,1.38164422117647,0.43185532410308863,-1.4491125598409555,-0.4903376019063628
Diyarbakir,2022,2,2022-02-01,-1.0998589803191097,-0.12192333500116619,0.9667595980541275,0.03829767765726462,-0.7329078043542856,-0.21082201559703725
Diyarbakir,2022,3,2022-03-01,-1.1598956823341917,1.661374016506633,0.9846997966299172,-0.010934085799507541,-0.6307963980250495,0.12949709891630204
Diyarbakir,2022,4,2022-04-01,-0.13859608241854943,-0.4478158644993233,0.31393764096239196,-0.817272284091498,0.45482319846526115,1.8555710422653056
Diyarbakir,2022,5,2022-05-01,0.12614418228184035,0.951318054733037,0.1357294751835828,-0.8476106790923142,0.8391976293596953,1.6359320830858661
Diyarbakir,2022,6,2022-06-01,0.9811601155216764,-0.7995300787457609,-0.7487282772191611,0.3633796093146648,1.2953219738210808,-0.38907675131391456
Diyarbakir,2022,7,2022-07-01,1.379726488074719,-1.0334859765526112,-1.3675242591481893,1.7878072231933488,1.4412623289898745,-0.5012490094816086
Diyarbakir,2022,8,2022-08-01,1.4781739259227769,-1.0337292787296162,-1.305986725254703,0.48988099922539124,0.97479545356846,-0.5010054422488582
Diyarbakir,2022,9,2022-09-01,0.9725565761678547,-1.0013002451026745,-1.2645525000689397,1.735307213392581,0.42882571288742033,-0.5007618750161081
Diyarbakir,2022,10,2022-10-01,0.2907218571935714,-0.6113199236857664,-0.5844229001505342,-0.07065404556965296,-0.5093000756483295,-0.5005183077833579
Diyarbakir,2022,11,2022-11-01,-0.5648783570833289,1.110321568321036,0.7327019826745652,-1.057161755030404,-1.2196983137996547,-0.4857808762694183
Diyarbakir,2022,12,2022-12-01,-0.9957822537014934,-0.7983550260171499,0.9115846513345869,-1.5801628382478712,-1.30478732060492,-0.4049372832778591
Diyarbakir,2023,1,2023-01-01,-1.2847492150520874,-0.0937717291977225,0.6814208933016749,-1.5296211959475654,-1.1798515889036958,-0.454538468817004
Diyarbakir,2023,2,2023-02-01,-1.4964282774632862,0.5673362820761306,1.0602906657074413,0.49240890200727044,-0.7743278960317668,-0.2354729018267853
Diyarbakir,2023,3,2023-03-01,-0.6130823900227568,2.6676079881980255,1.025467588045173,0.2044819059113887,-0.6646744051934687,0.5170375724881827
Diyarbakir,2023,4,2023-04-01,-0.3730165874907492,0.853259589164783,0.9669617086516863,-0.5049030414274959,0.27662994281116077,2.1801869343237303
Diyarbakir,2023,5,2023-05-01,0.16010972483440417,-0.053641031571744886,0.2300546940380897,-0.1359809403346766,0.7818887977596222,2.235931396486888
Diyarbakir,2023,6,2023-06-01,0.8680875222791803,-0.900993685439789,-0.44773860606905647,0.6728519355646467,1.2026920700640042,-0.1468284294388343
Diyarbakir,2023,7,2023-07-01,1.399096816029478,-0.9613119276434058,-1.2681048113783484,2.6171825968434326,1.411726548000532,-0.497972693803699
Diyarbakir,2023,8,2023-08-01,1.5269789544471684,-0.9644535821901158,-1.3825373629548943,1.0907737718341795,0.9379939673883851,-0.49808263545585585
Diyarbakir,2023,9,2023-09-01,0.9804848258444736,-0.7741960877037859,-1.147944690601783,0.541279920765912,0.37009240180813785,-0.49713205045329156
Diyarbakir,2023,10,2023-10-01,0.23223068467886626,-0.4864485589637439,-0.1924858745153397,-1.0859602852345724,-0.5337627607056801,-0.4972419921054484
Diyarbakir,2023,11,2023-11-01,-0.4877571873228466,2.039353972346652,0.6168486886542915,-0.05532640582951623,-1.1862488859452267,-0.4156913813440751
Diyarbakir,2023,12,2023-12-01,-0.9847782203069833,1.029430099196066,1.293741362108592,-0.9554405919108494,-1.4406001621356377,-0.305153042020323
Diyarbakir,2024,1,2024-01-01,-1.2227840662522689,1.295835215031917,1.4398551891216402,-0.9048989496105424,-1.5188462217445025,-0.39894283817285003
Diyarbakir,2024,2,2024-02-01,-1.0593467552943037,0.3878806479791327,1.2427979246014256,-1.0032794342000697,-0.9507098858806926,-0.2127535974789877
Diyarbakir,2024,3,2024-03-01,-0.8312354393824932,1.8318072856523875,1.0281873848613334,-1.0449138697897047,-0.3496695861914742,0.5245559947849768
Diyarbakir,2024,4,2024-04-01,0.07354366173255203,0.05619141374156577,0.6108215476144031,-1.6366466311527237,0.5431351048565505,3.4380662825367865
Diyarbakir,2024,5,2024-05-01,0.20109806939009645,0.12761646106999242,0.41785976930928576,-1.0307380776097095,0.7840813625144286,1.8853453183728335
Diyarbakir,2024,6,2024-06-01,1.2009669274248886,-1.0035112384500733,-0.9283568301147619,0.986669636435658,1.4651989446375713,-0.299449532004937
Diyarbakir,2024,7,2024-07-01,1.4809090139685717,-0.8327517508144858,-1.1277652518167909,2.137338649189405,1.1885532748273897,-0.49540339589560367
Diyarbakir,2024,8,2024-08-01,1.4919683677603126,-1.0174356583363517,-1.2335965682217493,1.3384296397656272,0.8828347527086472,-0.4951598286628534
Diyarbakir,2024,9,2024-09-01,0.9140456734975321,-0.5091498629196689,-0.6560907388769628,-0.3036689439712848,0.2058487268890664,-0.49350222589047504
Diyarbakir,2024,10,2024-10-01,0.12723634933475064,-0.8556145299868841,-0.6864156059285317,0.655943758831978,-0.29442445729948735,-0.494672694197353
Diyarbakir,2024,11,2024-11-01,-0.7133432110345895,0.2117897862037908,0.3799850352255296,-1.063951047958873,-1.091981063102726,-0.4912475470004394
Diyarbakir,2024,12,2024-12-01,-1.2183203662300959,0.1707060642718524,0.9352243981243614,-1.1240996473491256,-1.4129991253824683,-0.4747425710619645
Diyarbakir,2025,1,2025-01-01,-1.2589854758874808,-0.9266953531280103,0.5954969273960804,-0.772185249074104,-1.0288625854272175,-0.42960337544601807
Diyarbakir,2025,2,2025-02-01,-1.376820710786072,0.3549235518417674,0.6725039436274186,0.16375150322102244,-0.8536457785186943,-0.41734050612642787
Diyarbakir,2025,3,2025-03-01,-0.5327850666077728,0.3699624712504795,0.3556270804733659,-0.6038187445349513,-0.20560230469454058,0.1944734319955314
Diyarbakir,2025,4,2025-04-01,-0.2727907911451494,0.3720905482850513,0.5005759364426702,-0.24662448247308616,0.2311324951454204,0.9756181259879709
Diyarbakir,2025,5,2025-05-01,0.4291066846812662,0.14577576127105987,-0.09055147931722894,-0.49011985619586473,0.9675296259919045,0.47246504111307164
Diyarbakir,2025,6,2025-06-01,1.019237793323985,-0.9993167269394025,-1.1275599728253276,2.215912924137157,1.4894078858904516,-0.48247239867304675
Diyarbakir,2025,7,2025-07-01,1.523546190298911,-1.0177406030718297,-1.3891593054715863,1.3589254130580977,1.1813305174711277,-0.49248058910260123
Diyarbakir,2025,8,2025-08-01,1.4609577248230647,-1.0330026402554875,-1.3581417958512718,1.307140491701871,1.0176586814481392,-0.49223702186985097
Diyarbakir,2025,9,2025-09-01,0.8464391075422439,-1.0124305026864295,-1.2089996487807402,1.6541488218563745,0.44098954498881726,-0.4919934546371008
Diyarbakir,2025,10,2025-10-01,0.13424043897965326,-0.23644234294063454,-0.19714404027602453,-0.572426010638322,-0.31837123429595754,-0.4754884786986259
Diyarbakir,2025,11,2025-11-01,-0.45571465604848704,-0.1020440032158912,-0.13779385037081399,-1.3831095835513436,-1.023613257994372,-0.46817473376773466
Diyarbakir,2025,12,2025-12-01,-1.1290273574615832,1.3642789936778112,0.933953463683406,-0.891862850653594,-1.4395254426833408,-0.4378829113178846
Gaziantep,1990,1,1990-01-01,-1.4693306133386013,0.07977154379128816,0.6915153425889893,-0.47579733391978857,-1.1587810979745512,-0.5533213486021142
Gaziantep,1990,2,1990-02-01,-1.1395490435110585,0.747433106674972,1.0354450380424867,-0.14642082963072317,-0.9868142682913739,-0.37068465498216563
Gaziantep,1990,3,1990-03-01,-0.617997259432385,-0.6527655426042699,0.21706265490299703,0.017738677113827313,-3.110543509195466e-4,1.1114027200556806
Gaziantep,1990,4,1990-04-01,-0.12183654671298699,-0.40970738513703125,0.1775395890628894,-0.11402356828195424,0.20159197201751272,1.0921684792781432
Gaziantep,1990,5,1990-05-01,0.4933109576734044,-0.8920133785895497,-0.8221091206259621,-0.16550887145421542,0.8216285347823667,-0.40296659298324305
Gaziantep,1990,6,1990-06-01,1.0960803289672543,-0.9015838403988832,-1.552601379711168,1.284129113994608,1.2781882099783575,-0.6001463240815285
Gaziantep,1990,7,1990-07-01,1.4998933551650562,-0.9387327096678635,-1.2969681367175143,2.325579845880605,1.2779661029359208,-0.5999411415467156
Gaziantep,1990,8,1990-08-01,1.3178845459576656,-0.9235866742256272,-1.589271328485714,1.4296248411469188,0.9309718534378958,-0.5997359590119027
Gaziantep,1990,9,1990-09-01,0.9109843638040019,-0.9370597408641562,-1.2673162601843864,0.40457771077536664,0.3876820554234116,-0.5995307764770899
Gaziantep,1990,10,1990-10-01,0.35947806130740767,-0.7949489616454348,-0.9811877478705207,-0.4440197982108088,-0.4664819149073993,-0.5993255939422769
Gaziantep,1990,11,1990-11-01,-0.3362845941016124,0.2944540964466141,0.18577754712123631,-1.2889036743314777,-0.934968656453485,-0.5602415647827627
Gaziantep,1990,12,1990-12-01,-0.9683645937708626,-0.6311878056024848,0.5952151211398391,-1.2780207694727557,-1.220654387509705,-0.5869525068342815
Gaziantep,1991,1,1991-01-01,-1.2678066821617051,0.463939072905717,0.7552908875628473,-0.953682955970835,-1.1480684639216256,-0.5807659632802837
Gaziantep,1991,2,1991-02-01,-1.2302455800440733,0.13123293123901647,0.6827056348935194,-0.6190260524804815,-1.0796638836308077,-0.4564475395973862
Gaziantep,1991,3,1991-03-01,-0.6127746205836142,0.7169397927095982,0.6573885380017104,-0.19828376764519223,-0.47802572720495873,0.7355438260099973
Gaziantep,1991,4,1991-04-01,-0.10973779815088282,0.06474040235944654,0.458480897700283,-0.45452212773386425,0.07448400067558918,1.7735151453733724
Gaziantep,1991,5,1991-05-01,0.3044808091044366,-0.22893969101530137,-0.13237499239958936,0.4613245168599076,0.6442922824461934,0.6806266016521638
Gaziantep,1991,6,1991-06-01,1.1394753132997564,-0.9388976328375426,-1.193863660586204,1.0372349268629897,1.173976526819003,-0.5827307311158115
Gaziantep,1991,7,1991-07-01,1.3327306175507372,-0.8784813813766414,-1.0961438252394495,2.997705672414224,1.3145016183977565,-0.5974789511289607
Gaziantep,1991,8,1991-08-01,1.3550632091389225,-0.9463307419686242,-1.0841650881575664,2.7993583368084036,0.9329380276587683,-0.5972737685941476
Gaziantep,1991,9,1991-09-01,0.9135428650165246,-0.7688363456318658,-1.2474557863315443,0.2211623508494629,0.44124817767251273,-0.5970685860593348
Gaziantep,1991,10,1991-10-01,0.31574461597090975,-0.10767912413017597,-0.05498983657935995,-1.1119254196884742,-0.6257005004486096,-0.5968634035245218
Gaziantep,1991,11,1991-11-01,-0.4775690842927367,0.10259715277182263,0.4455052881597323,-1.5234248697196098,-0.9399774368669341,-0.5787141379321544
Gaziantep,1991,12,1991-12-01,-1.2888344843661892,1.9090388048146787,1.3210931284894443,-0.1774388894374704,-1.358923119262717,-0.5800042956521377
Gaziantep,1992,1,1992-01-01,-1.6429901922431427,-0.008124897505293348,0.9845581874301796,-0.408584197547065,-1.2155741706524728,-0.5932571754104906
Gaziantep,1992,2,1992-02-01,-1.6177653231787952,0.7079289652604099,1.3402387135548424,-0.12738460403779064,-0.8695414545876804,-0.5766032500729196
Gaziantep,1992,3,1992-03-01,-1.0499964252380332,-0.5075463887702562,0.7577916863911368,-0.5881875269480222,-0.19888007592551737,0.059121540750278
Gaziantep,1992,4,1992-04-01,-0.26675841588910226,-0.8220403745673788,0.1543196217814573,-0.6234126712652401,0.453031085455854,1.9748575896790221
Gaziantep,1992,5,1992-05-01,0.27055902155872324,-0.2836851183576995,-0.13521795696603545,-0.6792883908626097,0.47378659874076473,0.7967346514344301
Gaziantep,1992,6,1992-06-01,0.8218546645327953,-0.37182802406149756,-0.3375568149144219,0.6278779785777624,0.8422652584471301,-0.4995201669390617
Gaziantep,1992,7,1992-07-01,1.1599466176604485,-0.8650613110357627,-1.1063780969927663,2.016397202567175,1.4421252655390946,-0.5950167607112057
Gaziantep,1992,8,1992-08-01,1.3658730420074454,-0.9339513662488643,-1.3937666499508479,1.327642087619227,1.0346971435824703,-0.5948115781763926
Gaziantep,1992,9,1992-09-01,0.8682241101573496,-0.7777912096450397,-1.4269348685211267,-0.12363985790452893,0.3545960538712192,-0.5946063956415798
Gaziantep,1992,10,1992-10-01,0.46671125492029236,-0.8864878341159329,-1.0562397405241772,-0.7443521949756019,-0.33655889507539566,-0.5944012131067669
Gaziantep,1992,11,1992-11-01,-0.6739124189663143,0.547905490876976,-0.04655901159928499,0.019999052815028763,-1.0580904378514193,-0.5927006903171578
Gaziantep,1992,12,1992-12-01,-1.401590216800359,0.09656016240273987,1.2464074320254812,-0.49862308730382443,-1.3283851762571446,-0.5790374454891789
Gaziantep,1993,1,1993-01-01,-1.4547869492474839,0.5519200225782003,1.1413635883058064,0.12870551980437808,-1.3005311472386976,-0.5429440968392573
Gaziantep,1993,2,1993-02-01,-1.4608989181544578,1.195385435520872,1.15918986104731,0.18796357481067127,-1.0155267366784448,-0.45301849901667235
Gaziantep,1993,3,1993-03-01,-0.85300357213813,0.4078957444252848,0.6587456345652086,-0.7255989582456188,-0.24685202236478365,0.6941126589468252
Gaziantep,1993,4,1993-04-01,-0.1997768421683374,-0.2807279576640224,0.37915794202817504,-0.40389886528368396,0.033952401650493236,1.5257270231483249
Gaziantep,1993,5,1993-05-01,0.20590766690437248,0.7431113392975461,0.5639004225316262,-0.27371116626441333,0.36404798596372895,1.9266833939685193
Gaziantep,1993,6,1993-06-01,0.8884137918764561,-0.8503963358544999,-0.7296114397161466,0.43800714469873525,1.2777948348697281,0.018834411383381985
Gaziantep,1993,7,1993-07-01,1.4315148836215577,-0.948425840458926,-1.557014313459089,1.6452351418379283,1.3613749196339995,-0.5925545702934506
Gaziantep,1993,8,1993-08-01,1.4730960399729134,-0.9457681404701145,-1.5251448334764122,0.9210790406954324,0.9214599468726141,-0.5923493877586377
Gaziantep,1993,9,1993-09-01,0.9932920607298072,-0.9371264464098705,-1.3833415909549083,0.5811104068868116,0.48614727797523594,-0.5921442052238247
Gaziantep,1993,10,1993-10-01,0.5270222640735724,-0.8467902245918059,-1.5893412743476827,-0.941112338422882,-0.29885718496928626,-0.5919390226890118
Gaziantep,1993,11,1993-11-01,-0.8254412338021918,0.3162419779443932,0.17144138205099227,-0.5781805085990613,-0.981197646062934,-0.5767804376062369
Gaziantep,1993,12,1993-12-01,-0.9176063733200083,-0.14603064405158955,1.3167229294317024,-1.0488724899584325,-1.3196717330229752,-0.5676032135426469
Gaziantep,1994,1,1994-01-01,-0.9754363886127816,2.155521473988504,1.221953389681212,-0.8682210321873254,-1.2354238629921612,-0.45823819240771124
Gaziantep,1994,2,1994-02-01,-1.0780406096400639,1.8376452306727458,1.1418773208277329,-0.512888762810241,-0.915211976621566,-0.4101821217194201
Gaziantep,1994,3,1994-03-01,-0.6185697054546426,-0.4768036432593032,0.8778353753218232,-0.8734224443063177,-0.195614124423357,0.6651727040138601
Gaziantep,1994,4,1994-04-01,0.1344020650702153,-0.7613776586992622,0.07051802412805473,-0.3317850478984485,0.42278560085864164,3.01156674632391
Gaziantep,1994,5,1994-05-01,0.5890835402356558,-0.3955175359400129,-0.44205128153468254,-0.3241819402901039,0.8876363646446339,0.7164246377465566
Gaziantep,1994,6,1994-06-01,1.0511850816053767,-0.9012391583677027,-1.4811370653289797,2.340785783957249,1.4111536606723687,-0.5902975624105085
Gaziantep,1994,7,1994-07-01,1.3984448024812943,-0.9311031652888518,-1.3451610881157987,2.726554720561474,1.436144959504516,-0.5900923798756955
Gaziantep,1994,8,1994-08-01,1.3679034604191407,-0.9042493153590297,-1.5476463532833316,1.751988702366365,1.1125995523181327,-0.5898871973408827
Gaziantep,1994,9,1994-09-01,1.3015257196412706,-0.8430525429322897,-1.6583117182456564,-0.4404406546196288,0.29392260734717157,-0.5896820148060697
Gaziantep,1994,10,1994-10-01,0.5525155153720542,-0.08719211090879521,-0.5075776306417523,-1.3383045360598844,-0.5163438529154459,-0.5745234297232947
Gaziantep,1994,11,1994-11-01,-0.6709076484267844,1.6705970675967605,1.0313471364577436,-0.5560966143505326,-1.1780704353446028,-0.5354394005637807
Gaziantep,1994,12,1994-12-01,-1.4197963425821567,1.249692056790247,1.4114955270583547,-0.7505394294201915,-1.41058463225674,-0.5681317036344841
Gaziantep,1995,1,1995-01-01,-1.0730317470299404,0.5738168638096441,1.684975616576259,-1.265413229824328,-1.3498272543462912,-0.5155896121818043
Gaziantep,1995,2,1995-02-01,-0.8998047650350434,0.6110776599506534,1.1373537598627759,-1.1952968891365139,-0.7780073859805267,-0.15799810875069972
Gaziantep,1995,3,1995-03-01,-0.6529684485874079,-0.01874679604544555,0.9076534749738014,-0.6906631916385133,-0.25262407935574294,0.7289438448782591
Gaziantep,1995,4,1995-04-01,-0.25362631321394935,0.3315029073970228,0.5151097105194348,-0.7653500235078883,-0.00774122703800336,1.9807488206774906
Gaziantep,1995,5,1995-05-01,0.5171075104944345,-0.5889355215464821,-0.14026403576056476,-0.48085567289943953,0.7676102491127573,2.1454414312398855
Gaziantep,1995,6,1995-06-01,1.0741618243778888,-0.40441643651717224,-0.8006569052978275,1.3805617250054814,1.0969589135228746,-0.39942249988843226
Gaziantep,1995,7,1995-07-01,1.2796589886965386,-0.9088371906684638,-1.0453667864260987,2.218994742435586,1.2964184844461621,-0.5876301894579405
Gaziantep,1995,8,1995-08-01,1.4127474812494478,-0.9210093890305943,-1.1179237066725902,2.3106231319821675,0.9889915532359873,-0.5874250069231276
Gaziantep,1995,9,1995-09-01,0.928318168420477,-0.8907732815821364,-1.0364537827196583,1.293419749532153,0.4297776450193406,-0.5872198243883148
Gaziantep,1995,10,1995-10-01,0.18584906934511727,-0.09978940609588459,-1.0092757834069028,-0.5636199701097057,-0.3228302083726559,-0.5840239613439094
Gaziantep,1995,11,1995-11-01,-0.7754040999451696,1.5146440883505654,0.6774809321215183,-0.8008389768311102,-1.0319292832445501,-0.49858438428571317
Gaziantep,1995,12,1995-12-01,-1.1612421504963242,-0.5047678604943224,1.2599170170849023,-1.0920271340745948,-1.2308154245928873,-0.5088465835344735
Gaziantep,1996,1,1996-01-01,-1.2745012186557865,2.54452334281958,1.6177586231859398,-0.016980172152987482,-1.325661732075499,-0.556492289153139
Gaziantep,1996,2,1996-02-01,-1.0360196385738492,0.8810289543973003,1.279684438068171,-0.5919566610862056,-0.8685116349358369,-0.3140419853413418
Gaziantep,1996,3,1996-03-01,-0.8042553788041376,3.459926188965536,1.489787971613292,-1.030068485340297,-0.5914366401150671,-0.1134612086638382
Gaziantep,1996,4,1996-04-01,-0.40768980631244617,0.8722949769898201,1.011885573567859,-0.6722559157750013,0.08998202242033794,0.8646965005076886
Gaziantep,1996,5,1996-05-01,0.5306428038603977,-0.7914595850877405,0.14070371647147675,-0.42668529655595033,1.0393005846305927,4.556896772134318
Gaziantep,1996,6,1996-06-01,0.9145009167827742,-0.9136852396331772,-0.9750975152584536,0.8544682894012712,1.394163921865065,0.34771913741782984
Gaziantep,1996,7,1996-07-01,1.6529209994683836,-0.9011409407437377,-1.714549638169141,1.6000257783445018,1.2082961223969095,-0.5851679990401855
Gaziantep,1996,8,1996-08-01,1.4404551692020995,-0.8974425461338077,-1.4129167948373698,1.6369908803847963,1.0366475676271454,-0.5849628165053726
Gaziantep,1996,9,1996-09-01,0.84550729759339,-0.738940826632466,-0.5433967920307019,1.0836445376309953,0.2578239362972727,-0.5847576339705597
Gaziantep,1996,10,1996-10-01,0.13087309945667883,0.49225687358701004,-0.2183658821958503,-0.4802958404295288,-0.598501659106317,-0.5546456463398228
Gaziantep,1996,11,1996-11-01,-0.4561516313642637,0.33542812288937546,0.4523956786849176,-1.0568784187296534,-1.0436950509599978,-0.4721967497912189
Gaziantep,1996,12,1996-12-01,-0.8159161098232408,2.6757461155661417,1.8330348929152782,-0.5651494714862554,-1.5072365718835812,-0.5048890528619223
Gaziantep,1997,1,1997-01-01,-1.1662221047475603,-0.060964600884832756,1.055536886963899,-0.4901803695606381,-1.0406434577659662,-0.4882351275243512
Gaziantep,1997,2,1997-02-01,-1.3270088237780078,0.15321428084636107,0.9698475432152301,-1.127228476836821,-0.8935237139730262,-0.43718837632646756
Gaziantep,1997,3,1997-03-01,-1.058326238030579,0.23002147258988231,0.5372007314773232,-0.4683104392955627,-0.22070305945143445,0.0878812356418113
Gaziantep,1997,4,1997-04-01,-0.5277815699188918,2.0356826036668996,0.8782126019994597,0.08467609680408755,0.150391208242801,1.0780016668517078
Gaziantep,1997,5,1997-05-01,0.48673901724281005,-0.4624488708926056,0.05166108301102592,-0.926956836347667,1.0015328413287201,3.8804744868745984
Gaziantep,1997,6,1997-06-01,0.881820349371937,-0.7498847965406413,-0.49527651113921434,0.28533836077623653,1.1474529714641954,-0.008700333315502948
Gaziantep,1997,7,1997-07-01,1.3116013360676397,-0.9459997691855079,-1.3537286797585228,2.3710661251275953,1.4001021247820131,-0.5827058086224305
Gaziantep,1997,8,1997-08-01,1.1099692112786808,-0.8861038650351661,-0.5763046224865555,2.695403938629515,1.0476101005324134,-0.5825006260876175
Gaziantep,1997,9,1997-09-01,0.6975340730981321,-0.26137095527263204,-1.07694851192894,-0.14017804107331627,0.44472220288772496,-0.5808001032980085
Gaziantep,1997,10,1997-10-01,0.1623964321057469,0.6896197182106252,0.5338073776850573,-1.138310009882248,-0.7156539378362343,-0.5147999495521628
Gaziantep,1997,11,1997-11-01,-0.5378359785190747,0.6691219628795446,0.7656271962499458,-1.1101083872675659,-1.0402683567798685,-0.342630637715787
Gaziantep,1997,12,1997-12-01,-1.1525002856096827,1.2085179137103428,1.4923201846390426,-0.704643313736472,-1.4477520118147922,-0.5338290077948875
Gaziantep,1998,1,1998-01-01,-1.4457419513688485,0.6640304166459801,1.3028374284494606,0.01379077254887731,-1.3811220108742526,-0.5425958667888517
Gaziantep,1998,2,1998-02-01,-1.2691324782208788,0.023018493472854756,0.7792946759736848,-0.07818626787889271,-0.7301734559054628,-0.3360337290921634
Gaziantep,1998,3,1998-03-01,-0.8591870847889415,1.8510545589039247,0.941305339566031,-0.17153918697178688,-0.34764304323150413,0.1501570362514142
Gaziantep,1998,4,1998-04-01,-0.12421584524113458,1.2225309711842243,0.675360606969999,-0.7937786254081154,0.18282560587227528,2.4277654268408386
Gaziantep,1998,5,1998-05-01,0.3052676120169306,0.1587368581816134,0.6017730314979731,-0.4474540229314432,0.9054970156218968,2.951339698554322
Gaziantep,1998,6,1998-06-01,0.9629538767256595,-0.7809544212525882,-0.35439273410434674,0.5215288078033614,1.4008451576825978,1.6640569217096062
Gaziantep,1998,7,1998-07-01,1.5487947315047845,-0.7954681825122359,-1.395714614060675,1.5360470247021354,1.4914071387159777,-0.5802436182046755
Gaziantep,1998,8,1998-08-01,1.6075122207337957,-0.9088479327781634,-1.576258145327916,0.7400477456942309,1.1073445594535465,-0.5800384356698627
Gaziantep,1998,9,1998-09-01,0.9846102092896754,-0.8687252264290776,-1.0024845949916574,0.1153788278131792,0.5516986515175937,-0.5798332531350496
Gaziantep,1998,10,1998-10-01,0.35932114869321424,-0.5986090088127517,-1.1500742476021815,-0.5713459364559638,-0.24242017790270867,-0.5796280706002368
Gaziantep,1998,11,1998-11-01,-0.1989397534028694,0.2350433461393682,0.6649842092935916,-1.4807324918340523,-1.1347964594108806,-0.5525067634790922
Gaziantep,1998,12,1998-12-01,-0.946274935074701,1.5000636215452035,1.2445192384344148,-0.960752169333436,-1.3457429970387458,-0.5104320538099858
Gaziantep,1999,1,1999-01-01,-1.0984058835789035,-0.05493835262544963,1.2141624254511845,-0.9492966014627433,-1.2578299438402152,-0.45340394159291725
Gaziantep,1999,2,1999-02-01,-1.0511791304828502,1.0334240108454806,1.289415064109231,-0.3859463522828189,-0.8607429230171998,-0.323104156890835
Gaziantep,1999,3,1999-03-01,-0.678240380367717,0.65284591660731806,0.665158149830603,-0.7176237677211542,-0.26729192899196486,0.6715022950834502
Gaziantep,1999,4,1999-04-01,-0.14165313921149744,-0.10914675627085993,0.6045285807016332,-0.4672115430372612,0.5206586142978216,2.682940120319152
Gaziantep,1999,5,1999-05-01,0.5620161865232088,-0.8292514706490088,-0.5214140920585202,0.010183475482266212,1.1880996010254345,1.4240688083155641
Gaziantep,1999,6,1999-06-01,1.010221286181607,-0.7886084169893637,-0.6783080201906668,1.5883235701323801,1.265861207510956,-0.5779866103217334
Gaziantep,1999,7,1999-07-01,1.4639749691693769,-0.9259241435410219,-1.1175718116958666,2.0316885230011668,1.3878743474388258,-0.5777814277869205
Gaziantep,1999,8,1999-08-01,1.4598705939323928,-0.7858947535645378,-1.0386262835831983,0.9025034915739863,0.900311993497124,-0.5775762452521076
Gaziantep,1999,9,1999-09-01,0.8806770196074282,-0.8404752577372567,-0.8726574653481102,0.5613721783168192,0.4659072904299301,-0.5773710627172947
Gaziantep,1999,10,1999-10-01,0.30161971830733586,-0.5068766682326882,-0.3400282133863766,-0.6520116692946513,-0.3043864600732565,-0.5771658801824817
Gaziantep,1999,11,1999-11-01,-0.5402173992876108,-0.65772142485889,-0.06652748496533302,-1.2477697817834892,-0.9743666462645633,-0.5769606976476689
Gaziantep,1999,12,1999-12-01,-0.978186695503552,0.5732161017053066,0.6135893037291839,-0.9164732450148945,-1.2407351960345674,-0.5603067723100977
Gaziantep,2000,1,2000-01-01,-1.4687176330211664,2.5812923365899167,1.2316358811627868,-0.1386904465798614,-1.3670687589125625,-0.5571109092656925
Gaziantep,2000,2,2000-02-01,-1.3389713538799892,0.6989919040774225,1.0290912346683323,-0.5089264448696589,-0.8553717743474003,-0.39989499997727845
Gaziantep,2000,3,2000-03-01,-0.9181047767512517,0.19222958702861398,0.6999682841794728,-0.7347759665049173,-0.23229745645291855,0.657515742698447
Gaziantep,2000,4,2000-04-01,-0.13247631142435723,0.13660838823477625,0.7481515271625608,-0.4650320268108633,0.21171451970147287,2.025957258371782
Gaziantep,2000,5,2000-05-01,0.3538693366786346,-0.7533897230410058,-0.11018906238664931,-0.04913754509206129,1.1217600889388613,1.8063474234515537
Gaziantep,2000,6,2000-06-01,1.0562917642357619,-0.9333739290585322,-1.5186667097449733,1.1230191809200825,1.549810470063238,-0.535150233024481
Gaziantep,2000,7,2000-07-01,1.6844067825472655,-0.8974140011939212,-1.9442359440513228,0.9327238343310598,1.556648005599528,-0.5753192373691655
Gaziantep,2000,8,2000-08-01,1.399239293511766,-0.8435020911150124,-1.3519815458849953,0.7114699782464119,1.0535919228124788,-0.5751140548343525
Gaziantep,2000,9,2000-09-01,0.8844676560865019,-0.6784960302316786,-0.8880862910353762,0.16385026561231786,0.4114907302540956,-0.5749088722995397
Gaziantep,2000,10,2000-10-01,0.09769733223379344,-0.18957376852513916,-0.07556513400878757,-1.1371857296798695,-0.5583583604616861,-0.5717130092551342
Gaziantep,2000,11,2000-11-01,-0.5022790139926928,0.31808099636153764,-0.09509232753523429,-1.071292468822756,-0.8989801892249311,-0.5715078267203213
Gaziantep,2000,12,2000-12-01,-1.1835399483382505,1.4311598570840376,1.1928988505014402,-0.6556235816238216,-1.3421854968755171,-0.5458818598539731
Gaziantep,2001,1,2001-01-01,-1.1391651949770183,-0.16442920731024593,1.2464585277523963,-1.1574823135740804,-1.1684738377054384,-0.4350214984642414
Gaziantep,2001,2,2001-02-01,-1.073174133045464,1.5868556298133174,1.1492862603384095,-0.6026104518441103,-0.964638954375689,-0.29275899172378955
Gaziantep,2001,3,2001-03-01,-0.36220284439469896,0.9078583529693582,0.8101039653306688,-1.055960164371272,-0.18647403364561882,1.3568064918512308
Gaziantep,2001,4,2001-04-01,-0.114885759959911,0.5605824866069956,0.6190971551373711,-0.6904079674320702,0.2824958962231822,2.2033742586006926
Gaziantep,2001,5,2001-05-01,0.18190297493757776,0.6108519655119891,0.22035075532383003,-0.49474579737749114,0.7634554176966802,2.892931298596554
Gaziantep,2001,6,2001-06-01,0.9934766885915616,-0.926718373754925,-1.0428045052341994,0.7448636900749526,1.6964680797914689,0.217972765300966
Gaziantep,2001,7,2001-07-01,1.514722993972815,-0.9427931769462511,-1.3874486003301594,1.445545222989212,1.4723574259528884,-0.5728570469514105
Gaziantep,2001,8,2001-08-01,1.4050410927162427,-0.9154189797058696,-0.984775426815562,0.9629487923506925,1.0239042424030718,-0.5726518644165975
Gaziantep,2001,9,2001-09-01,0.9714802288549111,-0.7870974042169712,-0.9922082231022001,-0.026020568266709357,0.43144406853592915,-0.5724466818817847
Gaziantep,2001,10,2001-10-01,0.25663594313818844,-0.14649390148237637,-0.9217717277745565,-0.7800245597300992,-0.27067449839381397,-0.5692508188373793
Gaziantep,2001,11,2001-11-01,-0.8189491584111717,0.5960976741218547,0.37231244144836384,-0.5370743076264284,-1.094389681893428,-0.5540922337546044
Gaziantep,2001,12,2001-12-01,-1.1953855058546985,4.131653439153486,1.7104851775718177,-0.16466750796818466,-1.642721883417437,-0.5479056902006066
Gaziantep,2002,1,2002-01-01,-1.5791805966413133,0.7832744591399757,1.2648800830769744,-0.06575068008743133,-1.1459743077836082,-0.5447098271562013
Gaziantep,2002,2,2002-02-01,-1.0121294396600609,0.398273412762059,0.9413815116961233,-0.39969643602772886,-0.6399417997906529,-0.2693620377388878
Gaziantep,2002,3,2002-03-01,-0.6271755456109006,1.2199577795713135,0.7817977540157357,-0.7289939532344986,-0.36905816188102264,0.5951498120681283
Gaziantep,2002,4,2002-04-01,-0.3441799120475399,0.20897891859047857,1.0294392267343004,-0.5709540077239291,-0.03647608398696127,1.4820917656970871
Gaziantep,2002,5,2002-05-01,0.21928604765614237,-0.2767093323806755,0.17199900933455634,-0.3177131748293922,1.0526803226873425,3.2183869840502877
Gaziantep,2002,6,2002-06-01,0.9228111511061925,-0.7967405058487481,-0.7042006810876428,0.4474016236438663,1.4921496930368965,0.5165123261683684
Gaziantep,2002,7,2002-07-01,1.4375685892864571,-0.8846232378972665,-1.3239052430166212,1.2690885863299817,1.4054764663529022,-0.5703948565336555
Gaziantep,2002,8,2002-08-01,1.217675879164649,-0.43784910834603563,-0.9067590386753757,1.5288716603006671,1.04165569413036,-0.5701896739988426
Gaziantep,2002,9,2002-09-01,0.8627945174302523,-0.8350783165220976,-0.6613820406106589,0.38016402619266887,0.4455011822293945,-0.5699844914640296
Gaziantep,2002,10,2002-10-01,0.35966854558884254,-0.4762428824553998,-0.8668967097796523,-1.2381272777312506,-0.3640030865335734,-0.5697793089292167
Gaziantep,2002,11,2002-11-01,-0.45287554970132543,-0.1504495026092217,-0.023641001149577123,-1.0502567953243922,-0.8731469830291216,-0.5695741263944039
Gaziantep,2002,12,2002-12-01,-1.588182304400843,0.44462361045142884,0.9648351896965411,-0.05531324138025246,-1.3290485407057566,-0.5693689438595909
Gaziantep,2003,1,2003-01-01,-1.2598145672063477,1.241071132698554,1.5784895505557461,-0.6097528498841789,-1.410691858822843,-0.4988827693493565
Gaziantep,2003,2,2003-02-01,-1.4613773387594342,2.512595749486381,1.5341911124327319,-0.1564357080043254,-1.3252882065999367,-0.5076496283433208
Gaziantep,2003,3,2003-03-01,-1.0304312988159718,1.6556396924311185,1.049530809609506,-0.45356741317508203,-0.7038723410028378,-0.0782817926819988
Gaziantep,2003,4,2003-04-01,-0.31535932772509967,-0.18373208696022816,0.8259274317700949,-0.575767921613415,0.036242008640416636,1.3828708187887007
Gaziantep,2003,5,2003-05-01,0.49252365817193383,-0.40534407782250387,-0.1875809463427236,-0.5509155099475316,0.9725963737218323,4.121044007855354
Gaziantep,2003,6,2003-06-01,0.9041417218692788,-0.9053418798340406,-0.7850096821268376,0.6115059448611119,1.5486424085123416,0.14813013339666609
Gaziantep,2003,7,2003-07-01,1.3780956095772428,-0.9409297071713427,-1.5693649636463498,1.6548829068782835,1.595158328493079,-0.5679326661159004
Gaziantep,2003,8,2003-08-01,1.4565726874126947,-0.9426949593222861,-1.4899163622696532,0.8479509703691229,1.1597415350738907,-0.5677274835810875
Gaziantep,2003,9,2003-09-01,0.8149762881732163,-0.707962358823997,-0.928274617185144,1.0015310857561641,0.5485181223765624,-0.5675223010462747
Gaziantep,2003,10,2003-10-01,0.27478064674099867,0.08536307955977188,0.05668909033290215,-0.7747631491978352,-0.3404623113936416,-0.5613357574922768
Gaziantep,2003,11,2003-11-01,-0.6610825867985519,0.400489339539483,0.4843514607894989,-0.841502112598042,-1.0021916704767135,-0.5387004711355209
Gaziantep,2003,12,2003-12-01,-1.2576078186701547,1.559879110901767,1.2952008666617791,-0.28747437102208123,-1.3865166435341065,-0.5340092678363194
Gaziantep,2004,1,2004-01-01,-1.3582616320289562,3.5666544775099784,1.773064144176849,-0.3738921179245514,-1.5861538697664341,-0.5352994255563028
Gaziantep,2004,2,2004-02-01,-1.3396554028105474,1.9411454427585317,1.6122245381526727,-0.1092441011248989,-1.197118444294208,-0.48425267435841896
Gaziantep,2004,3,2004-03-01,-0.6863657836229544,-0.8624299030993214,0.5966694613984443,-0.6185707895949001,0.05736984625751034,0.7914777455175518
Gaziantep,2004,4,2004-04-01,-0.3036126178105816,0.050315243057822166,0.16795343932902812,-0.3433431677256124,0.5097312207341165,2.155433240426498
Gaziantep,2004,5,2004-05-01,0.24826445673627712,-0.3201160786244323,0.1595022421655949,0.22897508338419945,0.9659826873455495,2.11675957633661
Gaziantep,2004,6,2004-06-01,0.9383837013645439,-0.9348504626143096,-0.9528722866774382,1.108067174664219,1.6254491240294637,-0.34885132128750945
Gaziantep,2004,7,2004-07-01,1.4371460932504565,-0.9152814750323187,-1.7398861169076207,1.1468023260142397,1.5169902707288745,-0.5654704756981455
Gaziantep,2004,8,2004-08-01,1.2535020077446022,-0.8218231693508978,-0.8763978335435021,2.1172081375666676,1.1979846926934128,-0.5652652931633325
Gaziantep,2004,9,2004-09-01,0.9588078986620089,-0.9310401411323503,-1.7169289845804026,-0.271245503759334,0.6580338210116407,-0.5650601106285197
Gaziantep,2004,10,2004-10-01,0.4204667059765913,-0.7834657151527553,-0.9309004395963895,-0.737772663213465,-0.37618921406803624,-0.5648549280937067
Gaziantep,2004,11,2004-11-01,-0.6177580101955679,3.659315585839132,0.7294236457017065,-0.13621389164394138,-1.1765985529326284,-0.5242755586793962
Gaziantep,2004,12,2004-12-01,-1.4157765366429205,-0.15633527905668942,1.0052578601089717,-0.3884436106488186,-1.2093713738198697,-0.50612629308702894
Gaziantep,2005,1,2005-01-01,-1.3723897627120105,0.5500921584636654,1.2601629368012315,-0.32648957717707905,-1.3242512392987504,-0.5029304300426237
Gaziantep,2005,2,2005-02-01,-1.305869426085641,0.19266951954539505,1.2287053055355888,-0.6036524487485998,-0.9830939616194625,-0.3845933673789111
Gaziantep,2005,3,2005-03-01,-0.7679149933614343,0.23851604631063383,0.8934840214473636,-0.669562166358746,-0.3103893315650307,0.6234711468885401
Gaziantep,2005,4,2005-04-01,-0.20684857450403996,-0.21465049775056003,0.4160647027285424,-0.519227141372872,0.345567414570404,1.9904173223070787
Gaziantep,2005,5,2005-05-01,0.349389236838723,-0.3597714339606088,-0.164224068963853,-0.3009708124823596,0.9736548853616174,1.713984557704595
Gaziantep,2005,6,2005-06-01,0.8407520034740861,-0.6287350300837868,-0.778138773596449,0.7175386920756021,1.451300470387638,-0.3927446787684366
Gaziantep,2005,7,2005-07-01,1.4475811753005816,-0.9286592911852471,-1.2601657274411873,2.043828535430873,1.5300352940703457,-0.5630082852803904
Gaziantep,2005,8,2005-08-01,1.3716268476998306,-0.7555878469882432,-0.9557853301289566,1.9615756104336435,1.098741831714838,-0.5628031027455775
Gaziantep,2005,9,2005-09-01,0.8337171862598413,-0.8244779022013446,-0.8663404050097369,0.5244193525384963,0.4516065656086746,-0.5625979202107646
Gaziantep,2005,10,2005-10-01,0.025080719957878216,0.4475670618970417,-0.35580896865328915,-0.41497127398193323,-0.33149033609628603,-0.5339812728348239
Gaziantep,2005,11,2005-11-01,-0.7990692946172224,-0.02094972782565366,0.5323498985856112,-0.9275197154889763,-1.1059462908179631,-0.4784485008725516
Gaziantep,2005,12,2005-12-01,-0.9968289942827356,-0.16841222693321953,0.93539005759666,-0.9688879721164236,-1.3427670779521672,-0.5156268247076436
Gaziantep,2006,1,2006-01-01,-1.482113420342778,0.7786758417208424,1.1349957731892424,0.1639458937404026,-1.3421520238392508,-0.5273843642112003
Gaziantep,2006,2,2006-02-01,-1.1741781198150292,1.4325482008747012,1.207515369595599,-0.8295663455325669,-1.0516885133498097,-0.31783154600491953
Gaziantep,2006,3,2006-03-01,-0.6849826620794013,0.13095536694646,1.0613957320749896,-0.8132208305142035,-0.36639969108803894,0.6678028644405887
Gaziantep,2006,4,2006-04-01,-0.14204964039830867,0.3956079378019124,0.6781717223196007,0.009073502033093065,0.13492242187064837,2.18727374584834
Gaziantep,2006,5,2006-05-01,0.43003899495415004,-0.858893464520706,-0.29606662781005877,-0.4159963260392854,1.1356396247002991,1.4427994814946454
Gaziantep,2006,6,2006-06-01,1.1502882053816177,-0.8554552435660556,-1.213240345655881,1.1619181740909614,1.5625807325856587,-0.5517792358686711
Gaziantep,2006,7,2006-07-01,1.2961920403151985,-0.5900221517447641,-1.1256116440129469,1.6242504200532,1.4310839817528387,-0.5590507546078393
Gaziantep,2006,8,2006-08-01,1.5098860270798995,-0.924029161687863,-1.1760139916705188,1.277010701335014,1.0092450259776917,-0.5603409123278225
Gaziantep,2006,9,2006-09-01,0.860988800532903,-0.762405358323165,-1.209529846765555,0.12474561518295404,0.5131347429588566,-0.5601357297930095
Gaziantep,2006,10,2006-10-01,0.21972286337873925,1.193636145505509,0.1772371868000978,-0.9719885122325569,-0.5839628433706499,-0.5524538459842157
Gaziantep,2006,11,2006-11-01,-0.8083040880988309,0.6933781698386922,0.5176808425201723,-0.843032906360254,-0.8519515707000196,-0.2935547993696602
Gaziantep,2006,12,2006-12-01,-1.3081685922116377,-0.5418703819932297,0.19715072587994753,-0.45658718619642674,-0.9965235848182775,-0.4832578291939646
Gaziantep,2007,1,2007-01-01,-1.4949128890333299,0.33080802125084274,0.8710190866489489,-0.7476018091938612,-1.1114034502971584,-0.5024920699715023
Gaziantep,2007,2,2007-02-01,-1.1644682049329729,0.2265343489197043,1.19101686825655,-0.9108084599742122,-1.0049562322164243,-0.2690138076884823
Gaziantep,2007,3,2007-03-01,-0.7594797427807547,0.08323462829661334,0.6678583310758288,-0.5570565917665267,-0.2793846074526513,0.731574005304988
Gaziantep,2007,4,2007-04-01,-0.5059985751875898,-0.04887762514945141,0.28303803115573617,-0.9140315816882143,0.21069622213141423,1.0981375502648694
Gaziantep,2007,5,2007-05-01,0.6036610242885035,-0.2928645503657798,-0.015950230332525964,-0.6559664967534403,0.6528020253732022,1.192549168851843
Gaziantep,2007,6,2007-06-01,1.085536917175694,-0.6489863210076517,-1.1155834613154685,1.2114378326402642,1.5607998123483242,-0.495484796278253
Gaziantep,2007,7,2007-07-01,1.5010887288576782,-0.9395443305190433,-1.7470218846450352,2.134468795020576,1.4324670586515746,-0.5580839044448804
Gaziantep,2007,8,2007-08-01,1.4107575971329305,-0.9233576004556886,-0.9730419443344889,1.5951266659231491,0.9718521309543346,-0.5578787219100676
Gaziantep,2007,9,2007-09-01,0.9807409675268117,-0.9056098284606555,-1.3590180228303996,0.30821635825957094,0.6284175517752588,-0.5576735393752545
Gaziantep,2007,10,2007-10-01,0.37293800723851034,-0.6940326832822584,-0.8608338102772204,-0.7059328214599341,-0.4618786207896101,-0.5574683568404416
Gaziantep,2007,11,2007-11-01,-0.5789270862466356,-0.2860244283677004,0.2119200516080266,-0.6380439167732264,-1.075034584611735,-0.5572631743056288
Gaziantep,2007,12,2007-12-01,-1.2444166891803397,1.0185422426406463,0.7801365772739466,-0.6856246994093247,-1.3090967660814485,-0.5301418671844842
Gaziantep,2008,1,2008-01-01,-1.6288250085788787,0.37622945119112267,0.4351848335280619,-0.1129593798074098,-1.1113948170863162,-0.5299366846496713
Gaziantep,2008,2,2008-02-01,-1.3190350439302965,-0.09645011701604732,0.6002759868551776,-0.026213884908352948,-0.8006868836207234,-0.241130832939192
Gaziantep,2008,3,2008-03-01,-0.457556660529406,-0.3201434971205606,0.44170888419609255,-0.49768018804148667,-0.21331937760546196,1.142264085282105
Gaziantep,2008,4,2008-04-01,0.08393640952220603,-0.7264787832314115,-0.11647433230233958,0.017736183787970785,0.4710175481945419,0.32900416920778575
Gaziantep,2008,5,2008-05-01,0.3350430196569763,-0.5005920870126316,-0.5164293978809941,0.06145176799967485,0.914371457371093,-0.5440693570583817
Gaziantep,2008,6,2008-06-01,1.0755276386693962,-0.8377211808190868,-1.4919228513078304,1.8510954017376096,1.5820873328362846,-0.5558268965619383
Gaziantep,2008,7,2008-07-01,1.3879923138613284,-0.9172783558986553,-1.478263333551516,1.665433419518168,1.554343032188994,-0.5556217140271253
Gaziantep,2008,8,2008-08-01,1.5187982332476309,-0.8818387753446038,-1.3201418132695393,0.8642281131287135,0.7465769487767775,-0.5554165314923125
Gaziantep,2008,9,2008-09-01,0.8577624870101606,0.1911733424648248,-0.6402894605214985,-0.060255921655874053,0.23804530446947264,-0.5372672658999452
Gaziantep,2008,10,2008-10-01,0.13280106480523174,-0.15454148196585987,0.20672768820576962,-1.0359672658749255,-0.41951213210640675,-0.4667810913897109
Gaziantep,2008,11,2008-11-01,-0.5110302120421474,0.06614174114732613,0.5523633179969004,-1.178662168771965,-1.0123874157338324,-0.5144267970083763
Gaziantep,2008,12,2008-12-01,-1.3273626974237576,-0.12476975839194689,0.27729683517888626,-0.4440373373299919,-1.2023396731108602,-0.5157169547283595
Gaziantep,2009,1,2009-01-01,-1.425291050285119,0.07145714112494896,0.8269254487046998,-0.5429495499481851,-1.3177609861031538,-0.5274744942319163
Gaziantep,2009,2,2009-02-01,-1.1061606774194477,0.7679979797446758,1.4683400556662773,-0.5885557607702815,-1.2858773380906545,-0.38521198749146457
Gaziantep,2009,3,2009-03-01,-0.8695679555825035,0.35749991514934987,1.0181934811011166,-0.22069183976760476,-0.6090255770818419,0.392570127537372
Gaziantep,2009,4,2009-04-01,-0.2609320305679129,-0.19193088136532674,0.2823912192175236,-0.8946097766781312,0.3741653862367268,2.3187735582496893
Gaziantep,2009,5,2009-05-01,0.3326343691129146,-0.7325157736004941,-0.3933879526103143,-0.1597767041408962,1.0228778423080918,0.6516743566867402
Gaziantep,2009,6,2009-06-01,1.0937518596994973,-0.617983401841419,-1.2075825733096328,0.5465793986192541,1.2372924712172284,-0.5533647061441833
Gaziantep,2009,7,2009-07-01,1.3114511377868951,-0.869515363060858,-1.1353788719006608,2.198558314964369,1.2927492168040629,-0.5531595236093704
Gaziantep,2009,8,2009-08-01,1.2264687222883737,-0.9170711785410259,-1.5925933494115323,0.8777914758961027,1.2040670810126117,-0.5529543410745574
Gaziantep,2009,9,2009-09-01,0.6781761919616778,-0.5454872353656234,-0.7958757874983728,0.3900410781498477,0.3795813760516021,-0.5512538182849483
Gaziantep,2009,10,2009-10-01,0.43019306897958637,-0.12342960306596255,-0.7379071245642197,-1.2785404502798565,-0.46165310532430576,-0.5525439760049317
Gaziantep,2009,11,2009-11-01,-0.6283408703326637,0.2689682325318144,0.8654348840625974,-1.072657113132831,-1.044940602983455,-0.42822555232203413
Gaziantep,2009,12,2009-12-01,-0.9469463528461326,1.4007795964344516,1.477340742846444,-0.42370613896658565,-1.5332804200213386,-0.48185261895988435
Gaziantep,2010,1,2010-01-01,-1.141185666035785,1.280895504786532,1.5362600852564652,0.33377315268039737,-1.473730886563888,-0.4666940338771095
Gaziantep,2010,2,2010-02-01,-1.0843808660487275,0.5077153647313278,1.4098328636767927,-0.3205106238197074,-1.1932172178799894,-0.3677963945257474
Gaziantep,2010,3,2010-03-01,-0.5682240336868609,-0.30891377575558365,0.7364737875179944,-0.9318074885121466,-0.2933530435514066,0.7748487426733615
Gaziantep,2010,4,2010-04-01,-0.21838193898961836,0.24062894763112208,0.4285533957303455,-0.568042694307277,0.3825414660202318,2.3062823461194824
Gaziantep,2010,5,2010-05-01,0.3945125180522227,-0.6930783377316468,-0.07182605776556288,-0.016062656834725592,0.9736980514158284,2.071719108651292
Gaziantep,2010,6,2010-06-01,0.9444760922081696,-0.7153973086496851,-0.6092974899976793,1.3153464467790696,1.317068818096376,-0.5224910508853005
Gaziantep,2010,7,2010-07-01,1.4592153606517853,-0.9341473893038844,-1.1193952870094486,2.09030063700346,1.5107945986853195,-0.5506973331916154
Gaziantep,2010,8,2010-08-01,1.606374043022729,-0.937994030697065,-1.6689237084694328,0.7237207569775423,1.0700882795581763,-0.5504921506568025
Gaziantep,2010,9,2010-09-01,1.082974051905986,-0.8385517309442113,-0.8171428429112544,0.37177826019135385,0.38227642192514577,-0.5502869681219896
Gaziantep,2010,10,2010-10-01,0.25873773108179976,-0.5707770762254027,-0.1964248174525194,-0.7079321576864853,-0.5553148919338573,-0.5500817855871766
Gaziantep,2010,11,2010-11-01,-0.21597417946525602,-0.9378261403890213,-1.222905391154303,-1.536885590019608,-0.6922594377477835,-0.5498766030523637
Gaziantep,2010,12,2010-12-01,-0.8669779598550653,0.9810105307346578,0.40496401895676426,-0.7339576793316828,-1.3568015472466866,-0.506306553128461
Gaziantep,2011,1,2011-01-01,-1.3008874555383612,0.54761718447472,0.9024858517123074,-1.017683863994944,-1.2649734120280953,-0.4732038849881316
Gaziantep,2011,2,2011-02-01,-1.224752570317897,0.1717222160315919,0.9987611481152102,-0.9619956563360011,-0.8991847349680369,-0.2920625316229786
Gaziantep,2011,3,2011-03-01,-0.7736113547777772,-0.37952979607004256,0.4294262899882396,-0.8167265918045075,-0.13686607896429956,1.0031073115653428
Gaziantep,2011,4,2011-04-01,-0.35554757700398587,2.024010394839687,0.7854316786755754,-0.7729763007435929,-0.19487451895744404,1.3502314332128735
Gaziantep,2011,5,2011-05-01,0.15120722779067003,-0.24646913135009532,0.41248003799220195,-0.8994978119086132,0.6551272976963927,2.4016608148694147
Gaziantep,2011,6,2011-06-01,0.8029803788284939,-0.7503695381908273,-0.3291359449195283,1.1217099197607208,1.3428323046952146,0.08558394272491524
Gaziantep,2011,7,2011-07-01,1.4227384538897219,-0.6618545319597204,-1.120883823557358,1.4000090977851234,1.3789815872845357,-0.5482351427738604
Gaziantep,2011,8,2011-08-01,1.3437520514855692,-0.9211917028375504,-1.2713203548697007,1.0189302010868535,1.0573104214907343,-0.5480299602390475
Gaziantep,2011,9,2011-09-01,0.9129984119366009,-0.6437906228733933,-1.0676403908042162,-0.08438087425401865,0.33840420499128343,-0.5478247777042345
Gaziantep,2011,10,2011-10-01,0.012979526372551217,-0.15981166061716778,-0.427740439774388,-0.5256935077568363,-0.3100721849557947,-0.5461242549146255
Gaziantep,2011,11,2011-11-01,-1.0829863416549583,1.248304125192493,0.4484543133007726,-0.36841711292889384,-1.0900342443907918,-0.47264739989479876
Gaziantep,2011,12,2011-12-01,-1.3454564227894847,0.44988714057515955,0.8122805563465728,-0.8593952476517108,-1.219889992759884,-0.48739561990794783
Gaziantep,2012,1,2012-01-01,-1.5341766784718212,2.884387996463171,1.641927488218971,0.03968798877346584,-1.58025383085833,-0.5320506450170208
Gaziantep,2012,2,2012-02-01,-1.5018808840910545,1.6748966365039382,1.157430960620435,0.012852327661921225,-0.8301547773569923,-0.4705365120355637
Gaziantep,2012,3,2012-03-01,-1.127195590417002,-0.06274724367305284,0.7730653615351367,-0.7235110100993843,-0.2897538935794539,0.06649582197108461
Gaziantep,2012,4,2012-04-01,-0.11979867563048412,-0.30777486351050004,0.481450348193498,-0.8132953213752585,0.49612943087066186,3.064858215372277
Gaziantep,2012,5,2012-05-01,0.21754831829453614,-0.10244188605881535,0.5953291547671169,0.14798258883485055,0.5636729509492159,2.161877884010185
Gaziantep,2012,6,2012-06-01,1.0370746985583423,-0.5569092983964076,-0.935625548513129,0.7322573494976244,1.4658619779342903,-0.04653448978898774
Gaziantep,2012,7,2012-07-01,1.5182760399724156,-0.8531911283239523,-1.6338430778480555,0.4978322441376524,1.3869453339616713,-0.5457729523561053
Gaziantep,2012,8,2012-08-01,1.3700970091895013,-0.6702330852263203,-1.3067469877677973,1.1345317005326474,1.0212919701552714,-0.5455677698212924
Gaziantep,2012,9,2012-09-01,1.013212433989486,-0.9189031362376834,-1.187157654681739,0.10446943045020063,0.5429911453468413,-0.5453625872864796
Gaziantep,2012,10,2012-10-01,0.2747020662866576,0.22045326366806464,0.047065310881927024,-0.9843168284961429,-0.6603384431142334,-0.5316993424585008
Gaziantep,2012,11,2012-11-01,-0.4263048293628536,1.0757000320083985,0.946509788343853,-1.56426597116967,-1.1157443680670516,-0.41186693953999187
Gaziantep,2012,12,2012-12-01,-1.177489723987319,3.8936968557786633,1.5895881304571802,-0.7078721592732141,-1.471946001947007,-0.4894194502545814
Gaziantep,2013,1,2013-01-01,-1.4356751540981614,0.7776529499299103,1.7154162169829066,-0.6016668930582891,-1.4012759695602346,-0.5236070935800811
Gaziantep,2013,2,2013-02-01,-1.0310358915721782,1.4963085492484105,1.6235718271316328,-0.6535761156030488,-1.0959509148221505,-0.3334936986861508
Gaziantep,2013,3,2013-03-01,-0.8118155469595422,-0.5080133275902557,0.8695406686708065,-0.33511367586030716,-0.19336760298115463,0.5041020265345336
Gaziantep,2013,4,2013-04-01,-0.2055314672325343,1.4834117933564552,0.666100854233067,-0.8283304023571904,0.3927785104249379,2.404884672915315
Gaziantep,2013,5,2013-05-01,0.38909218399959195,1.0625067825499424,0.4532509898951139,-0.7640857168375685,0.6763026669498958,3.988655185279304
Gaziantep,2013,6,2013-06-01,0.7907066720627911,-0.6361110493350959,-0.5078487634890183,1.3692251377811684,1.5773143926750373,1.523044287655184
Gaziantep,2013,7,2013-07-01,1.273471746437271,-0.9219859330514534,-1.4960383671753272,2.0997545610163204,1.626148818674747,-0.5433107619383504
Gaziantep,2013,8,2013-08-01,1.2884796629385855,-0.7978271360470298,-1.4277541224657107,1.0585513923373553,1.1387114141592172,-0.5416102391487413
Gaziantep,2013,9,2013-09-01,0.7155523765406524,-0.5399390802288492,-0.8190027910336076,0.34926717608149066,0.4695517291997742,-0.5324330150851511
Gaziantep,2013,10,2013-10-01,-0.05493218523131148,-0.46261154117476866,-1.0858543454363363,-0.01544744121410369,-0.21688429641840537,-0.5352185130599306
Gaziantep,2013,11,2013-11-01,-0.42342949336750296,-0.10949992752422388,0.6110580003682169,-1.3070952337948936,-1.1232923984857104,-0.5424900317990986
Gaziantep,2013,12,2013-12-01,-1.5267132228306393,-0.09591493401366583,0.3717651863483686,0.4317549261237065,-1.3174998779873788,-0.5422848492642858
Gaziantep,2014,1,2014-01-01,-1.1804255828654748,-0.12161616245034,1.272403495363775,-0.9592932825955023,-1.2267129879868888,-0.5241355836719185
Gaziantep,2014,2,2014-02-01,-1.0523305232953761,-0.5430415205674124,0.21693056068357314,-0.7411584276772261,-0.5564166093726081,-0.41925658330137155
Gaziantep,2014,3,2014-03-01,-0.5975500879571118,0.9025392716025226,0.39605331663460275,0.033500754328876226,-0.1839044631899526,0.46319934956319886
Gaziantep,2014,4,2014-04-01,-0.11908215630026282,0.13170069444483562,0.25049337115471493,-0.5082187939394595,0.39263303934350147,0.7430331597449009
Gaziantep,2014,5,2014-05-01,0.394144481567273,-0.5288242528742658,-0.21898899937548189,0.14907917746187307,0.8626525443921487,-0.2646209894529243
Gaziantep,2014,6,2014-06-01,0.9136975946144914,-0.6502693864538635,-1.0016125479284372,1.0341061399568614,1.355178217748316,-0.5410537540554082
Gaziantep,2014,7,2014-07-01,1.317838811680526,-0.9299001024435085,-0.9316855755220529,2.7682361683828542,1.475510093730691,-0.5408485715205954
Gaziantep,2014,8,2014-08-01,1.4154963177667126,-0.8419054435229608,-0.9036665409063582,1.4948441784867048,0.967414384088032,-0.5406433889857825
Gaziantep,2014,9,2014-09-01,0.7495127251178482,0.04768424731429082,-0.03789314398525163,1.1605327610993699,0.27130171957629706,-0.5254848039030074
Gaziantep,2014,10,2014-10-01,0.052256744477939016,0.8691084404682656,0.4021603079437851,-0.8603579936645113,-0.5514485766878763,-0.38172695690775943
Gaziantep,2014,11,2014-11-01,-0.8213501576488349,0.37665567445983966,0.46918751445905565,-0.7223091932990986,-0.9458625217451921,-0.421895961252444
Gaziantep,2014,12,2014-12-01,-1.0057312530975384,0.771395072955134,1.7641185236764223,-0.4912460370499704,-1.5581438395841116,-0.459074285087536
Gaziantep,2015,1,2015-01-01,-1.4895507441402072,2.0049343360721275,1.5559833587744227,-0.12005397711408816,-1.3067136373349515,-0.4753178453554812
Gaziantep,2015,2,2015-02-01,-1.2246120164064493,2.2224954753219572,1.641088079197916,-0.1687838043651145,-1.1871660669173345,-0.4123083721192279
Gaziantep,2015,3,2015-03-01,-0.8354044572237842,1.6626577325960932,1.1659502345866457,-0.5339285386848512,-0.5348787680967002,0.12771464239701288
Gaziantep,2015,4,2015-04-01,-0.4533190292332839,-0.18061665162444915,0.7561065545412287,-0.5501516830594058,0.27542383920832747,1.6815783496650762
Gaziantep,2015,5,2015-05-01,0.26070931760877636,-0.23311576655493063,0.32851083793285896,-0.3626456225692561,0.9093089633739291,3.525538066363604
Gaziantep,2015,6,2015-06-01,0.7205930154987055,-0.8777701209019714,-0.02402247788821506,1.8631242783458304,1.3510732381841783,0.3855287138263978
Gaziantep,2015,7,2015-07-01,1.400157914350635,-0.9331311460405292,-1.3765557984237482,1.5870162470842382,1.4626072862370767,-0.5383863811028403
Gaziantep,2015,8,2015-08-01,1.3752719028206695,-0.7962238399274013,-0.8983248904465043,1.809315923907755,0.943016229386579,-0.5381811985680274
Gaziantep,2015,9,2015-09-01,1.1314984806985828,-0.8726589311436137,-1.1602063389869273,-0.35163432084445945,0.31380704095524753,-0.5379760160332144
Gaziantep,2015,10,2015-10-01,0.2909832114448945,0.34058678686156413,-0.07660931336471061,-1.3887420813166047,-0.6161637462342118,-0.533284812734013
Gaziantep,2015,11,2015-11-01,-0.6456238456887492,-0.3332070168768012,0.2072734283012772,-0.7868362412549775,-0.8306227510644719,-0.5166308873964418
Gaziantep,2015,12,2015-12-01,-1.22995831987701,-0.7835116507299185,0.3981405033114057,-0.5760765917938986,-1.0658344672549696,-0.5328744476643872
Gaziantep,2016,1,2016-01-01,-1.5771641034854913,1.396539370294563,1.1281982778779809,-0.434470339384426,-1.4783438658759294,-0.5042578002884464
Gaziantep,2016,2,2016-02-01,-0.8852469555839634,-0.15065739421769953,1.0188589624423756,-1.0811284398160363,-0.8979562933226989,0.11950426849638153
Gaziantep,2016,3,2016-03-01,-0.6924779267418496,-0.01114835155177482,0.5467264277559089,-0.40218835435624906,-0.17455763961408063,0.7597150800839677
Gaziantep,2016,4,2016-04-01,0.046423653964973444,-0.5785311302807494,-0.39441808615511775,-0.6146787310152848,0.6549177629735861,0.6986113121721363
Gaziantep,2016,5,2016-05-01,0.29965953011336877,-0.24571306174202,-0.029366408235403364,0.27355861503166,0.6538376698714339,-0.4765209455628631
Gaziantep,2016,6,2016-06-01,1.0833926647860015,-0.8292266070983352,-1.0975904534684833,1.3768395987858812,1.2291728812597198,-0.5361293732198983
Gaziantep,2016,7,2016-07-01,1.4081060136968457,-0.8994175305878352,-1.4941188161602403,1.6297333631883142,1.4843571196018743,-0.5359241906850853
Gaziantep,2016,8,2016-08-01,1.4633144725354026,-0.8754255908660897,-1.227468913650099,1.2845760554227477,0.9381101851679826,-0.5357190081502724
Gaziantep,2016,9,2016-09-01,0.7123498859678136,-0.47027924615960826,-0.8540126873925039,0.5726020583530811,0.44428231166722637,-0.5355138256154595
Gaziantep,2016,10,2016-10-01,0.268883108806828,-0.48869561224845115,-0.8645368043900212,-0.8311488571771121,-0.24026558928879632,-0.5353086430806465
Gaziantep,2016,11,2016-11-01,-0.8311243900166772,0.4859708638652571,-0.06033893002020139,-1.1321764061717294,-0.8275834001054762,-0.4797758711183742
Gaziantep,2016,12,2016-12-01,-1.531077440940512,1.3138993984012242,1.1280043988298467,0.3178260011938031,-1.4907788324556346,-0.5184495352082625
Gaziantep,2017,1,2017-01-01,-1.6105748671879345,-0.0030436811885184907,1.3153235173971332,-0.3922738260185038,-1.2887453033532006,-0.49581424885150654
Gaziantep,2017,2,2017-02-01,-1.3257402778228635,-0.8964240499829366,0.34238914975266677,-1.0079400351204597,-0.5332988657889318,-0.11878332210805152
Gaziantep,2017,3,2017-03-01,-0.7698367409655156,0.9917121298177398,0.788028788016523,-0.6437203332848686,-0.3834644469630852,0.7367564861701873
Gaziantep,2017,4,2017-04-01,-0.3437521600694659,0.3327482244303166,0.3064558900408563,-0.7787276690818187,0.35006229126698163,1.9212711505035902
Gaziantep,2017,5,2017-05-01,0.24311642043890255,-0.08165244499420443,0.014653836639515184,-0.17361144546823448,0.7340638346848009,1.3367982934130889
Gaziantep,2017,6,2017-06-01,0.9625264161548664,-0.8626377947077993,-0.9049623663997346,0.9282118506191526,1.4890638259660318,-0.4469374480239636
Gaziantep,2017,7,2017-07-01,1.5103550462544861,-0.9333490655078586,-1.7186236004460393,1.3731039048531948,1.5830341496799967,-0.5334620002673303
Gaziantep,2017,8,2017-08-01,1.3938935620105315,-0.924967545102894,-0.8822238774526516,1.2273374458010395,1.0225846304712038,-0.5332568177325174
Gaziantep,2017,9,2017-09-01,1.1098605459070912,-0.9147648091109719,-1.3895638010323914,-0.09389793573156598,0.4448684888923756,-0.5330516351977045
Gaziantep,2017,10,2017-10-01,0.11228153062008986,-0.34050558847269635,-0.8753128473507528,-0.4557665913919125,-0.29565120168094383,-0.5328464526628915
Gaziantep,2017,11,2017-11-01,-0.6940871254262948,0.040184432637494764,0.5679970412287395,-1.0541450709961306,-1.065514570827316,-0.5311459298732825
Gaziantep,2017,12,2017-12-01,-1.042562519383167,-0.42547044687712365,0.7784472104897381,-0.9732410978555446,-1.2725252015307578,-0.5070153032617304
Gaziantep,2018,1,2018-01-01,-1.278331036902564,2.1581099134861463,1.171561991987806,-0.25845123073728155,-1.3555846131444624,-0.4544732118090504
Gaziantep,2018,2,2018-02-01,-0.9676629755367567,1.8027686638101135,1.2881274493500308,-1.2252082078600648,-1.0657369248268704,-0.18510678341092165
Gaziantep,2018,3,2018-03-01,-0.5361523759188243,-0.4416934968517002,0.9574110204928463,-0.697835326477646,-0.21573203402048416,1.187820753026802
Gaziantep,2018,4,2018-04-01,-0.04921280454909899,0.31442710882707403,-0.13176473625554783,-0.7894591007616678,0.5539606214516349,2.8014980704867143
Gaziantep,2018,5,2018-05-01,0.40522337917157214,0.33998009048049765,0.18728669636032613,-1.2184334493702087,0.5421917991039331,2.0674911879165925
Gaziantep,2018,6,2018-06-01,0.7949446389890668,0.2804562868574647,0.03823813128412154,1.097157777301241,1.2113654178744673,0.5215145469921361
Gaziantep,2018,7,2018-07-01,1.293418586305667,-0.8494219345861854,-0.8733817867199773,2.423187319287433,1.4774605177753661,-0.5309998098495753
Gaziantep,2018,8,2018-08-01,1.3163644065057758,-0.9042626124141842,-1.026952851446648,2.0379436006839224,1.1263012874049358,-0.5307946273147623
Gaziantep,2018,9,2018-09-01,0.9955774199858147,-0.7694366955432936,-1.2102316823456094,0.226751628848925,0.304719962438951,-0.5305894447799494
Gaziantep,2018,10,2018-10-01,0.2363342471572507,0.47398916647432765,-0.33354030566365167,-0.6421146800760898,-0.7054766863147777,-0.49449609613002776
Gaziantep,2018,11,2018-11-01,-0.664104813566821,1.0586553333237907,1.171340590707066,-0.5532801918909412,-1.2524885889022346,-0.4823281915568452
Gaziantep,2018,12,2018-12-01,-1.15099158327765,4.630375236439297,1.7694061300386388,-0.10693044999006436,-1.592803597407879,-0.46716960647407035
Gaziantep,2019,1,2019-01-01,-1.5480392257330677,2.5904095688273157,1.8958920816019407,0.05654111742192353,-1.5078060308200323,-0.5118246315831434
Gaziantep,2019,2,2019-02-01,-1.2240942782297308,1.6293840496601797,1.5551501212687726,-0.7882832612429562,-1.036020078050429,-0.4144223324865775
Gaziantep,2019,3,2019-03-01,-0.9011835456472973,2.5129897464259985,1.2767671325645522,-0.43021782749055637,-0.5593759725917987,0.0777497938761849
Gaziantep,2019,4,2019-04-01,-0.4955387828735084,1.5634118680911693,1.0952696969928273,-1.2165686024179847,-0.059177016141703,0.9661870877599401
Gaziantep,2019,5,2019-05-01,0.38111324941664304,-0.8595294200925072,0.13320765474981183,-0.36930269186384784,1.0460798182583615,4.323431142312221
Gaziantep,2019,6,2019-06-01,0.9712694166500485,-0.6401470652557195,-0.3577353052512353,0.639922730530348,1.2701821926767136,0.5404254802126492
Gaziantep,2019,7,2019-07-01,1.23772718303665,-0.7829264385682513,-1.176675583741217,1.800053533291108,1.4157857842658865,-0.5285376194318203
Gaziantep,2019,8,2019-08-01,1.3687034437040433,-0.8796550748962789,-1.263531394069115,1.3309927738446217,0.9655000091322121,-0.5283324368970073
Gaziantep,2019,9,2019-09-01,0.8920314728159117,-0.8650293867646021,-1.2566711049658545,0.21655815333183537,0.47827640696813206,-0.5281272543621944
Gaziantep,2019,10,2019-10-01,0.3613408748685163,-0.2095959856790652,-0.3429232226624601,-0.9117592068650869,-0.525499229607305,-0.5249313913177891
Gaziantep,2019,11,2019-11-01,-0.5787468224420662,-0.4522820426189953,-0.11472295173567892,-1.2837969693440634,-0.8953744956913668,-0.5202401880185876
Gaziantep,2019,12,2019-12-01,-1.1805867022836771,3.2378168736487676,1.4561863105386956,-0.25267152509814256,-1.5731779042880083,-0.47517479783988864
Gaziantep,2020,1,2020-01-01,-1.466878443774371,0.8983913288098702,1.3607589057506302,0.49127209535680755,-1.3001731011197888,-0.47197893479548336
Gaziantep,2020,2,2020-02-01,-1.3950153067150346,0.2763720824721617,1.299766665723496,-0.4315747335753743,-1.0828512198150255,-0.32672574754543904
Gaziantep,2020,3,2020-03-01,-0.7272208337507633,1.7196113117445797,1.131767272966849,0.039914136638875365,-0.5049726891873442,0.6648900239192538
Gaziantep,2020,4,2020-04-01,-0.34241335208844514,0.2582718534746129,0.6494113866033229,-0.9852197608557018,0.27917244991202134,2.042303581121366
Gaziantep,2020,5,2020-05-01,0.2410347754956362,-0.43737653730724574,0.16047169013826426,-0.08086108335055356,0.9228883172634568,3.017470609783301
Gaziantep,2020,6,2020-06-01,0.7773551486448145,-0.8923642969553973,-0.6365242745885331,1.0600941852214933,1.4266094592046494,-0.06721115332644503
Gaziantep,2020,7,2020-07-01,1.5111692030897497,-0.9271716033268604,-1.5331210060041693,1.0259449532297964,1.3341191425688619,-0.5260754290140653
Gaziantep,2020,8,2020-08-01,1.2979879394428877,-0.9148874780927007,-1.6133788169846255,1.3154023832753248,1.148642851302713,-0.5258702464792524
Gaziantep,2020,9,2020-09-01,1.215649220626884,-0.9210756823833985,-1.3517757712578409,0.13750628898142864,0.3298645584638558,-0.5256650639444395
Gaziantep,2020,10,2020-10-01,0.5111832613627052,-0.9298656232268936,-1.4989262022109249,-1.129864062576728,-0.24256344573397495,-0.5254598814096265
Gaziantep,2020,11,2020-11-01,-0.6780331019761783,1.0308590063968146,0.3768344936470411,-0.6011029072258945,-1.0839409247865022,-0.4684317691925581
Gaziantep,2020,12,2020-12-01,-1.1952599250662195,1.183897079137283,1.037030871017501,-0.5301250929594665,-1.3196468853738588,-0.46224522563856035
Gaziantep,2021,1,2021-01-01,-1.3598598553462105,2.4822195824189177,1.0705643625658086,-0.43589368972211007,-1.29495824181844,-0.44409596004619306
Gaziantep,2021,2,2021-02-01,-1.12229740493049,-0.6314827605323181,0.9070824781239082,-0.8914001850216284,-0.6373382799879583,-0.020709485404055674
Gaziantep,2021,3,2021-03-01,-0.9120990645984428,0.2633104034105274,0.7307224709506571,-0.20213844502790035,-0.33040970761399824,0.6613708533178239
Gaziantep,2021,4,2021-04-01,-0.18992159086903662,-0.6951133792038113,0.28924709198090354,-0.3520176657114805,0.3365689662367779,2.022335667717178
Gaziantep,2021,5,2021-05-01,0.5860201336065389,-0.8881062679853219,-0.8857452240219668,0.5751260583002571,1.30678323748389,-0.015607917035228345
Gaziantep,2021,6,2021-06-01,0.9058378740988567,-0.9288975684282175,-0.9787140194735267,1.6836130694360298,1.5012212298020142,-0.5238184211311231
Gaziantep,2021,7,2021-07-01,1.4578966460122114,-0.9298822996133219,-1.434536660953921,1.9932525322973715,1.3584512640745507,-0.5236132385963103
Gaziantep,2021,8,2021-08-01,1.4245617069401815,-0.8156101015095263,-1.4262148795220868,0.9327870623066656,0.8658492832772384,-0.5234080560614973
Gaziantep,2021,9,2021-09-01,0.7620712461622023,-0.8061878864834431,-0.7476124703454384,0.9842769807414868,0.4297397147062731,-0.5232028735266845
Gaziantep,2021,10,2021-10-01,0.1834227639367261,-0.8066522703579881,-1.0526214868589572,-0.8081038788215053,-0.29944845124018843,-0.5229976909918714
Gaziantep,2021,11,2021-11-01,-0.4574922701783923,-0.5292511903938311,0.13269501785252377,-1.0642554717871509,-1.078921819586157,-0.5227925084570586
Gaziantep,2021,12,2021-12-01,-1.2893462530929238,0.40690958473848404,0.7924418541139739,-0.6441094010400824,-1.3545407918737729,-0.5166059649030609
Gaziantep,2022,1,2022-01-01,-1.6552555093650878,0.8763188222990475,1.415867445678336,0.0561035894098377,-1.5075718821438855,-0.5134101018586555
Gaziantep,2022,2,2022-02-01,-1.1400087861336161,-0.2761945071539353,1.065945089311363,-0.9346011136680809,-0.9386615504161292,-0.08553760645212966
Gaziantep,2022,3,2022-03-01,-1.2311380884326135,1.5521017319324142,0.8061654458556241,-0.42753173907371217,-0.52407268497,0.17485678041722202
Gaziantep,2022,4,2022-04-01,-0.10202892148166241,-0.4636677857385578,-0.05228285296934583,-0.4386009163405312,0.45292772844521806,2.489848677376551
Gaziantep,2022,5,2022-05-01,0.22565631497993238,0.047629410322034306,-0.19440513114504393,-0.0729966591275141,0.8026625858988017,1.238454066646945
Gaziantep,2022,6,2022-06-01,0.9529996719605279,-0.7341364603573994,-0.7744894487032122,1.3108371402185028,1.2673786819699193,-0.48845874510785176
Gaziantep,2022,7,2022-07-01,1.3703514231793634,-0.9299912593469865,-1.6340232248401807,1.8053426353987283,1.5321812494734153,-0.5211510481785552
Gaziantep,2022,8,2022-08-01,1.3655997510742366,-0.8776403911997557,-0.7523469080842853,2.265557763559136,0.9516981722683524,-0.5209458656437423
Gaziantep,2022,9,2022-09-01,0.9954966924616367,-0.8869506793538097,-1.0913617423489184,0.660455062335147,0.41861951902604866,-0.5207406831089294
Gaziantep,2022,10,2022-10-01,0.31766188908307,-0.6436323482312912,-0.5250510903947966,-0.5868200235302217,-0.39823316432279887,-0.5205355005741165
Gaziantep,2022,11,2022-11-01,-0.5336848144308616,1.2301942805290027,0.7903021134792093,-0.9953693913784774,-1.2234171977434143,-0.49939555447215667
Gaziantep,2022,12,2022-12-01,-1.0552530689716166,-0.10444060761975836,1.2210422603664999,-1.0272453247468962,-1.33016702055936,-0.4363860812359034
Gaziantep,2023,1,2023-01-01,-1.3835169021228886,-0.040642098640221336,1.081518549089223,-1.0215163869959103,-1.1935236911536882,-0.4301995376819057
Gaziantep,2023,2,2023-02-01,-1.4607877244817775,0.44047495340792764,0.7189039583260963,-0.6959514384683377,-0.7506873304336388,-0.13242164444264923
Gaziantep,2023,3,2023-03-01,-0.6316969246294545,2.05256688495686,1.0441591319566699,-0.3332749518922791,-0.6243151413579521,0.651341831605372
Gaziantep,2023,4,2023-04-01,-0.3627953286634814,-0.07117469965518036,0.7695544445964043,-0.45040826034590153,0.08601126508586053,1.5726766110946437
Gaziantep,2023,5,2023-05-01,0.2175241973912467,-0.6341345262444005,-0.024074799055745128,-0.1562654056569777,0.7602300640198344,1.493628760125258
Gaziantep,2023,6,2023-06-01,0.8689214620021323,-0.8208832472991986,-0.524498755186548,1.4098487657417538,1.1836961895306508,-0.4471177080653956
Gaziantep,2023,7,2023-07-01,1.4392817011557977,-0.9287993508042527,-1.612292995356035,1.837127094001547,1.5072832970672743,-0.5186888577608003
Gaziantep,2023,8,2023-08-01,1.547330025388475,-0.8610982369955205,-1.2612622272910667,1.5211235395726672,0.993190014968351,-0.5184836752259873
Gaziantep,2023,9,2023-09-01,1.0021740458509165,-0.7835105242861603,-1.0144785589842409,0.336095187766046,0.4398640013783281,-0.5182784926911744
Gaziantep,2023,10,2023-10-01,0.35920128906023086,-0.5365497619897264,-0.4525685081589166,-0.9736001664041217,-0.4829818918654032,-0.5180733101563615
Gaziantep,2023,11,2023-11-01,-0.3993230435621329,0.9982705939411403,0.3691363157990724,-0.9657541108513047,-1.0761570541156422,-0.49693336405440175
Gaziantep,2023,12,2023-12-01,-0.9523226712896165,0.7287866505074029,1.3439482628353256,-0.853856921365884,-1.3358644111437132,-0.39654038444824347
Gaziantep,2024,1,2024-01-01,-1.2012756039653802,1.3490966081301825,1.5246693820551696,-0.9824434900589196,-1.4952679221486058,-0.4172699654805774
Gaziantep,2024,2,2024-02-01,-0.9984540900040447,0.27333450698470635,1.235303230748841,-1.532790083931833,-0.9750126199908014,-0.052201760775491865
Gaziantep,2024,3,2024-03-01,-0.7862544074431121,0.622543515806056,0.9622175711076898,-0.6955867660728876,-0.30722651433089887,0.93193730941522
Gaziantep,2024,4,2024-04-01,0.11719798640520057,0.10511407889078031,0.4390011712878084,-0.6790119379436699,0.44062914642719986,2.8222525740124285
Gaziantep,2024,5,2024-05-01,0.24005351039876255,-0.15968673874792289,0.3974438835570039,0.1191611344024396,0.489723189567956,1.3241268212414499
Gaziantep,2024,6,2024-06-01,1.411331229287815,-0.7879501528123435,-1.3691961291602335,0.40658821376916193,1.5333216471329336,-0.3848419074557926
Gaziantep,2024,7,2024-07-01,1.5236448991989868,-0.9195420589478488,-1.195708300525098,2.4285594961211228,1.2842988543695388,-0.5162266673430452
Gaziantep,2024,8,2024-08-01,1.4651675870380714,-0.8096928129838078,-0.933779547108141,2.2635307357572283,0.9416778347875402,-0.5160214848082323
Gaziantep,2024,9,2024-09-01,0.9034862320177005,-0.38659448606302826,-0.2600208305120688,0.9176534912852795,0.19336824165586616,-0.5143209620186232
Gaziantep,2024,10,2024-10-01,0.18852952105545837,-0.8891940246273619,-0.9325377657124025,-0.2530582852220759,-0.2284096277331529,-0.5156111197386065
Gaziantep,2024,11,2024-11-01,-0.6752271125901507,0.6414635528190298,0.2592161418814655,-1.3874840508800181,-1.1073760591591373,-0.503443215165424
Gaziantep,2024,12,2024-12-01,-1.2665921392532669,0.6061358991370074,1.1445197458641465,-0.6445469290521683,-1.4125747256025754,-0.488284630082649
Gaziantep,2025,1,2025-01-01,-1.2957707510667007,-0.7938025764869541,0.6504067793340003,-1.1797242362443552,-1.0175776326816068,-0.35499416487097435
Gaziantep,2025,2,2025-02-01,-1.4533623543532743,0.024499532803664344,0.5817742451677484,-0.609438814874007,-0.8885220059295558,-0.3592750031005501
Gaziantep,2025,3,2025-03-01,-0.49567605451235797,-0.2140237456517907,0.2665459771164112,-1.0526925528719453,-0.24474316803397786,0.35420748097204974
Gaziantep,2025,4,2025-04-01,-0.2447091242280817,-0.10625588892998723,0.19276233206456006,-0.3750390144087484,0.1605636408731511,0.5054420292412789
Gaziantep,2025,5,2025-05-01,0.5036498044048593,-0.4935984982054211,-0.3887422000159028,0.29879677064131255,0.9098117935695903,-0.34071537243855693
Gaziantep,2025,6,2025-06-01,1.1839380858971507,-0.9119017724591375,-1.7885624724728857,0.938654550314448,1.5156166166934366,-0.5139696594601032
Gaziantep,2025,7,2025-07-01,1.5374186703584767,-0.917569629439276,-1.4384978630611405,2.0959220380153556,1.2382427991315796,-0.5137644769252901
Gaziantep,2025,8,2025-08-01,1.4532198247529693,-0.9255790493169315,-1.11453630639521,2.0610439621902428,1.0276100233961025,-0.5135592943904773
Gaziantep,2025,9,2025-09-01,0.9229777921791111,-0.8719273128933024,-1.1548230116514828,0.8940111116991832,0.4689681058859326,-0.5133541118556644
Gaziantep,2025,10,2025-10-01,0.18802869285960488,-0.6090959576248075,-0.18489216520774593,-0.564351031063483,-0.3130334058495853,-0.5131489293208514
Gaziantep,2025,11,2025-11-01,-0.3952621570798447,-0.5257844244992944,-0.365607902323058,-1.422423509884082,-1.0232098224404746,-0.5129437467860385
Gaziantep,2025,12,2025-12-01,-1.1538500837804824,0.6164338856145299,0.8114478814067965,-0.7012649359357204,-1.343885557805771,-0.5112432239964294
Kilis,1990,1,1990-01-01,-1.553140614650182,-0.3862679887184529,0.44144406673002456,-0.40501916441701175,-1.0879076005429194,-0.5018330158079273
Kilis,1990,2,1990-02-01,-1.1556342129873434,0.9839646363445592,1.1020703557980904,-0.5313079765178386,-0.8603202693210822,-0.11216394755106948
Kilis,1990,3,1990-03-01,-0.6904100875074451,-0.7500736965123069,0.27587539301003855,-0.5270161148013293,0.12079305030725801,1.168106126267336
Kilis,1990,4,1990-04-01,-0.09916214084435235,-0.7811742269412162,-0.09065860579213617,-0.5117033543318592,0.22943465848414493,0.03095312956941112
Kilis,1990,5,1990-05-01,0.549678788842896,-0.9199907027044237,-1.5000466359212359,-0.15504555488436483,0.8314772392599997,-0.5811683364442402
Kilis,1990,6,1990-06-01,1.0866178481437259,-0.8556856815515258,-1.8673289862728213,1.015020642865485,1.3099134000080723,-0.6324606674087812
Kilis,1990,7,1990-07-01,1.3499414643818688,-0.9739848343939147,-0.9655369433091707,2.42018711209813,1.1636224178382046,-0.6322261436057539
Kilis,1990,8,1990-08-01,1.2539129802090236,-0.9517403252286951,-1.1627920183778502,1.374786543880337,0.9393589438816793,-0.6319916198027268
Kilis,1990,9,1990-09-01,0.9404538517953277,-0.9587330012256422,-1.1333326391099328,-0.1414783294538622,0.2614700837400864,-0.6317570959996995
Kilis,1990,10,1990-10-01,0.42397107915029875,-0.7290070640236431,-1.2449420350478373,-0.6151655689956904,-0.5491600189991774,-0.6315225721966724
Kilis,1990,11,1990-11-01,-0.31263614659152655,-0.006608910185483297,-0.06416904260566084,-0.8337112024365196,-0.9687336058722196,-0.5976599958084955
Kilis,1990,12,1990-12-01,-0.9706201712397491,-0.4988362732597943,0.2718466882940158,-0.694125037988349,-1.2681580841975837,-0.6136971103531214
Kilis,1991,1,1991-01-01,-1.2917205123321032,0.5831279647657144,0.8036122503237605,-0.8517972586946077,-1.2104978274975495,-0.6047843794313459
Kilis,1991,2,1991-02-01,-1.2464915236623821,-0.04374432997646975,0.410486783531167,-0.26390705522840907,-0.9017242609410118,-0.41634123874046447
Kilis,1991,3,1991-03-01,-0.6235970400054178,0.6778844242521594,0.589085155961592,-0.33401314242082897,-0.47845838955188547,0.8140291441451373
Kilis,1991,4,1991-04-01,-0.11569959131405035,0.15641987601568177,0.4029859287493714,-0.28294287253639827,0.18391851028730555,1.2546826792246417
Kilis,1991,5,1991-05-01,0.29492309394500515,-0.270152053712009,-0.23466321360716016,0.20496853931451323,0.6783610616279898,-0.01860969164864723
Kilis,1991,6,1991-06-01,1.0625980121656127,-1.0355162781697196,-1.1078474406712355,1.2066104442152146,1.2548318798664868,-0.615544295204489
Kilis,1991,7,1991-07-01,1.1901444075675376,-0.7150011870430975,-0.6398035622596443,2.8116763792550876,1.1160338919837185,-0.628869470024506
Kilis,1991,8,1991-08-01,1.2565698557936713,-1.0148786477347325,-0.5960263244319132,2.67712877541599,0.7331129733922784,-0.6291773341664005
Kilis,1991,9,1991-09-01,0.9466737085455239,-0.7425792654720342,-1.1395544809534979,-0.24194387446345095,0.3355878200056786,-0.6289428103633734
Kilis,1991,10,1991-10-01,0.40205351461454714,-0.012743582075077592,-0.23717187140567372,-1.1705008924552318,-0.6357132632782495,-0.622199631221285
Kilis,1991,11,1991-11-01,-0.40853340605461913,0.1182427385704814,0.2473222166673653,-1.4246969768995998,-0.8862517304177326,-0.6062358570155264
Kilis,1991,12,1991-12-01,-1.3081785979631702,2.234792984878276,1.3964949379002,0.15792951510621414,-1.2987399097452064,-0.5799667118562543
Kilis,1992,1,1992-01-01,-1.7117064885891402,0.08733059516691145,1.04316799150257,-0.7712056183072461,-1.1896290027497252,-0.5770202483286183
Kilis,1992,2,1992-02-01,-1.646891736754157,0.9087248320980217,1.394300392609713,-0.3030955825661802,-1.0306055459841486,-0.5198349903088052
Kilis,1992,3,1992-03-01,-1.1136295501628921,-0.47498021188586426,0.8482513142484576,-0.6587446476773016,-0.024370783822646597,0.8716246122185622
Kilis,1992,4,1992-04-01,-0.284831183551214,-0.6827861859703249,0.18755474742681583,-0.9456149592876745,0.5113628877314355,1.8628019113936631
Kilis,1992,5,1992-05-01,0.2998685815103314,-0.04989485337423708,-0.276740110951235,-0.6516291538866416,0.5670081733571376,0.26244960973254705
Kilis,1992,6,1992-06-01,0.8235662071218585,0.1767534853896393,-0.26733745483590393,0.34812852297303176,0.8790657040145213,-0.3529261839506348
Kilis,1992,7,1992-07-01,1.0946535955873526,-0.6619601685099984,-0.8493128484297536,1.3891679232770422,1.2117321980817415,-0.6059868304260743
Kilis,1992,8,1992-08-01,1.365816020511229,-0.9477319696935703,-1.4002857504254178,0.8454430709829173,0.8828452260348926,-0.6263630485300743
Kilis,1992,9,1992-09-01,0.9162957833271005,-0.5779753035569831,-1.500607660764436,-0.6822556406911551,0.32059188182789017,-0.6261285247270472
Kilis,1992,10,1992-10-01,0.5167773407940556,-0.8224559923624075,-1.1739436193472774,-1.1091797661238378,-0.4542064667711664,-0.6258940009240199
Kilis,1992,11,1992-11-01,-0.6162787597756235,0.5421343688973794,-0.6171750009118536,0.3924463318000628,-1.1069254104586017,-0.6191508217819316
Kilis,1992,12,1992-12-01,-1.4060330583824172,-0.1362876996833616,1.2280458078266852,0.0567359728989559,-1.3357799759156888,-0.5993903319617206
Kilis,1993,1,1993-01-01,-1.42800055813134,0.08574424142333055,1.0098278730907728,0.08727243947263781,-1.1898140424324226,-0.5053226936872272
Kilis,1993,2,1993-02-01,-1.4472721051255057,0.9679210475073665,1.0108853145957208,-0.01997526945384011,-0.9284747155744485,-0.20135092072800884
Kilis,1993,3,1993-03-01,-0.862264333268122,0.5798190982562108,0.5196459363172785,-0.7111195542761108,-0.06881629924067413,1.5963572525457645
Kilis,1993,4,1993-04-01,-0.2001432010547398,-0.5792212597447098,0.20942313753734265,-0.4062137909100303,0.22880347571316137,1.0173214511723412
Kilis,1993,5,1993-05-01,0.23281658725726506,0.743565056063909,0.48236996376076324,-0.22481061096041102,0.520280746252367,0.6075106886145103
Kilis,1993,6,1993-06-01,0.9923825655419612,-0.90506992013504906,-1.1431825671149853,0.4268787586839335,1.3273451986769353,-0.4775730653709246
Kilis,1993,7,1993-07-01,1.390627986990757,-1.0397829313140932,-1.5653118730114093,1.6849469706226987,1.2947292976214742,-0.6237832866967753
Kilis,1993,8,1993-08-01,1.4549524143821693,-1.0388251446792232,-1.3360065649158652,1.1682008380069266,0.9281692552746114,-0.6235487628937482
Kilis,1993,9,1993-09-01,1.0062563276326129,-0.9888822495708983,-1.220588641471817,0.006492011620231889,0.3659245220551061,-0.6233142390907209
Kilis,1993,10,1993-10-01,0.6218214638421713,-0.6434899044027833,-1.9964069221872955,-0.9958282518413327,-0.40716024003201823,-0.6230797152876938
Kilis,1993,11,1993-11-01,-0.820185998650342,0.21765664568741336,-0.16573569050037595,-0.25230417687916473,-0.9916988198816344,-0.5957257942385781
Kilis,1993,12,1993-12-01,-0.9130504454947086,-0.28457291231079673,1.2223766641756375,-0.1356713358398785,-1.3465565302198759,-0.5884402271515679
Kilis,1994,1,1994-01-01,-0.965445229117897,1.83402906628908,1.3062132506061723,-0.4475076689938714,-1.2602647400918314,-0.43525230288060157
Kilis,1994,2,1994-02-01,-1.0859463182176226,2.2679023665532263,1.3124321925351765,-0.6870566333498265,-0.8043755274992315,-0.11500889157373001
Kilis,1994,3,1994-03-01,-0.6722414211013724,-0.33504459200031517,1.2116207623917628,-1.4341083500225633,-0.07494292029640229,1.7510401627601861
Kilis,1994,4,1994-04-01,0.14797902770950083,-0.8603561382844462,-0.12912990623076456,-0.39052095952670784,0.5368056785533184,2.228576078094371
Kilis,1994,5,1994-05-01,0.6252878641410791,-0.2759369810887927,-0.6497756362794579,-0.3420629148809753,0.9073748692538096,-0.01830265391349516
Kilis,1994,6,1994-06-01,1.0421785948903866,-0.9358934590407969,-1.5532329375881377,1.7415541192154058,1.468376048453683,-0.6152372574693369
Kilis,1994,7,1994-07-01,1.2865455005257294,-0.9813561155142791,-0.9058768149107082,3.1125475435221355,1.3583947302301143,-0.620969001060449
Kilis,1994,8,1994-08-01,1.3655395555309993,-0.8354947357511265,-1.2836559227782474,1.587953525779303,0.9897680508839364,-0.6207344772574219
Kilis,1994,9,1994-09-01,1.3537194861707234,-0.8671081992530565,-1.8075096465773077,-0.2711980276573976,0.24922421054852642,-0.6204999534543947
Kilis,1994,10,1994-10-01,0.6702505790403882,-0.06571835216974432,-1.016010195942862,-1.0462761070345463,-0.6143103642086193,-0.6023666274689491
Kilis,1994,11,1994-11-01,-0.6225256256278532,1.3983810252560136,0.8896575821638777,-0.34745962468222097,-1.1957332017488516,-0.5516900247881973
Kilis,1994,12,1994-12-01,-1.4560586952705101,0.9728349616743637,1.3631229519810213,0.024571762645478074,-1.4500303649308393,-0.5340990867476735
Kilis,1995,1,1995-01-01,-1.1358974630225998,0.6360263197252549,1.9128219023454436,-0.8833658053064195,-1.4054588092264668,-0.3413168424974179
Kilis,1995,2,1995-02-01,-0.9296107560545249,-0.17319368247570596,1.2435952870969964,-1.4096095484212037,-0.7157889744680479,0.457312736230455
Kilis,1995,3,1995-03-01,-0.6585917043636297,-0.03246163344275798,0.928051721681156,-0.7773283393617966,-0.061479544796123595,1.5531709087754575
Kilis,1995,4,1995-04-01,-0.2312021224789155,0.31421304440790837,0.34844310256586375,-0.81158362338073,0.13341114931676087,1.5268284232773182
Kilis,1995,5,1995-05-01,0.5852114766766653,-0.2557236792290037,-0.5189292280072447,-0.5151997095638434,0.816214746663765,0.47320317009734597
Kilis,1995,6,1995-06-01,1.1310923806014572,-0.6515196245754664,-0.8813202444364755,1.300578590836885,1.2072608656324688,-0.5701167121291125
Kilis,1995,7,1995-07-01,1.2737448656834998,-0.8957438468443804,-0.9415972322266546,2.162809032383808,1.3276406849325486,-0.6181547154241229
Kilis,1995,8,1995-08-01,1.3636192071542896,-0.9078658535715322,-0.7560569653460585,2.0770800641531584,0.8870261501102306,-0.6179201916210957
Kilis,1995,9,1995-09-01,0.9418174376968038,-0.7838041294117496,-0.8672723496850565,0.6677879555118598,0.309950426091474,-0.6176856678180686
Kilis,1995,10,1995-10-01,0.3003514387539369,-0.46970070169788325,-1.6907867713208213,-0.6862620128356675,-0.440639566323939,-0.6174511440150413
Kilis,1995,11,1995-11-01,-0.7834382244568099,1.5688837175108004,0.41437079240629476,-0.3045525451154169,-0.9480150872116304,-0.5038575397233642
Kilis,1995,12,1995-12-01,-1.1691637153314367,-0.14822782393639095,1.2007598134237993,-0.2898821351144794,-1.33745452333841,-0.47758839456409213
Kilis,1996,1,1996-01-01,-1.3012847359864568,1.3181797523179593,1.6412896004115076,0.8442124363975668,-1.344118343242056,-0.4627093962481771
Kilis,1996,2,1996-02-01,-1.0556450567690947,0.16632045733932516,1.3940557101077204,-0.33723353105212045,-0.808966952601143,0.1862211096812872
Kilis,1996,3,1996-03-01,-0.8099846778390759,2.746818668194134,1.7541888496259341,-1.0705846716601906,-0.6585351828434947,0.6339256880447748
Kilis,1996,4,1996-04-01,-0.451547348170048,0.5688367606380517,1.179729430147614,-0.4799400082086908,0.38477745222360593,2.5862144256212525
Kilis,1996,5,1996-05-01,0.5830660189248077,-0.8651357245018405,-0.12075902348823281,-0.41983400840024115,0.9531596828731171,2.6569593822641098
Kilis,1996,6,1996-06-01,1.1081968408914484,-0.9816396115886578,-1.6585840153204472,0.8111484254487485,1.3179049756963717,-0.485401846809599
Kilis,1996,7,1996-07-01,1.580787134698382,-0.9960698171444016,-1.6298711843451947,2.1457634015542704,1.0892326761413074,-0.6153404297877967
Kilis,1996,8,1996-08-01,1.408934309329616,-0.8420015082129214,-1.1281568959803487,1.3444560113787234,0.9562456696545295,-0.6151059059847694
Kilis,1996,9,1996-09-01,0.8670104254698646,-0.6427950888556403,-0.29754660979126923,0.5062562926271416,0.23079976073078254,-0.6148713821817423
Kilis,1996,10,1996-10-01,0.1506843038212975,1.1936936995829783,-0.09962698535234427,-0.8382012420569721,-0.6251427933830467,-0.5218885197970924
Kilis,1996,11,1996-11-01,-0.41655187866628535,-0.3146540811448817,0.2164366112859894,-0.06251682030362297,-1.1836819316496132,-0.4294480453573643
Kilis,1996,12,1996-12-01,-0.7885481988721209,2.1950593656331026,1.9806163569935626,-0.23048806018868162,-1.5608794138846174,-0.38256815829106494
Kilis,1997,1,1997-01-01,-1.2113979775316874,-0.30478804524332426,1.0963204618632938,-0.23142676657307754,-1.1193843894993005,-0.28144947673258847
Kilis,1997,2,1997-02-01,-1.3466799089960875,0.09087174108079682,0.9390870602118421,-1.3840080986831047,-0.8096082579698809,-0.16351676888153716
Kilis,1997,3,1997-03-01,-1.0678168675306658,0.537055435097434,0.3259935733820096,-0.26220995042581874,-0.036318046232480486,0.9345109554431527
Kilis,1997,4,1997-04-01,-0.5391480765512716,1.5328469168555041,0.9684349197993917,0.17960210946676397,0.20165341832862488,2.3059022040084147
Kilis,1997,5,1997-05-01,0.5420141575014167,-0.676167441618317,-0.22659006307188223,-0.9989362991954749,1.0310332448520478,1.6720852201978926
Kilis,1997,6,1997-06-01,0.9637997665525682,-0.9657862408495427,-0.760468091119557,0.3993784317061597,1.3675976459263093,-0.536283967720528
Kilis,1997,7,1997-07-01,1.3467415023141718,-1.0384343501931097,-1.3886654632441922,1.5242659798359102,1.2201929760401433,-0.6125261441514704
Kilis,1997,8,1997-08-01,1.0698001169801539,-0.7494646430572465,-0.12988087910360363,2.3102065974034893,0.9217027898582199,-0.6122916203484433
Kilis,1997,9,1997-09-01,0.7752614315477064,-0.1930003383412084,-1.3113552891603033,-0.7153035251117398,0.3419332619174394,-0.605006053261433
Kilis,1997,10,1997-10-01,0.22687690862118753,0.524524951303257,0.4436873546174746,-1.1256764201385754,-0.6723007698626754,-0.4859885695205382
Kilis,1997,11,1997-11-01,-0.5131857460291703,0.884279422515945,0.7729138238700862,-0.6057117199079053,-1.1319427167245202,-0.27530752308786427
Kilis,1997,12,1997-12-01,-1.1687273339570292,1.452284721374944,1.729181351488987,-0.09272722810195284,-1.5551659271317697,-0.46707833178714375
Kilis,1998,1,1998-01-01,-1.4641652062824317,0.6928192272569685,1.3694979250632278,0.294313748507116,-1.4117402349601613,-0.4576232129204465
Kilis,1998,2,1998-02-01,-1.3272121868601563,0.1449386257599368,0.8809112662615695,-7.755902887153578e-4,-0.7066259790550752,0.02750613364264321
Kilis,1998,3,1998-03-01,-0.9075834293419276,2.120945210060123,1.2014678058855408,-0.35826468888481944,-0.2455348074083969,0.8928494295958935
Kilis,1998,4,1998-04-01,-0.15171424724022947,0.5279634722838854,0.7698019766901792,-0.9417296234988047,0.4020785543669375,3.915811970447946
Kilis,1998,5,1998-05-01,0.3361447152399845,0.3319549588788954,0.47606905922009496,-0.14816644703797618,1.0700712532188505,2.3376975745286224
Kilis,1998,6,1998-06-01,0.9690504023819849,-0.9863511182948808,-0.38578079756971084,0.6951788907341004,1.4695661860868372,0.03169855652428261
Kilis,1998,7,1998-07-01,1.449909713902714,-0.6809675528223624,-0.9849502442325558,1.8939153310627725,1.4936220640792592,-0.6048303670108484
Kilis,1998,8,1998-08-01,1.6285146674112836,-0.9977718049236728,-1.5488254482427626,0.5594570520054782,1.051199221882541,-0.6094773347121171
Kilis,1998,9,1998-09-01,1.0281286282177748,-0.7200866253942597,-0.9455841985889206,-0.3332139864776369,0.49270744404720795,-0.6092428109090898
Kilis,1998,10,1998-10-01,0.4226025916250377,-0.6511652065841775,-1.4524530471014707,-0.894774770114674,-0.31284791672707085,-0.6090082871060627
Kilis,1998,11,1998-11-01,-0.1624272363604103,0.8347338264449505,0.7101761123636585,-1.4987092729925535,-1.1071200135509232,-0.53663616662844
Kilis,1998,12,1998-12-01,-0.9325945181139877,1.5476427184322317,1.2536195650777053,-0.4392986492885207,-1.4745368491537518,-0.4610097184812869
Kilis,1999,1,1999-01-01,-1.1378760856923356,0.6155752452428684,1.2698610724006052,-0.35030829007840547,-1.2449151721357123,-0.2649731465615006
Kilis,1999,2,1999-02-01,-1.0600115973730804,1.0671447365262205,1.3887925772113667,-0.011443598609253966,-0.7907881366273504,0.11818726635629624
Kilis,1999,3,1999-03-01,-0.7042415458122132,0.6428810056271216,0.7016161511114523,-0.573796614490814,-0.23723802440640535,1.8784706714304678
Kilis,1999,4,1999-04-01,-0.2005849076271194,0.8574754171750174,0.8211022217735031,-0.7813366432374577,0.43553233734184077,3.5655317039401995
Kilis,1999,5,1999-05-01,0.604355617041716,-0.9655568038509005,-0.6965145733394986,-0.2949668725110233,1.1798054689372217,0.6846014643187841
Kilis,1999,6,1999-06-01,0.9504582035602348,-0.631705452825746,-0.33327868186546566,1.3228604251703577,1.451767371478728,-0.5783855356009914
Kilis,1999,7,1999-07-01,1.3746412274567201,-1.0308354631468417,-0.7289488015341627,2.4427804630101253,1.2996036958358064,-0.6068975728788181
Kilis,1999,8,1999-08-01,1.403848592324935,-0.609016090098677,-0.6498728129119292,1.1770536840857786,0.7939762054100356,-0.6039511093511819
Kilis,1999,9,1999-09-01,0.8992390886113603,-0.6124182345844807,-0.8152399973203481,-0.13896913652464057,0.4152918926671916,-0.6058861373278419
Kilis,1999,10,1999-10-01,0.3352907536085883,-0.07313718781462838,-0.06973170835325393,-1.169402938825634,-0.34932826871023875,-0.5986005702408317
Kilis,1999,11,1999-11-01,-0.5134234421725697,-0.5102242455392388,-0.22741160925531453,-1.5374449379761954,-1.0098229341075968,-0.5999932102725698
Kilis,1999,12,1999-12-01,-0.9960447623646749,0.14805727417136236,0.4300472593391626,0.04404673486854472,-1.2495876207235674,-0.5916228672957161
Kilis,2000,1,2000-01-01,-1.4572381712579034,1.9830072633909193,1.196894387004941,-0.27935190671902754,-1.3368072286630146,-0.4970128410763009
Kilis,2000,2,2000-02-01,-1.3580334343068126,0.6644447196806328,0.9659373760805928,-0.5293010947323633,-0.7507144237113992,-0.012968270403054793
Kilis,2000,3,2000-03-01,-0.9420390011155686,0.1660621597300763,0.6162340430225487,-0.8766882038171914,-0.09099322170013543,1.6730079862168339
Kilis,2000,4,2000-04-01,-0.11702122139874897,0.39399283117650397,0.6901373896701195,-0.07002107779830519,0.29329470724789186,1.7421257790249263
Kilis,2000,5,2000-05-01,0.3780387398709441,-0.8614789445522647,-0.2298837264749799,-0.3319253678650591,1.223450355614997,0.26055643730167716
Kilis,2000,6,2000-06-01,1.1174136578124412,-0.8130748486630012,-1.937736895218473,0.6635071491731641,1.5752691210404526,-0.5826222932486481
Kilis,2000,7,2000-07-01,1.6480296448868716,-1.0342170826459944,-1.9735635247954892,1.0087096985985005,1.446967926916705,-0.6040832872424918
Kilis,2000,8,2000-08-01,1.3965631371738492,-0.609833044232727,-1.2485339210594437,0.4380061266260209,1.0054061834697012,-0.5995096598800904
Kilis,2000,9,2000-09-01,0.91584899363230865,-0.5427068911782165,-0.7436477040791424,-0.5547217031721302,0.3526470551739458,-0.6036142396364375
Kilis,2000,10,2000-10-01,0.15879808480406213,-0.26040531399161904,-0.27878116405324327,-1.2326978033894915,-0.5021000068423628,-0.5957862846045054
Kilis,2000,11,2000-11-01,-0.4555247259264307,-0.26329452540440246,-0.60311084035376,-0.695368228826166,-0.9350823364130435,-0.5971789246362437
Kilis,2000,12,2000-12-01,-1.1908838452438204,1.1007829027823641,1.1099853466369765,0.10344080979434254,-1.4331436391579888,-0.560062020578536
Kilis,2001,1,2001-01-01,-1.1829868345563486,-0.294976068417503,1.2774569809269771,-0.6721725616399159,-1.3676043288980657,-0.33473649963297425
Kilis,2001,2,2001-02-01,-1.080932467965906,2.057010458406687,1.2071566549185817,-0.5910509956693204,-0.8965720797211999,-0.029679950783912275
Kilis,2001,3,2001-03-01,-0.38891466683396547,0.38093356280113344,0.920139001166969,-1.2804288167031284,-0.13018603474490395,2.8121250164642686
Kilis,2001,4,2001-04-01,-0.08843174579697086,0.23698775630772104,0.5482439200602187,-0.7818115637100121,0.29845278530717345,2.4071957454107333
Kilis,2001,5,2001-05-01,0.2785709955964652,1.2030291198306038,-0.08340308221868804,-0.6996943545131904,0.822122463377754,2.11020167539663
Kilis,2001,6,2001-06-01,1.052802849672098,-1.02034736468779,-1.2515694574930925,0.7455761956381488,1.6728776311982587,-0.3791244679912671
Kilis,2001,7,2001-07-01,1.4100445984375591,-1.039906900973739,-0.8884877444708049,2.2481015842179946,1.4174194198687398,-0.6012690016061656
Kilis,2001,8,2001-08-01,1.3595257262739429,-0.8591660722451945,-0.551338666706539,1.1558094317973493,0.9968684859147718,-0.6010344778031385
Kilis,2001,9,2001-09-01,1.0012735840285751,-0.6927873695612231,-0.7194035232063283,-0.39499248506159856,0.3968229527473785,-0.6007999540001112
Kilis,2001,10,2001-10-01,0.33711530946307927,0.08731575499173944,-1.0778201617683263,-1.1951436443937886,-0.32830004414522596,-0.5875481195189616
Kilis,2001,11,2001-11-01,-0.7727920436954759,0.7004591642765394,0.1540228649650951,-0.3531044192410611,-1.0544965441458076,-0.5227694302702437
Kilis,2001,12,2001-12-01,-1.1821865347593488,3.46894734639335,1.8757494387401232,0.6381742314339872,-1.6357729948985884,-0.49107640566175387
Kilis,2002,1,2002-01-01,-1.615653972280096,1.1706826332139675,1.3239650712089523,-0.11688392500724137,-1.110536117103527,-0.48650277829935257
Kilis,2002,2,2002-02-01,-1.055524806186914,0.21117324061800946,1.0315588998894205,0.09238655943553406,-0.5661659326250753,0.15700384818089397
Kilis,2002,3,2002-03-01,-0.6455462731914295,0.9969186289741973,0.7518792130517384,-0.8060763391055129,-0.32325719436367184,1.7507741541640813
Kilis,2002,4,2002-04-01,-0.35095746596041105,0.32388235766017115,1.2533897334043342,-0.9679024261749459,0.10954503814327597,2.911718880099697
Kilis,2002,5,2002-05-01,0.27477473576018363,-0.6404998991294816,0.16256323669061676,-0.6036863028810564,1.0600742829286287,1.7789049869611464
Kilis,2002,6,2002-06-01,0.9836948564593403,-0.5090006454109021,-0.8676864561692194,0.4074838006362061,1.5348665608008256,-0.2401708081795765
Kilis,2002,7,2002-07-01,1.4185167995468817,-0.8509386180902155,-1.1763034548172258,1.290012516988747,1.4020359872535795,-0.5979123280249177
Kilis,2002,8,2002-08-01,1.2316942007307272,-0.49118414687752743,-0.6222766882634384,1.0661781980236704,1.061911676522955,-0.5971354162769686
Kilis,2002,9,2002-09-01,0.8792848973781078,-0.6710352684823726,-0.46431633167793834,-0.37664460507501074,0.4201774825527125,-0.5969008924739415
Kilis,2002,10,2002-10-01,0.43116659135809937,-0.3979664866101437,-1.215190161831969,-1.4074638176571221,-0.40998808048840996,-0.5977511445607578
Kilis,2002,11,2002-11-01,-0.40881336066728885,-0.077964328556542,-0.43999756194769896,-0.6885417656397382,-0.9135546745731966,-0.5839569221346864
Kilis,2002,12,2002-12-01,-1.566680266201274,0.6085285101701847,0.8447665421262937,0.9339532787796435,-1.5108834411852403,-0.5886038898359551
Kilis,2003,1,2003-01-01,-1.2415666277000923,1.531227029022838,1.6656302256055766,0.3394827394714713,-1.5027363625937953,-0.38063478312789
Kilis,2003,2,2003-02-01,-1.4402637460553407,2.7737393189037536,1.7625149846409653,-0.007889339245249778,-1.2032765016212246,-0.3793154834350193
Kilis,2003,3,2003-03-01,-1.0657948770528063,1.8598809698066172,1.2242714652183488,-0.1974726135846628,-0.39728145183439606,0.4979603473065102
Kilis,2003,4,2003-04-01,-0.3637731080943172,9.43433669266288e-4,1.1530865773742258,-0.9196852494016089,0.18437461604196606,2.6693738146313835
Kilis,2003,5,2003-05-01,0.5650088380972962,-0.678760967594026,-0.5345015920625694,-0.778107798500989,1.0766376139278802,3.012397519624969
Kilis,2003,6,2003-06-01,0.9529680117094366,-0.9055454653802442,-0.7685070396059343,0.3893247623278796,1.4919308385239645,-0.3284776972901077
Kilis,2003,7,2003-07-01,1.3504893313348376,-1.0474395395815745,-1.1547614541776454,1.819607134880135,1.52266310215584,-0.5956404303335132
Kilis,2003,8,2003-08-01,1.4344357925933786,-1.0475076190927455,-0.9826374174840778,1.0600525251591815,1.0695626354626604,-0.595405906530486
Kilis,2003,9,2003-09-01,0.8352215727582826,-0.5851665332759636,-0.7226794495989888,0.44950181245542,0.49411725841003074,-0.5951713827274588
Kilis,2003,10,2003-10-01,0.3447551908422447,-0.1536014318404097,0.11178349462699852,-1.3217333735215036,-0.3920900464271009,-0.5851738759158398
Kilis,2003,11,2003-11-01,-0.6088437158588907,0.44723158369189886,0.0500693112106012,-0.3535793397136154,-1.0146389602537018,-0.5328701094003226
Kilis,2003,12,2003-12-01,-1.292916666479208,2.117786523008396,1.342476519000686,1.0903422744538067,-1.4543651281992311,-0.5136520075250335
Kilis,2004,1,2004-01-01,-1.3815165412721462,3.0230453173783527,2.0458129440875434,0.3667592909706579,-1.5595386450702278,-0.4900948020903703
Kilis,2004,2,2004-02-01,-1.3551372746457415,1.503156542507532,1.8245049112836629,0.2900675293317723,-1.200385446299861,-0.3233471791963596
Kilis,2004,3,2004-03-01,-0.7208216783253683,-0.8687140666502876,0.6329405957415699,-0.823466488582749,-0.009498449833181127,1.9630525324519283
Kilis,2004,4,2004-04-01,-0.2813337181340507,-0.23274513561607685,-0.10003410795594748,-0.8369524407858073,0.5198272118584417,2.5680496148427294
Kilis,2004,5,2004-05-01,0.2564895207680571,-0.6152048210640074,0.14592337455654836,0.025770469453657824,0.9998578404580692,0.3976475830688327
Kilis,2004,6,2004-06-01,0.9768664580546439,-1.0099749002644292,-1.0725132906424408,1.0588233122655846,1.5987487998099685,-0.548584857016629
Kilis,2004,7,2004-07-01,1.436549230412079,-1.0400495645472971,-1.7043829951294251,1.0066892735391706,1.4533318328710607,-0.592826144697187
Kilis,2004,8,2004-08-01,1.2022660716687403,-0.503846116215568,-0.3434349000686556,1.649385736624064,1.1175130158890092,-0.5893372932246291
Kilis,2004,9,2004-09-01,0.9987266005325153,-1.007358006896329,-1.6213321531960203,-0.6499257695332009,0.5514177360936972,-0.5923570970911326
Kilis,2004,10,2004-10-01,0.5348906576965685,-0.8145632509518036,-1.5019939495871064,-0.670092166608995,-0.4365355618451288,-0.5921225732881054
Kilis,2004,11,2004-11-01,-0.5592802995314525,3.1141795423373075,0.47926003989525456,0.32786692893878855,-1.1626158135144993,-0.524089556369857
Kilis,2004,12,2004-12-01,-1.496234869155621,-0.12300916100604282,1.0321561644695705,0.3692805301129509,-1.2763457816284929,-0.44520878055317326
Kilis,2005,1,2005-01-01,-1.4229811032166435,0.5162938350028009,1.1643831456674352,0.7004370159597159,-1.3075509158990049,-0.399956057321639
Kilis,2005,2,2005-02-01,-1.3431335084972689,0.11485562585311311,1.3534619819010774,-0.14301315316917876,-0.9338182124108724,-0.08188219779445453
Kilis,2005,3,2005-03-01,-0.7468287298429883,-0.1262909979776781,0.8254042870098585,-0.9034624653284445,-0.15912717752884695,1.685994638508621
Kilis,2005,4,2005-04-01,-0.18486000924090262,-0.18432051474016192,0.3127776397087082,-0.5411519817578667,0.3933390778967728,1.576666797437451
Kilis,2005,5,2005-05-01,0.4095194589520371,-0.09565117261879177,-0.4838168636008386,-0.5404848119709318,1.0742008975631703,-0.05677116886389335
Kilis,2005,6,2005-06-01,0.8252583800651666,-0.6840534868844406,-0.6521549134975819,0.3915048904585914,1.4181162116308286,-0.4362082065061053
Kilis,2005,7,2005-07-01,1.3422965199952113,-0.9923943432809131,-0.7802208304955441,2.5473435289002784,1.450649606814191,-0.5900118590608607
Kilis,2005,8,2005-08-01,1.2918902025191694,-0.8272979732794931,-0.5349837490529038,1.8976308492983358,1.0574385581636618,-0.5897773352578336
Kilis,2005,9,2005-09-01,0.8407216644658958,-0.454463708704783,-0.46651902474996687,-0.2014600158174351,0.407133561304593,-0.5890004235098846
Kilis,2005,10,2005-10-01,0.04286968139194719,0.9265405108916592,-0.3794555103732371,-1.0378611532571258,-0.3340345756243601,-0.49167845756586054
Kilis,2005,11,2005-11-01,-0.7721819085510013,0.16040688682441764,0.21393725256468324,-0.1887774846328289,-1.1166603118583225,-0.4052042505202719
Kilis,2005,12,2005-12-01,-1.0290272797224385,0.1908583251579648,0.8736069139292267,-0.3093860833047776,-1.3794751768395703,-0.4874126943453537
Kilis,2006,1,2006-01-01,-1.521210745927805,0.5567679932468985,1.0937697103247381,1.1079850448299795,-1.382393217181958,-0.47578802369896944
Kilis,2006,2,2006-02-01,-1.1971824561996616,0.7811081331821831,1.3838692435160584,-0.5000227694693955,-0.9726481338396898,0.015307590258259712
Kilis,2006,3,2006-03-01,-0.7080793177761652,1.0287867279398988,1.3249806346159136,-1.072102806731587,-0.2877881506689625,1.7403357789125158
Kilis,2006,4,2006-04-01,-0.1715454553506034,-0.032026946577602126,0.8744815919698337,-0.62303218654459,0.15175504988366786,2.498286261771256
Kilis,2006,5,2006-05-01,0.4664276939475216,-0.9848682092242944,-0.5196725251727031,-0.6493865598005777,1.2521341342589376,0.3343928853364203
Kilis,2006,6,2006-06-01,1.071806256331755,-0.7784807268447264,-1.0426678987608722,1.2588045613396532,1.514879409849332,-0.5754995624392827
Kilis,2006,7,2006-07-01,1.2417407470741801,-0.909859673049137,-0.6313598873351024,2.0260527802729453,1.3992722464609606,-0.5866551854796128
Kilis,2006,8,2006-08-01,1.4238724141267456,-1.0199518967231986,-0.7253965462874419,1.6185062273076523,0.9294664640233175,-0.5869630496215074
Kilis,2006,9,2006-09-01,0.9342101729230443,-0.6722513527264916,-1.1954564164810755,-0.5322510271603944,0.43449220029609986,-0.5867285258184801
Kilis,2006,10,2006-10-01,0.2458739008589388,0.479728249766311,0.4209581600960071,-1.300284663065974,-0.5870382082232636,-0.5642560962736604
Kilis,2006,11,2006-11-01,-0.7672414234162342,0.7015037243364929,0.0920842767966577,-1.0392942600652126,-0.9130318884710715,-0.2516061161956937
Kilis,2006,12,2006-12-01,-1.3409982741372906,-0.5819229038718913,-0.2668426834243368,-0.8647214067643196,-1.0962295630537076,-0.49490377966254123
Kilis,2007,1,2007-01-01,-1.514989638569969,0.453877357581775,0.6441477721984592,-0.37683140659569225,-1.1524065610659435,-0.4615835912192862
Kilis,2007,2,2007-02-01,-1.1731040116834526,0.33839933664099875,1.245315856213137,-0.2760034458940533,-1.1102460818607718,0.07073350655199757
Kilis,2007,3,2007-03-01,-0.787324736516453,0.11033250617222934,0.7017050718913899,-0.8540481660783296,-0.2027244141299146,1.2040164472966026
Kilis,2007,4,2007-04-01,-0.48094269924292243,-0.18338975764316012,0.15135789998643764,-0.7898739466358419,0.22934301411060992,0.6694564574067644
Kilis,2007,5,2007-05-01,0.6170939836924401,-0.1485783881889391,-0.14314140160051295,-0.7640694618470129,0.618955403661039,0.1028955787665418
Kilis,2007,6,2007-06-01,1.054299584941278,-0.5112901503255814,-1.1497909718027217,0.830440513826648,1.5317383847526522,-0.5233279738150756
Kilis,2007,7,2007-07-01,1.5030858129338762,-1.0496814899717344,-1.833291523428823,1.7828997845200645,1.3452685349211007,-0.5843832877882084
Kilis,2007,8,2007-08-01,1.3525433417458539,-1.018717118565167,-0.5695299506704664,1.9207087793386304,0.9914527540700143,-0.5841487639851811
Kilis,2007,9,2007-09-01,1.0046312234656498,-0.8874743313830976,-1.3175329960855513,-0.28424144299125165,0.5136818081975111,-0.583914240182154
Kilis,2007,10,2007-10-01,0.43627199531760297,-0.7310978236230256,-1.2287672073410052,-0.6942503394192521,-0.44415169064088017,-0.5836797163791267
Kilis,2007,11,2007-11-01,-0.5367050767609168,0.040028972152078804,-2.5299255990336906e-4,-0.5908285063494458,-1.069995742349723,-0.5736822095675077
Kilis,2007,12,2007-12-01,-1.262667130273488,1.4800204951458746,0.5942145113983756,-0.6049139856564677,-1.321893310349173,-0.4628005450004395
Kilis,2008,1,2008-01-01,-1.727274698023139,0.397407165025004,0.28903452010742264,-0.1863978360893203,-1.1155212995734272,-0.4913125822782661
Kilis,2008,2,2008-02-01,-1.3538453427156159,0.2316617029282216,0.5272519583084354,0.08701355763801319,-0.7510188959837131,0.08005644752738506
Kilis,2008,3,2008-03-01,-0.4882363320901581,-0.26646439048582465,0.45770850046228295,-0.6147959599635088,-0.17531123888425929,1.5957228894418378
Kilis,2008,4,2008-04-01,0.03217969907475699,-0.5455680617201307,-0.1393998237403777,-0.47880695813911867,0.47959706446574046,0.36365200238260353
Kilis,2008,5,2008-05-01,0.30714897365392585,-0.3148162583720905,-0.37656187221686005,-0.5094008444874185,1.0335616317158638,-0.3976261484845346
Kilis,2008,6,2008-06-01,1.0821136838064327,-0.6308511108638702,-1.6401151195616002,0.9045444144818331,1.5809416638598353,-0.5639047237724909
Kilis,2008,7,2008-07-01,1.3612975061314412,-1.0186965935785157,-1.3012836032537192,1.7607153499422699,1.470717802821763,-0.5815690021518821
Kilis,2008,8,2008-08-01,1.464115636673281,-0.9797817595401307,-0.9870990001442662,1.2086399415572253,0.7687597974610644,-0.5813344783488549
Kilis,2008,9,2008-09-01,0.8916756757968444,0.6566631304205046,-0.2606862984843691,-0.41656757124003874,0.1912592647257818,-0.5290307118333377
Kilis,2008,10,2008-10-01,0.1925091415728065,0.10006266668212499,0.18562833614312216,-1.3947568687670768,-0.5181328931741191,-0.343841898811987
Kilis,2008,11,2008-11-01,-0.45732842491031267,0.13307877038077434,0.3335706998786163,-1.1433160760651613,-1.018478977934973,-0.44937302426870507
Kilis,2008,12,2008-12-01,-1.3773297573705048,-0.21270620034619256,-0.03852814924038261,0.22208889916533836,-1.306621627474493,-0.4892752083898888
Kilis,2009,1,2009-01-01,-1.4561373743444743,0.23014342869581153,0.7513645996337617,0.2147266880956208,-1.3476863424292376,-0.49826127965053174
Kilis,2009,2,2009-02-01,-1.1311362905308668,1.090007646103457,1.6994834676275445,-0.42606190821135614,-1.1612595314437566,-0.21761218832294937
Kilis,2009,3,2009-03-01,-0.8956161833388677,0.6403537280898453,1.2060801812544213,-0.385821361345204,-0.46616016153311945,1.3116139522145476
Kilis,2009,4,2009-04-01,-0.26027556312234285,-0.17220033908574878,0.29937791943209113,-1.0465610573236168,0.45365656117907927,2.4861183767732076
Kilis,2009,5,2009-05-01,0.35636597166516376,-0.7313654681892308,-0.5993521443180811,-0.2643674841558084,1.0558512694007172,0.31680112088915396
Kilis,2009,6,2009-06-01,1.1139597417020286,-0.8311990304028829,-1.4663358730625202,0.35006555831366815,1.2595423927356844,-0.5638023778607736
Kilis,2009,7,2009-07-01,1.3077145561581054,-0.7992087928502744,-1.065081919621667,2.0609908505676517,1.3143725048783232,-0.5787547165155559
Kilis,2009,8,2009-08-01,1.260347215246571,-0.9693141860677308,-1.376753635196667,0.5370391832933513,1.1238210469731245,-0.5785201927125287
Kilis,2009,9,2009-09-01,0.7040125795543836,-0.18023473273690996,-0.48377591120535424,-0.520351927003711,0.33251256501287324,-0.5641835823415355
Kilis,2009,10,2009-10-01,0.49381112152139706,-0.3131524781603823,-1.0688321689490081,-1.0848461111137118,-0.5109555385467566,-0.5775087571615526
Kilis,2009,11,2009-11-01,-0.6060288401374524,0.768555293328616,0.8330009836882801,-1.1621388765243044,-1.0797001321620243,-0.34567458087692954
Kilis,2009,12,2009-12-01,-0.9707516263107052,1.56096881163407,1.6443272422402515,0.23523374035681568,-1.566255720446199,-0.40130601540084465
Kilis,2010,1,2010-01-01,-1.178696988161646,1.5298682812051605,1.7241065009932572,0.670451002105801,-1.4502560234530006,-0.3392392658767357
Kilis,2010,2,2010-02-01,-1.1008686781348254,0.8776057993484632,1.5061870696507622,0.2090158330482862,-1.153327177734055,-0.06998032139251059
Kilis,2010,3,2010-03-01,-0.5996793101646549,-0.48070905752090953,0.8567283344654767,-1.1788263581616683,-0.2976129012092412,1.9110549772648213
Kilis,2010,4,2010-04-01,-0.20419898220726881,0.2137342438376347,0.3391346164586578,-0.8981157957769688,0.4613505750562707,2.4319819281927475
Kilis,2010,5,2010-05-01,0.38539816237140057,-0.6770421169735805,-0.06439589936397234,-0.3218811945028754,0.9881560877403952,0.7193553219328248
Kilis,2010,6,2010-06-01,0.9276147859118272,-0.2572744762174975,-0.6165742784940491,1.0248742054579056,1.3935882964876642,-0.5089188495119573
Kilis,2010,7,2010-07-01,1.3002790280902528,-1.0341796948181687,-0.5299633815604572,2.390172122276984,1.4325024334064116,-0.5732284911546208
Kilis,2010,8,2010-08-01,1.6186769035661654,-1.0537392311041174,-1.6261058791601108,0.5328405618344584,0.9900365362722072,-0.5757059070762025
Kilis,2010,9,2010-09-01,1.0941602274436075,-0.6814178996024277,-0.5280383557250593,0.034315770842716774,0.2863735553870737,-0.5754713832731753
Kilis,2010,10,2010-10-01,0.3131539292766196,0.0722691716899806,0.028659034068914433,-1.2387123917406127,-0.543991495531066,-0.566016264406478
Kilis,2010,11,2010-11-01,-0.1973496882429319,-1.0539434696376297,-1.6191952746076514,-0.9121380059027118,-0.7746342760583939,-0.5695784562179033
Kilis,2010,12,2010-12-01,-0.8777133366038544,1.059529178232042,0.08132049169762683,-0.014342760081386883,-1.3682588828820816,-0.4999182754648896
Kilis,2011,1,2011-01-01,-1.3262255840303727,0.7909406349946553,0.8765959619572935,-0.4610726916271465,-1.2810629390668369,-0.42754615498726684
Kilis,2011,2,2011-02-01,-1.215818051697805,0.365907504486026,1.0702006506121784,-1.1884409546570025,-0.9210693736656679,-0.026486939887051603
Kilis,2011,3,2011-03-01,-0.798757952942434,0.08834263247078135,0.4486534317570945,-1.4232640548516136,0.009269873256286467,1.8059340618617157
Kilis,2011,4,2011-04-01,-0.35634982391238207,1.0243774112219666,0.721675994763828,-0.8273307058758657,0.04198409917708947,1.5561277430558063
Kilis,2011,5,2011-05-01,0.18046667583975545,-0.18133985642381678,0.3029386148058186,-1.1495731166200807,0.7598659892583007,1.0134319339921416
Kilis,2011,6,2011-06-01,0.8260572762713843,-0.8212919445280226,-0.2822754279030724,0.9788371568152819,1.4357176493659423,-0.3547783272424573
Kilis,2011,7,2011-07-01,1.3338134062994647,-0.9439510284910856,-0.8049849852970687,1.7217831163557706,1.3441408817529397,-0.5731261452429035
Kilis,2011,8,2011-08-01,1.3052426982128467,-1.02454960046647,-0.7187680999623839,1.2968931007401063,1.0196024583921492,-0.5728916214398763
Kilis,2011,9,2011-09-01,0.9815535993062825,-0.7622524131276711,-0.740394984296421,-0.3024490998575936,0.27311273118995993,-0.5726570976368491
Kilis,2011,10,2011-10-01,0.08128435418551314,-0.06883497791516785,-0.6495527454093533,-0.9756932182900995,-0.32842824347277094,-0.55343899576156
Kilis,2011,11,2011-11-01,-1.0476109747668345,1.0485216421487533,0.016198399329620264,-0.8347152944934425,-1.0891820714639824,-0.45015076242339647
Kilis,2011,12,2011-12-01,-1.3666953363439682,0.91483449711575,0.6235258287689208,-0.3891776018833725,-1.2324333750473582,-0.42659355698873314
Kilis,2012,1,2012-01-01,-1.5092464247142112,3.342991585283479,1.8024081065133695,0.24645300604766668,-1.5433664381626582,-0.47734350000835235
Kilis,2012,2,2012-02-01,-1.5345129411678997,2.6135326759372015,1.2958382255329806,0.20943192334468472,-0.8090236062235403,-0.3295794551866037
Kilis,2012,3,2012-03-01,-1.1615286296825094,-0.03557825918818132,0.7530993669251849,-0.8846765304007761,-0.168689003304989,0.7386169321673888
Kilis,2012,4,2012-04-01,-0.17388683492770973,-0.5160081615830214,0.5535090743709946,-1.0957280750420626,0.5810678921614908,4.177048638829517
Kilis,2012,5,2012-05-01,0.2534702311583722,-0.3106465453494943,0.5476606865606805,-0.19281543715476457,0.7150329794029014,1.0249244267472162
Kilis,2012,6,2012-06-01,1.0940830881424382,-0.49024120041782937,-1.1485614761738956,0.4728129376567295,1.4279291077232648,-0.41759298294166525
Kilis,2012,7,2012-07-01,1.4971983757402847,-1.013757480946389,-1.6695633494298388,0.873535979245535,1.34296557850807,-0.5703118596065773
Kilis,2012,8,2012-08-01,1.3618507873747998,-0.9071354812693021,-1.064062619073799,1.0550248059242906,1.0081370250881905,-0.57007733580355
Kilis,2012,9,2012-09-01,1.0603874874412504,-1.0423614255213667,-1.0328576872761714,-0.3245907110708194,0.46717578263246434,-0.5698428120005229
Kilis,2012,10,2012-10-01,0.35632357370008866,0.39993829630102146,-0.21900506602365843,-0.9728259845951378,-0.6299117356806063,-0.5424888909514072
Kilis,2012,11,2012-11-01,-0.38879528763763715,1.5085750541235947,0.8103944405401449,-1.1090865230169895,-1.1609028897792202,-0.2585854719542942
Kilis,2012,12,2012-12-01,-1.1848513981409547,4.644579783059572,1.7367053654732891,-0.3946609242793297,-1.4831550959595181,-0.4205249436828763
Kilis,2013,1,2013-01-01,-1.4660698616027972,1.116301560777104,1.955705061267909,0.1542523703998585,-1.3532917090959151,-0.48971607682983576
Kilis,2013,2,2013-02-01,-1.0435039627135807,1.7376518992302317,1.9124207414094614,-0.002915146366838494,-1.004354036570546,-0.11089476747141304
Kilis,2013,3,2013-03-01,-0.8196319257487705,-0.346463255963105,0.9099667700359507,-0.04611133714538977,-0.1812308100460908,1.385788096370778
Kilis,2013,4,2013-04-01,-0.24000962770446796,1.7010974920234367,0.8641338687777751,-1.2957579426741463,0.42170157277113496,3.785546888507716
Kilis,2013,5,2013-05-01,0.43467635946513083,0.7079909831446376,0.393763838423903,-1.217708953111363,0.6980565141007692,4.484377085369983
Kilis,2013,6,2013-06-01,0.8263235750067905,-0.8634475655647401,-0.42575095975019067,1.0035851980737596,1.5626868531083422,0.1699155073203291
Kilis,2013,7,2013-07-01,1.2210197719740754,-0.978412653432496,-1.1278719405310318,2.0191446964593243,1.5258501330146965,-0.5637008583557986
Kilis,2013,8,2013-08-01,1.238709040480515,-0.32577339752512,-0.8076283947564696,0.9576853665282257,1.073007995946431,-0.5423132047008223
Kilis,2013,9,2013-09-01,0.7138884667015064,0.4176550123068789,-0.35146978155492037,-0.5936518423878326,0.3920292264579454,-0.4965180935243665
Kilis,2013,10,2013-10-01,-0.07221655881259922,-0.13817605182197015,-1.1545866645131875,-1.0052880266694486,-0.22516508831001358,-0.46374029302603315
Kilis,2013,11,2013-11-01,-0.37567457793149406,-0.6029614954896859,0.5037049434662323,-0.8331989285135473,-1.1456900486524377,-0.5481182886308021
Kilis,2013,12,2013-12-01,-1.566868926456244,-0.13651694508874024,-0.02045803886469302,1.4189922802079733,-1.4074773357923593,-0.559816299616054
Kilis,2014,1,2014-01-01,-1.1946323920906012,-0.5428280184321224,1.2463330052262191,-0.5269836448919982,-1.3559739351527846,-0.5416829736306084
Kilis,2014,2,2014-02-01,-1.0540267050691865,-0.5336633026289249,-0.22835526659569985,-0.6756859001269678,-0.5512028757316219,-0.48883681917016936
Kilis,2014,3,2014-03-01,-0.571193130730933,0.4954688288754754,0.08331089526248625,-0.3123889497654301,-0.14740244911506187,0.06951489995735927
Kilis,2014,4,2014-04-01,-0.10003728388675237,-0.479685022447607,-0.03728593229533151,-0.4835505303108655,0.5167296570089639,-0.2236824544422912
Kilis,2014,5,2014-05-01,0.4386838913006708,-0.5441262026228468,-0.5692993928680886,-0.006580488107285572,0.9366972126514154,-0.5369481628040471
Kilis,2014,6,2014-06-01,0.8929065107031106,-0.47264011844766224,-0.9986408241184136,0.7590832663369615,1.3986935631028539,-0.5600363206326561
Kilis,2014,7,2014-07-01,1.2335439418360747,-1.0223159857002655,-0.49386280254284687,3.0465609274631853,1.4172097058054451,-0.5646832883339248
Kilis,2014,8,2014-08-01,1.315501936947469,-0.6271691324491652,-0.3806511637270015,1.6452981996785394,0.9393095951204852,-0.5617368248062887
Kilis,2014,9,2014-09-01,0.7531781412686861,0.7566562190488894,0.35881892002755733,0.21258171061809847,0.28738573261195294,-0.5278742484181118
Kilis,2014,10,2014-10-01,0.11026518928666881,1.078197176321553,0.3291891822566865,-1.1867753774432355,-0.5773242419385536,-0.23475023435732884
Kilis,2014,11,2014-11-01,-0.817312324254917,0.14536030352265894,0.21772675174354628,-0.36681159672573166,-1.0104429121446057,-0.3147891264027236
Kilis,2014,12,2014-12-01,-1.0122063447777914,1.2234775435005143,1.8578253024169251,0.5270653112375466,-1.6522574753314887,-0.35957280202820335
Kilis,2015,1,2015-01-01,-1.5196972484932698,2.2100362299442153,1.8282731046861134,0.04886020673370733,-1.3572353482726252,-0.3875424513611082
Kilis,2015,2,2015-02-01,-1.2864041161911348,2.781375593777847,2.002613215115932,0.2801311947237118,-1.125868408610075,-0.27883033857372697
Kilis,2015,3,2015-03-01,-0.8644800470084437,1.4735846446009904,1.306335816623159,-0.23308201031513365,-0.3447360475449167,0.8311299205392418
Kilis,2015,4,2015-04-01,-0.4776676806019219,-0.23788463304297544,0.8607461404668892,-0.9324912044991862,0.40118608815616735,3.273194972380078
Kilis,2015,5,2015-05-01,0.30635017825448135,-0.3254078015041362,0.1736625176873443,-0.8644628822455054,0.9878336584517082,2.572664271344178
Kilis,2015,6,2015-06-01,0.7222241649927,-1.0030604704753465,0.001885657176801865,1.8268391067646446,1.4066990076945254,-0.28874000226005364
Kilis,2015,7,2015-07-01,1.3008072080884001,-1.0562171230441357,-1.09666238492144,1.7049886305201998,1.3866709351953082,-0.5613266147526769
Kilis,2015,8,2015-08-01,1.347610622447405,-0.5182184089568349,-0.7953259861241635,1.3488301150374837,0.8927974427031421,-0.5600073150598062
Kilis,2015,9,2015-09-01,1.1648812624360376,-0.6534443532088994,-1.1337255731819793,-0.8164870833839593,0.2359079107379226,-0.5603151792017007
Kilis,2015,10,2015-10-01,0.3527010676338741,0.2256548544370137,0.010186146495659298,-1.7099931774761656,-0.6230183505436675,-0.5340460340424287
Kilis,2015,11,2015-11-01,-0.5965069556442222,0.153519678166467,-0.14880472206042977,-0.48586248195818577,-0.8867187120725383,-0.5072345009382346
Kilis,2015,12,2015-12-01,-1.2682376594681917,-0.8770309450428261,0.11180602476655602,-0.5864725693764988,-1.1907644203547043,-0.5151357963090339
Kilis,2016,1,2016-01-01,-1.5777073495111966,1.7183423249295764,1.0668320101161335,-0.2983535649213931,-1.4017239186281387,-0.44059412405172427
Kilis,2016,2,2016-02-01,-0.8817040220078323,0.2738547117927646,0.909934753732283,-1.156807996780153,-0.800017017899371,0.6878073251885848
Kilis,2016,3,2016-03-01,-0.7089739056978279,0.1311912379819035,0.5912294041305601,-0.46338799669736924,-0.14058235392033966,1.303109778532899
Kilis,2016,4,2016-04-01,0.0673614704278062,-0.7208586758162665,-0.7342648107960841,-1.0913678187806388,0.6687912783180474,0.6665808549977683
Kilis,2016,5,2016-05-01,0.31992485853384145,0.044882322692122986,-0.15286009870270378,-0.08306688068948641,0.7855487422109947,-0.3865020102372821
Kilis,2016,6,2016-06-01,1.0922507865665492,-0.9359137924341847,-1.256713322146408,0.7984340749134042,1.3481472595915893,-0.5093895499314968
Kilis,2016,7,2016-07-01,1.366269599339535,-1.0470318822542868,-1.3095257286383069,1.7348345838935155,1.4207576257512518,-0.5590547170612724
Kilis,2016,8,2016-08-01,1.361035229809999,-0.6859950783590477,-0.7577440167327525,1.4281370544877812,0.9114274107017094,-0.5566506414785581
Kilis,2016,9,2016-09-01,0.7434808489384825,-0.15594682690356382,-0.5249530133480248,-0.05472559448274192,0.42427622911564805,-0.544483582887252
Kilis,2016,10,2016-10-01,0.3345728442464589,-0.6097042095013396,-1.0268286439320957,-1.3095110037597564,-0.31592030139071015,-0.5583511456521908
Kilis,2016,11,2016-11-01,-0.8385239611239763,0.08294382610163308,-0.5004106397813346,-0.18342440142207878,-0.8859206640159784,-0.4870638010644117
Kilis,2016,12,2016-12-01,-1.5632504142885089,2.2161643972825926,1.2157889520685252,0.5617055497114205,-1.5203197318032358,-0.5166606142320821
Kilis,2017,1,2017-01-01,-1.6437088333469023,0.7893729751649873,1.4559138006374794,0.04303236569005152,-1.2633151145442716,-0.4149995447286838
Kilis,2017,2,2017-02-01,-1.4083870367949154,-0.9780060074382095,0.2467264256986711,-0.9281537823241077,-0.5642531527086085,0.28979691952772274
Kilis,2017,3,2017-03-01,-0.8030390249687385,0.7012687941196353,0.8790673446719646,-0.5446686743801289,-0.3546643230321432,1.5293878974769946
Kilis,2017,4,2017-04-01,-0.3194571406163493,-0.04383457395376678,0.0664436921510603,-0.6774176969073374,0.4557254057309072,1.804070721410437
Kilis,2017,5,2017-05-01,0.27954832523589596,0.049964098897808125,-0.1920427689701422,-0.4077983859459599,0.9098355267995424,0.14893723731222233
Kilis,2017,6,2017-06-01,0.9554136354097467,-0.8331182658181001,-0.9162933165325995,0.6986322920546321,1.4845511387532044,-0.4626418407565071
Kilis,2017,7,2017-07-01,1.5014783786575758,-1.0593898305312979,-1.6523047045896546,1.203908578238198,1.4653497210537136,-0.5562404314249462
Kilis,2017,8,2017-08-01,1.3483096314261522,-1.018423264200831,-0.654000557346433,1.1952616662314162,0.9897745769929829,-0.556005907621919
Kilis,2017,9,2017-09-01,1.1121893300600723,-0.9948964223530602,-1.137672311083991,-0.4817621176941141,0.37996131367466046,-0.5557713838188918
Kilis,2017,10,2017-10-01,0.18074118587356863,-0.13015934075172045,-1.0209749769789616,-1.1100845266939336,-0.3418521936898745,-0.5539096961810993
Kilis,2017,11,2017-11-01,-0.6118644981517757,0.23728912655627468,0.3069221268206563,-0.5712989577352694,-1.1049037201782408,-0.5417426375897932
Kilis,2017,12,2017-12-01,-1.0636645930631048,-0.11388164143740716,0.7010874779946796,-0.23386884897917387,-1.3295130687992347,-0.48998125901919787
Kilis,2018,1,2018-01-01,-1.283053014817438,2.7251348382197182,1.367475172364839,-0.5495592849443593,-1.3525377649474586,-0.31184348928183014
Kilis,2018,2,2018-02-01,-0.9914002770080022,0.9356997334766411,1.4394044680922244,-0.8008540864391894,-1.0610292283226983,0.2069139098664093
Kilis,2018,3,2018-03-01,-0.5508108888025645,-0.43492551714522315,1.1658774288683957,-0.9580445442940488,-0.12002773366766972,2.402734834712762
Kilis,2018,4,2018-04-01,-0.034373040539583184,0.14385137624720523,-0.3681471993725335,-1.5027115106086884,0.4361024969379851,2.7446737638165044
Kilis,2018,5,2018-05-01,0.5129798285771531,0.4102520281701681,-0.16560492626634427,-1.1667588079302162,0.6247129108362843,0.7348185637394515
Kilis,2018,6,2018-06-01,0.7839559129627124,0.3360651196075395,0.17166226481475685,0.6698530593332398,1.3156194474181024,-0.09425808024290784
Kilis,2018,7,2018-07-01,1.1785145430896284,-0.6596060546363618,-0.3407759421564812,2.363006655291164,1.428309654883231,-0.5279339123772967
Kilis,2018,8,2018-08-01,1.2418634965220634,-0.9174230033403181,-0.4068170401338706,2.001709336060191,1.0536122293515657,-0.552649234040671
Kilis,2018,9,2018-09-01,1.0003193098225394,-0.6961604618431568,-0.9303804395968936,-0.23308877137415454,0.3053041486228956,-0.5529570981825656
Kilis,2018,10,2018-10-01,0.33988659541575444,0.39195897305859756,-0.9274559833400161,-0.7487857315579903,-0.6519036184573697,-0.5044500472815009
Kilis,2018,11,2018-11-01,-0.6354191080879146,0.6021934534858189,1.120459899884147,0.11479364597285129,-1.369800561675286,-0.4722146347280892
Kilis,2018,12,2018-12-01,-1.1189733815792473,3.778463428653904,1.8937635883274344,0.24112597908697317,-1.6805958489906307,-0.37380789289422167
Kilis,2019,1,2019-01-01,-1.5443743998238326,2.688925502047255,2.0454386935262554,0.9236481712208657,-1.39099864405497,-0.47662707862633075
Kilis,2019,2,2019-02-01,-1.2701756782089622,1.923817744126055,1.8909855273643097,-0.058389111493855964,-1.1296516288153027,-0.2767937910920922
Kilis,2019,3,2019-03-01,-0.9392440343095922,2.059420462428798,1.483631398818781,-1.2397385681588629,-0.5847755488213934,0.6145841262174033
Kilis,2019,4,2019-04-01,-0.541258739249857,1.0983722706137786,1.2872310674475016,-1.3881181187536886,0.18019265605879484,2.04563804872406
Kilis,2019,5,2019-05-01,0.4145250764908432,-1.0139542035956837,-0.09637580099020542,-0.85363629793419,1.0755283413166075,4.51048339425161
Kilis,2019,6,2019-06-01,1.0003028653378232,-0.5805938364045582,-0.512358706269359,0.45389290008155647,1.3028035242416751,-0.21727779782843232
Kilis,2019,7,2019-07-01,1.1445161087542297,-0.3188095821387795,-0.6612937135837857,1.4524515227333028,1.3649199669714822,-0.5245772387960488
Kilis,2019,8,2019-08-01,1.3161426716331894,-0.9944105188179081,-0.8746428551066634,1.231186605642354,0.9638298647610636,-0.5503773363492666
Kilis,2019,9,2019-09-01,0.9213640320546653,-0.7377555952823343,-0.8418222052650066,-0.19084545395816707,0.4178168429736795,-0.5501428125462394
Kilis,2019,10,2019-10-01,0.43217452053877664,-0.3551756023202351,-0.5015066086555221,-0.8249276054924926,-0.5686051343552369,-0.5471963490186033
Kilis,2019,11,2019-11-01,-0.5440241168196489,-0.06928349362249453,-0.5115574863113824,-0.2657795266813564,-0.9635197233656185,-0.5117066087956611
Kilis,2019,12,2019-12-01,-1.1420540112199342,2.6866378282053143,1.4581259062630383,-0.12728535802969082,-1.6315260401896536,-0.4322834450340554
Kilis,2020,1,2020-01-01,-1.5072757898414337,0.6166283325200408,1.4919221180040478,0.23598865124368518,-1.3350400452562756,-0.3463516259333886
Kilis,2020,2,2020-02-01,-1.4313038928841377,0.2577635684310522,1.4206633899052563,-0.31821315869236216,-1.0475955871949005,0.05253803738713958
Kilis,2020,3,2020-03-01,-0.7388285726568111,1.0940328644797561,1.255945284653342,0.06838481759357973,-0.4314697363674636,1.9457064889671447
Kilis,2020,4,2020-04-01,-0.3243690231591099,-0.12938059418523337,0.5710111439145142,-1.0684222222963486,0.401928550987961,2.6803342901942484
Kilis,2020,5,2020-05-01,0.3632682567273767,-0.4056631335179268,-0.36063196195577407,-0.2964206098959189,0.9714086825433582,0.8906885957554341
Kilis,2020,6,2020-06-01,0.8042657003398311,-0.8760908409888678,-0.8418557946612222,1.1751648977829583,1.4394743440157018,-0.4400968972795625
Kilis,2020,7,2020-07-01,1.4446550235978852,-1.0610712933239177,-1.433013371603507,1.2446278027496949,1.24439637701617,-0.5477975745159676
Kilis,2020,8,2020-08-01,1.2970014560576046,-0.9611174235960971,-1.2712760937644139,1.13127776437216,1.0597003906090303,-0.5475630507129403
Kilis,2020,9,2020-09-01,1.2868159308824376,-1.0001684166568237,-1.4371283542373907,-0.32118029575450446,0.2833204906396647,-0.5473285269099132
Kilis,2020,10,2020-10-01,0.6337155290673014,-1.0607625987844098,-1.9840159780759699,-1.149659110748965,-0.3134743947475561,-0.5470940031068859
Kilis,2020,11,2020-11-01,-0.5999894743466418,0.1884178210457716,-0.0560933068437964,-0.4073983250415771,-1.1842378935085562,-0.5219096338374574
Kilis,2020,12,2020-12-01,-1.199313747654032,3.15079470476432,0.800336009428334,0.7767995830159832,-1.3195197281633233,-0.4663515396524096
Kilis,2021,1,2021-01-01,-1.3521823490519242,2.422361661564083,0.7830369412836599,0.40072820300876766,-1.3015561238251323,-0.3755382290474469
Kilis,2021,2,2021-02-01,-1.1415596067387226,-0.4534656918363477,0.8175895548274091,-0.8456592385951265,-0.5555473656902968,0.6183510098522632
Kilis,2021,3,2021-03-01,-0.9194482466723967,0.3715190766059059,0.7290447786957246,-0.2486384820405061,-0.23670201911477579,1.2846379300192239
Kilis,2021,4,2021-04-01,-0.2010672791787957,-0.5354146760054542,0.08476776617085703,-0.6690748677410133,0.39965678200178834,1.3076527475089657
Kilis,2021,5,2021-05-01,0.5879955308962183,-1.0391830332227254,-1.145740801311341,0.11690857319113575,1.257323702453336,-0.23683359582520852
Kilis,2021,6,2021-06-01,0.85220082552036025,-1.0569473037531025,-0.8342421491244131,1.4709653568109,1.5317440419252775,-0.5452178126826684
Kilis,2021,7,2021-07-01,1.4105065163457207,-1.0518860525340687,-1.2512069277015285,1.909116019032848,1.3115492595611535,-0.5449832888796413
Kilis,2021,8,2021-08-01,1.4015578421262307,-0.9619343777301472,-1.353980365586148,0.8354520301996369,0.8777804597990669,-0.5447487650766142
Kilis,2021,9,2021-09-01,0.758103377036217,-0.39623727769974076,-0.3826574473984952,0.11533773924656258,0.4047756955062341,-0.5347512582649951
Kilis,2021,10,2021-10-01,0.245132310643508,-0.8574321898563132,-1.4012644130805687,-1.2225892323408059,-0.3444867696700361,-0.5442797174705598
Kilis,2021,11,2021-11-01,-0.4181467867512681,-0.5548697562854076,-0.3820965852911203,-0.6465901595718416,-1.0740386844653391,-0.5440451936675326
Kilis,2021,12,2021-12-01,-1.2639645752388455,1.0195102318397515,0.5493337855426942,0.8342666065361835,-1.390314865322618,-0.5150641087836516
Kilis,2022,1,2022-01-01,-1.6052122054070084,1.3087364055121253,1.2725511162494438,0.3701932123400544,-1.476716429449836,-0.4828286962302399
Kilis,2022,2,2022-02-01,-1.1659145162351618,-0.1016411582688253,1.3000459116950904,-1.0440771124323698,-0.8950191518475947,0.23769701842889798
Kilis,2022,3,2022-03-01,-1.3004903010287083,1.5807112417271425,0.8699533596082096,-0.8148937634650958,-0.5406826976967837,0.8746949895700831
Kilis,2022,4,2022-04-01,-0.09102447739473934,-0.8003921627450459,-0.3879755299471017,-0.7025004355181224,0.44450003110624986,2.3437160682212634
Kilis,2022,5,2022-05-01,0.29624686201555744,-0.41550397095435465,-0.5548745809608817,-0.24186750689754566,0.8720553018982702,0.18361940740088073
Kilis,2022,6,2022-06-01,0.9121542901185509,-0.577915368076504,-0.7603020156004773,1.071806843933826,1.324417392504985,-0.5152841298002537
Kilis,2022,7,2022-07-01,1.3356132121916413,-1.0634746012015488,-1.5984219152469747,1.5946621212728915,1.455382985768223,-0.5421690032433151
Kilis,2022,8,2022-08-01,1.2617204832417515,-0.7321879155414966,-0.5564879710447237,2.0131782708400383,0.9119102052924962,-0.5413920914953662
Kilis,2022,9,2022-09-01,0.9867788195236386,-0.8176593517105756,-0.7701517808697043,0.11377275470865184,0.3690918598665523,-0.5416999556372608
Kilis,2022,10,2022-10-01,0.39703670195174434,-0.8259343603900738,-0.761764358302127,-1.075193143226094,-0.40357096383321195,-0.5414654318342336
Kilis,2022,11,2022-11-01,-0.4722900089471961,0.44017285084978297,0.674107251280267,-0.6408537604507694,-1.2677513626526442,-0.5271288214632404
Kilis,2022,12,2022-12-01,-1.0600974365004512,-0.33442416892229604,1.1432835749280759,-0.46555290995220694,-1.4224897235572127,-0.47807938261725386
Kilis,2023,1,2023-01-01,-1.4021704677108255,-0.11187929474258346,0.9364532065404275,0.11997436143331928,-1.2602920786418264,-0.4485559097884511
Kilis,2023,2,2023-02-01,-1.436922304056735,0.11810310899592619,0.34382120960053425,-0.9914506585143222,-0.6565645121339402,0.01813224664729843
Kilis,2023,3,2023-03-01,-0.6519946281424394,0.7920290874336516,1.00223335699315,-0.4041339822521713,-0.44227193053715963,0.6648932007970755
Kilis,2023,4,2023-04-01,-0.317378872794703,-0.41214938099307025,0.48093214311744253,-0.4140013601491642,0.26911727497120336,0.808860530004372
Kilis,2023,5,2023-05-01,0.3206267923020549,-0.6037979632773864,-0.6188069500612475,-0.24799317976203447,0.8972296203946678,-0.19540742018771928
Kilis,2023,6,2023-06-01,0.8693315682773228,-0.8221190653587669,-0.7413404753638062,1.3622972057552343,1.2679121890972043,-0.5319958101811113
Kilis,2023,7,2023-07-01,1.4339040539852956,-1.0527505611926382,-1.740579561970101,1.5275131538978404,1.4141235357241395,-0.5393547176069889
Kilis,2023,8,2023-08-01,1.4602225152057695,-0.8476454114956217,-0.7237469516661639,1.8914295136397488,0.9333387442276353,-0.5391201938039618
Kilis,2023,9,2023-09-01,0.9955186506678599,-0.7320470830406768,-0.7281310949990757,-0.19245905705409236,0.3225079492200668,-0.5388856700009346
Kilis,2023,10,2023-10-01,0.4185652468196913,-0.27586119410014043,-0.46949040616662413,-1.346609559594392,-0.49395609754851355,-0.51804040429088
Kilis,2023,11,2023-11-01,-0.3351477902181556,0.21597354341531855,0.0909595609148786,-0.7081311979195265,-1.0631441570198843,-0.5188906563776966
Kilis,2023,12,2023-12-01,-0.9165971285310996,0.405434234385211,1.1569543598732492,-0.3117333161521721,-1.4406717271089453,-0.4101785435903152
Kilis,2024,1,2024-01-01,-1.1766177924997727,1.7438650089209542,1.6674054271703733,-0.7912231215930753,-1.544338321167941,-0.2906186719044987
Kilis,2024,2,2024-02-01,-1.0338479227972026,0.09805116462360845,1.4493040823102514,-1.4887576860764342,-0.8926461226712575,0.5134347862725919
Kilis,2024,3,2024-03-01,-0.7868420625444559,0.474732427245972,1.0439538006156406,-0.5888330853686187,-0.2848758990220853,1.7720093422941252
Kilis,2024,4,2024-04-01,0.14685602227887712,-0.2808860688243497,0.26720594104782136,-1.3196103940993282,0.46429257896542286,2.059709476905691
Kilis,2024,5,2024-05-01,0.24817217304541977,0.21582153288480366,0.4459280941734238,0.21929344268172585,0.7052348342130439,0.34599809475592475
Kilis,2024,6,2024-06-01,1.4294030279975436,-0.9793806067640598,-1.4891723912749812,0.8131284467936016,1.4710067312596322,-0.40497468515769974
Kilis,2024,7,2024-07-01,1.4603850051065137,-0.9986836765134982,-0.8694060968047495,2.6737642215801634,1.292695792081626,-0.5365404319706627
Kilis,2024,8,2024-08-01,1.3653319948926463,-0.6548301305644448,-0.3731286275277931,2.5186614027480334,0.8966000626195529,-0.5335939684430266
Kilis,2024,9,2024-09-01,0.8836873992671581,-0.3740673525969089,-0.014879642583629577,0.41995594791338153,0.2391307241628591,-0.5301051169704689
Kilis,2024,10,2024-10-01,0.21866120299970052,-0.8257730029026027,-1.2436985584952294,-0.9763178578989974,-0.27787618624038946,-0.5320401449471288
Kilis,2024,11,2024-11-01,-0.647452696872812,1.1099683351654763,0.3729630642559956,-1.319693599057922,-1.1035439434788363,-0.49112652527496875
Kilis,2024,12,2024-12-01,-1.2913736386124395,0.4315462665847353,1.0616994211023587,0.11380052583699435,-1.446066414227416,-0.4572639488867919
Kilis,2025,1,2025-01-01,-1.3305620055602376,-0.9793442302692353,0.35619643229520337,-0.6226294670167996,-1.0736315095692102,-0.23248081588615183
Kilis,2025,2,2025-02-01,-1.4642400327267033,-0.3833840789306212,0.4488973136707397,-1.299389689561581,-0.8123521520884489,-0.2702134482276486
Kilis,2025,3,2025-03-01,-0.5012227023978917,-0.5804184584816523,0.035691938995974955,-1.0587357965133748,-0.21315919310361386,0.10535353346124354
Kilis,2025,4,2025-04-01,-0.20235681703904818,-0.23297438102145537,-0.1749874809150889,-0.6255526445814082,0.28486122354213433,-0.13252025055638636
Kilis,2025,5,2025-05-01,0.5193094967240843,-0.4905348631889017,-0.6810511752907429,0.29024982604110294,0.9235966572079112,-0.4956856498509451
Kilis,2025,6,2025-06-01,1.1873084848441269,-0.9822492931901919,-1.9656051506943737,0.9217479792912512,1.4619724667590341,-0.5339606701373636
Kilis,2025,7,2025-07-01,1.3653444118766256,-1.0507939379495952,-1.1052339151764308,2.8044591985130376,1.233826872605879,-0.5337261463343365
Kilis,2025,8,2025-08-01,1.3848345553842554,-1.0529137497528482,-0.9206674069384408,2.165666476876142,0.9745597344734552,-0.5334916225313093
Kilis,2025,9,2025-09-01,0.9222792347713767,-0.7847178320743139,-0.8465909476432953,0.63344990024006,0.42981252784815105,-0.5332570987282822
Kilis,2025,10,2025-10-01,0.22754610463012914,-0.5088279183004724,-0.09175801804486598,-1.1301841385258984,-0.35939200283363104,-0.5324801869803332
Kilis,2025,11,2025-11-01,-0.3327492054570358,-0.49632913752264174,-1.0615562333946373,-0.5844825961893702,-1.0226192215967498,-0.5317032752323843
Kilis,2025,12,2025-12-01,-1.1232238540643051,0.3160887706306104,0.5842712639594129,-0.30021769454545855,-1.4212365352309044,-0.5184514407512345
Mardin,1990,1,1990-01-01,-1.4276817101356312,0.42048582496462766,0.9924141585828667,0.18124868723845994,-1.1653187098923579,-0.48067965379747474
Mardin,1990,2,1990-02-01,-1.1688241244579756,1.3618549145240666,1.1660857013549129,0.3009962786529205,-0.9348582835718763,-0.23593104739437826
Mardin,1990,3,1990-03-01,-0.6187074852427685,-0.5597805392618849,0.34851226410339453,-0.213710115603364,0.14478681095784998,1.447017863302145
Mardin,1990,4,1990-04-01,-0.25059149143044723,0.9328320728865472,0.6386668624673579,-1.3866043312738447,0.09684748376981815,1.841236715874495
Mardin,1990,5,1990-05-01,0.4832632812874955,-0.8802562263715018,-0.5383711845002178,-1.0042089752077465,0.8810735910937629,-0.19493864875561662
Mardin,1990,6,1990-06-01,1.072626451163387,-0.5602462538123231,-1.1628934574254781,0.8285500541406765,1.3110084360757293,-0.6310210027856575
Mardin,1990,7,1990-07-01,1.57569243574944,-0.9472596391240722,-1.3747316229062547,0.7605110109657636,1.264436265249031,-0.6311150784453312
Mardin,1990,8,1990-08-01,1.3570871706291139,-0.947903828454074,-1.4858101556468166,1.1623575130424904,0.9992165259094044,-0.6308084295844438
Mardin,1990,9,1990-09-01,0.8787104707193745,-0.947081164344509,-1.3020614056875068,1.1278065253704141,0.4082166099811813,-0.6305017807235564
Mardin,1990,10,1990-10-01,0.28554775913598546,-0.8878777333402083,-0.7091638503720555,0.32824397037303504,-0.5124370922260832,-0.6301951318626691
Mardin,1990,11,1990-11-01,-0.32071897560044244,-0.10610229800557662,0.25627874543981827,-0.5546878006441324,-0.922088159365089,-0.6210725435494397
Mardin,1990,12,1990-12-01,-0.947665480527925,-0.1847830903205022,0.7546316324494015,-0.2938119753248592,-1.239480534439199,-0.6167586494829425
Mardin,1991,1,1991-01-01,-1.2301116632369462,0.5391983194952197,0.8355284588397321,-0.06943211468532472,-1.2269267753331026,-0.5984193971968101
Mardin,1991,2,1991-02-01,-1.2827251620183542,0.5919475953654293,0.9508743119403286,0.31780454281788123,-0.8523790622832045,-0.27032009051702544
Mardin,1991,3,1991-03-01,-0.6327164085827244,2.2749577839695596,0.9076007348738344,-1.2299038030486016,-0.570046844234375,1.0796267435933078
Mardin,1991,4,1991-04-01,-0.142712597973972,-0.2686235281924779,0.4594746346414762,-1.676839138873886,0.36090924791576057,2.5317583304466953
Mardin,1991,5,1991-05-01,0.25007976231240664,0.08571081485255096,-0.09514136801728247,-0.38259611583007364,0.772431907436083,0.5621032362297103
Mardin,1991,6,1991-06-01,1.1103200919892484,-0.8516659809844522,-1.0696756604832451,-0.10507652639861204,1.1496524132196413,-0.6173231034409845
Mardin,1991,7,1991-07-01,1.4941075558861499,-0.947068902510433,-1.3475692140725066,0.8737872194470692,1.061770337495887,-0.6274352921146831
Mardin,1991,8,1991-08-01,1.4646710273966344,-0.9480064625283474,-1.3039682140981979,1.3478235417694346,0.8017956634418785,-0.6271286432537958
Mardin,1991,9,1991-09-01,0.8910738517002688,-0.9419031260363444,-1.2561982353087213,1.075346938204443,0.4921333108132941,-0.6268219943929084
Mardin,1991,10,1991-10-01,0.30003812447377587,-0.11553534613889924,-0.06713368951934415,-0.6834378533068504,-0.5842343418692165,-0.6261146210114601
Mardin,1991,11,1991-11-01,-0.5082408589275305,0.22706416938959972,0.5133731956920634,-0.06321714498706743,-0.9213358379469071,-0.5592877017374468
Mardin,1991,12,1991-12-01,-1.232668741360898,2.0356370124206005,1.435241079331642,0.8827601271911562,-1.3276578650152873,-0.5249194686288745
Mardin,1992,1,1992-01-01,-1.6507062534618393,0.7289065205008176,1.3164164903354443,1.6560834126152288,-1.2507015829759462,-0.5326273101792072
Mardin,1992,2,1992-02-01,-1.6889711541883428,2.6316513543519706,1.8322322208320119,0.9492042199854229,-1.0179840588891116,-0.5623750003603948
Mardin,1992,3,1992-03-01,-1.1017409574307038,-0.4631734803990602,0.9846821729105659,-0.8970502246534808,-0.13797388775092215,0.5387219064815578
Mardin,1992,4,1992-04-01,-0.33386698975514,-0.4022098252672796,0.358203001562829,-1.2319910754587953,0.4027106540446649,3.003484356792591
Mardin,1992,5,1992-05-01,0.19347884036485014,0.33497326550453843,0.20545833659288026,-1.3476553472679853,0.5423368677794602,1.691017476295645
Mardin,1992,6,1992-06-01,0.7872602369693067,-0.3058057648521709,-0.39066474996669026,-0.555382234029432,1.0301895579849942,-0.5182708812168185
Mardin,1992,7,1992-07-01,1.226586788217829,-0.947758277960533,-1.2195117800922568,1.8067186786340563,1.3918654672786348,-0.6237555057840349
Mardin,1992,8,1992-08-01,1.371159132447944,-0.9489892086663609,-1.3461579229684137,1.880703080428512,0.9074707867416247,-0.6234488569231477
Mardin,1992,9,1992-09-01,0.8169705582295841,-0.9364317170402663,-1.350573412064125,0.8768032286802847,0.3256239396601889,-0.6231422080622603
Mardin,1992,10,1992-10-01,0.3356204743836428,-0.931208492612003,-0.9171630781804925,0.7999409852531245,-0.29468098720399194,-0.6228355592013729
Mardin,1992,11,1992-11-01,-0.7321202599066138,1.0959255129143677,0.4540576057202071,1.0840779748737714,-1.1006841544262014,-0.6221281858199246
Mardin,1992,12,1992-12-01,-1.391214255406824,-0.026861557683808605,1.3837500631447175,0.2154839042665011,-1.3732297882303306,-0.5569041646281554
Mardin,1993,1,1993-01-01,-1.4370033493160594,0.6777573867296388,1.2669337109555363,1.163265921950866,-1.2139431781421484,-0.4604236308326281
Mardin,1993,2,1993-02-01,-1.333824697384683,1.054387902056075,1.2914715607880534,-0.419516793424844,-1.0652111871328127,-0.2785887741576082
Mardin,1993,3,1993-03-01,-0.8652197902136447,0.2977274499736323,0.6660956613904362,-0.8920587465406311,-0.07705378873255617,1.247276124479004
Mardin,1993,4,1993-04-01,-0.2735999035360684,0.46254432862670275,0.5725300609055489,-1.5206717966507715,-0.008671612049458596,1.9031680889776867
Mardin,1993,5,1993-05-01,0.1140910422278179,2.08658700896027,0.7926017245620934,-1.7863304727481186,0.3521387181642607,2.724960004988621
Mardin,1993,6,1993-06-01,0.8228781586785513,-0.7849827322887789,-0.5091931266958061,0.2173780614875458,1.4584920863901787,-0.009678198979311227
Mardin,1993,7,1993-07-01,1.4505845895952179,-0.9481542827227196,-1.4156260454341043,1.5755892863601306,1.3595351842928565,-0.6200757194533868
Mardin,1993,8,1993-08-01,1.4332006237183172,-0.8930580413492042,-1.3788500306986788,0.6313964317734013,0.8798696609805835,-0.6197690705924995
Mardin,1993,9,1993-09-01,0.991694093863367,-0.9497360320706362,-1.4299854629960211,0.906710221141802,0.4545435872584934,-0.6194624217316121
Mardin,1993,10,1993-10-01,0.4120999312837109,-0.32784762164872494,-1.145061843362715,-0.5756978488318503,-0.3920156858607082,-0.6191557728707249
Mardin,1993,11,1993-11-01,-0.8182238045202409,0.8332561131577367,0.8519833111163325,-0.5007108106450953,-1.156663089691561,-0.5379027708565156
Mardin,1993,12,1993-12-01,-0.9331958633011593,-0.6741399292947079,1.2245541360972727,-0.8774114671897265,-1.357881567923072,-0.5239714882965544
Mardin,1994,1,1994-01-01,-0.994270368648789,2.3454671134421816,1.232369262142038,-0.06197745328903183,-1.2163937859352663,-0.37740038943090226
Mardin,1994,2,1994-02-01,-1.074721789669937,0.3047231603634516,1.1891021563004862,-0.5175999172847474,-0.8312254298582548,-0.16791554083717322
Mardin,1994,3,1994-03-01,-0.6390249071099982,0.5490434954410124,0.9136507351506055,-1.5112084226348599,-0.30237667882603375,1.182832742314282
Mardin,1994,4,1994-04-01,0.10126836129527413,-0.015459156058252311,0.25242856372398625,-1.5016434090457136,0.48040488592744474,2.8922294713678314
Mardin,1994,5,1994-05-01,0.5174334862314635,-0.19065890469663666,-0.24716829354995987,-1.6880938101513208,0.8095341619692626,0.12833837739894535
Mardin,1994,6,1994-06-01,1.1227286373109053,-0.927370150000978,-1.3012025910640128,0.9279749006818905,1.4910530059175346,-0.6159011329425041
Mardin,1994,7,1994-07-01,1.5278173316585746,-0.9400425375354223,-1.3407642375524966,0.8090520605977245,1.285330363698948,-0.6163959331227388
Mardin,1994,8,1994-08-01,1.3922931426726035,-0.9497812181907347,-1.3841516003242218,1.3267030659851637,1.0192507775911872,-0.6160892842618514
Mardin,1994,9,1994-09-01,1.1305141754019148,-0.9087667698370551,-1.309322266342057,-0.32996320897032166,0.27990436491268017,-0.6157826354009641
Mardin,1994,10,1994-10-01,0.41321948497313143,0.28754144751899635,-0.1902148258862259,-1.0925786129114252,-0.4537527283166725,-0.5946383114709047
Mardin,1994,11,1994-11-01,-0.616321321703253,1.7716463097179445,1.1897444563712218,0.564217729588256,-1.230812020245541,-0.49174618534640163
Mardin,1994,12,1994-12-01,-1.478145279232253,1.3640969762522677,1.6420090636360172,0.697708601265748,-1.4071938245794984,-0.5331148866238582
Mardin,1995,1,1995-01-01,-1.1160618441025998,1.0530665991100496,1.5955262982670106,-0.6299926733759338,-1.3303665195553773,-0.42661623981430596
Mardin,1995,2,1995-02-01,-0.9520811973171631,0.2858448022627299,1.2314045351549083,-0.5740557266428881,-0.7833980333253883,-0.03720608148868834
Mardin,1995,3,1995-03-01,-0.6193557062745997,0.3016293714558705,0.7634390253977086,-1.5693830372369457,-0.29579889555374383,1.2750726476889107
Mardin,1995,4,1995-04-01,-0.26466806672728843,0.9387730576492708,0.6359216399368535,-1.6846462544892131,0.2268661241376457,2.787312912626448
Mardin,1995,5,1995-05-01,0.5109888014061958,-0.70826743224988,-0.08349108041367895,-1.3191453216333802,0.9643925204062799,1.2640649343144168
Mardin,1995,6,1995-06-01,1.021932893324973,-0.3941248734489663,-0.7040597944118427,-0.15328988862365098,1.2181003371812154,-0.550509770445462
Mardin,1995,7,1995-07-01,1.3691148832036302,-0.9492396629350066,-1.21104585583712,1.047156499920446,1.368606478688801,-0.6127161467920906
Mardin,1995,8,1995-08-01,1.4145988415795108,-0.9475368867617022,-1.3051978212042568,1.4189239102281586,0.9610820992229793,-0.6124094979312033
Mardin,1995,9,1995-09-01,0.9148727846669054,-0.9296987227531693,-1.1900165169734374,1.0690939089971807,0.3558244908011464,-0.612102849070316
Mardin,1995,10,1995-10-01,0.16117245003402764,-0.7111950082119746,-0.7098062124063905,0.4344149087136231,-0.4614484013954083,-0.6117962002094286
Mardin,1995,11,1995-11-01,-0.6997977843099118,0.03977650489176611,0.5319038334590549,0.7883855230580009,-0.955199647847664,-0.6086844797046143
Mardin,1995,12,1995-12-01,-1.1354422908733268,-0.9301644373036076,0.8055390483034466,-1.628429532720128,-1.1341065355240418,-0.6091792798848489
Mardin,1996,1,1996-01-01,-1.220653308327991,2.725176886141291,1.4668767100210287,-0.36782496063799985,-1.4316995056839175,-0.49506686718463777
Mardin,1996,2,1996-02-01,-1.04723533741402,0.5142779340728768,1.0837755507819005,-0.5191225840928629,-0.8514586028169779,-0.013490069129990278
Mardin,1996,3,1996-03-01,-0.8152202227851074,3.644779096840974,1.3460525559074852,-1.388428872275353,-0.7001848751111495,0.46287731015736433
Mardin,1996,4,1996-04-01,-0.38349662053883105,0.6552743390507992,0.9402927025407449,-1.7635253105923037,0.031968911934593364,2.359412390312901
Mardin,1996,5,1996-05-01,0.5205828131826112,-0.7350667989242593,0.04696717802007201,-1.332201298581941,1.042294593095294,3.119092005636881
Mardin,1996,6,1996-06-01,0.9284670324695949,-0.9407770991056209,-0.9546974374054428,0.5775100738755492,1.4031292856341109,-0.5283966561690081
Mardin,1996,7,1996-07-01,1.6313419066179076,-0.9161914092750835,-1.5839906568704805,0.5753943734943949,1.1242809750195586,-0.6090363604614426
Mardin,1996,8,1996-08-01,1.419359273558159,-0.8772305557367965,-1.4246215997578544,1.0028081035747858,1.049947218205704,-0.6087297116005552
Mardin,1996,9,1996-09-01,0.796011797744166,-0.6675279618329991,-0.8770326853866717,1.7377304151737478,0.2503112163015271,-0.608423062739668
Mardin,1996,10,1996-10-01,0.11960584447043615,-0.4443303162851922,-0.2895578727676606,0.5792741635523955,-0.5942517792376564,-0.6081164138787806
Mardin,1996,11,1996-11-01,-0.43792647888940983,-0.723089917756953,0.2092434701304063,-0.897418878985145,-0.9699517967368874,-0.6078097650178933
Mardin,1996,12,1996-12-01,-0.8184451587116194,2.0908642727527496,1.5368074011070452,0.4670588233393193,-1.593995623964504,-0.4965024239616091
Mardin,1997,1,1997-01-01,-1.173238103978135,-0.3256875315428516,0.9449448971468223,-0.013916018004567285,-1.1189732806174784,-0.321479884136126
Mardin,1997,2,1997-02-01,-1.357315557194278,0.2466212326217207,1.01915964451574,-0.15080753457646234,-0.894416623624631,-0.2794978851368948
Mardin,1997,3,1997-03-01,-1.0492511875688961,0.2295482847685773,0.6532092210887623,-0.9683459277500861,-0.30504233731905633,0.5903809733413612
Mardin,1997,4,1997-04-01,-0.41190166033274367,-0.00813942039532884,0.5210195393172473,-1.1011051500479994,0.2508944530652821,1.3817178257896616
Mardin,1997,5,1997-05-01,0.5207607604179211,-0.6175277871453204,-0.24282453958291003,-1.6249928289823479,0.8939709810882254,-0.23970766005981578
Mardin,1997,6,1997-06-01,1.0476326486226752,-0.8484679664872219,-1.0270414007481323,0.17538104489476944,1.1498570763424336,-0.6056632229916818
Mardin,1997,7,1997-07-01,1.3362634567259508,-0.9488581897077274,-1.3600965385734316,2.007638756047044,1.2801711495783363,-0.6053565741307945
Mardin,1997,8,1997-08-01,1.2120071583075027,-0.9518493445410351,-1.2202511671109746,1.1506752675904601,1.031202514156445,-0.6050499252699072
Mardin,1997,9,1997-09-01,0.6825671403913482,-0.5766856826541656,-1.085948327908885,1.3511422502736268,0.3939356767128722,-0.6047432764090198
Mardin,1997,10,1997-10-01,0.18415828628510442,0.6184490519502328,0.299035069588572,-0.1616958342063475,-0.6300214492959704,-0.5815953298761556
Mardin,1997,11,1997-11-01,-0.5312950404111965,0.2754412698254704,0.6955592774975133,-0.5660191233588574,-1.0578726063604817,-0.4226017708731124
Mardin,1997,12,1997-12-01,-1.087660817997339,1.0460686190193988,1.2756745816974278,-0.29346258406928266,-1.5356550652505403,-0.45956250242439806
Mardin,1998,1,1998-01-01,-1.4637340691267533,1.008459723012328,1.4356325202797804,0.14147091895336142,-1.3896100953916237,-0.48610439644109765
Mardin,1998,2,1998-02-01,-1.3677318035277763,0.06814922029619225,1.0262553240729324,1.0582070169189914,-0.6601452743877999,-0.18124711195385088
Mardin,1998,3,1998-03-01,-0.8383731027854476,0.9933829220204022,0.8650388190188472,-0.6460200314741203,-0.3103734317854231,0.8725643014619039
Mardin,1998,4,1998-04-01,-0.13073265374994264,0.8152494665028855,0.5752614360435027,-1.8016187693774155,0.2745258639055659,3.1930659243709774
Mardin,1998,5,1998-05-01,0.3522342179584232,0.7060581226449821,0.36000725472081613,-1.3568092978906103,0.7283644490416611,1.8565555726403713
Mardin,1998,6,1998-06-01,1.1231432971044035,-0.876440815913254,-0.7131994128315515,-0.6323645365911884,1.4103648071800883,-0.34151249829638414
Mardin,1998,7,1998-07-01,1.5534816916337437,-0.9017281430279683,-1.3261091445008,0.4425016438172679,1.3956915183732186,-0.6016767878001464
Mardin,1998,8,1998-08-01,1.530040057568732,-0.9504851251757425,-1.5015418522150816,0.8263006908325862,1.049173267106512,-0.6013701389392591
Mardin,1998,9,1998-09-01,0.9431086882527677,-0.8188191342568691,-1.1227802220395793,0.715900260082974,0.5156139814455406,-0.6010634900783717
Mardin,1998,10,1998-10-01,0.31920566463084926,-0.9379850815038228,-1.0863328736287106,0.9502062210062836,-0.1810525038186828,-0.6007568412174844
Mardin,1998,11,1998-11-01,-0.19064370789283855,-0.45456763577696485,-0.006328169397721126,-0.3931361813552861,-1.0212689739449485,-0.600450192356597
Mardin,1998,12,1998-12-01,-0.9027082975837347,0.7963075295309507,0.8852445308706457,-0.483985202455038,-1.3342360043190615,-0.5432406615760478
Mardin,1999,1,1999-01-01,-1.1058398299748435,-0.11730624058507932,0.9231530099709299,-0.7649340835349692,-1.0765399316179312,-0.4199115849029336
Mardin,1999,2,1999-02-01,-1.0482685592243506,1.1497043125580653,0.9471062924836806,0.34237454585292554,-0.8035216965967827,-0.05414417329041493
Mardin,1999,3,1999-03-01,-0.7011914164770522,1.7859678866877258,0.5336328108885141,-0.9327957435207246,-0.36334003720641966,0.9463708788907269
Mardin,1999,4,1999-04-01,-0.18654367250543996,0.8644331079980375,0.5798862940640706,-1.7965771594449511,0.6061142609089735,3.199150057824991
Mardin,1999,5,1999-05-01,0.52937140480291,-0.7165989771206324,-0.4412657681519374,-0.503587431891517,1.2121141962899737,0.6163864471496769
Mardin,1999,6,1999-06-01,1.1167279067021523,-0.917321975607469,-1.0896427737760825,-0.24657175668259984,1.4450137212760636,-0.5971014767687027
Mardin,1999,7,1999-07-01,1.4836355055650323,-0.8645726997372595,-1.2775658084585149,0.19182084189348186,1.2685631292006552,-0.5979970014694983
Mardin,1999,8,1999-08-01,1.4472310893150984,-0.9133296818850337,-1.380958683042901,0.7184955748116256,0.8539880062361355,-0.5976903526086109
Mardin,1999,9,1999-09-01,0.8537618325194263,-0.8300698544718461,-1.1050021679092963,0.39147555150548485,0.48615701974327796,-0.5973837037477236
Mardin,1999,10,1999-10-01,0.26222810010164826,-0.7095519496936762,-0.7064908625281486,0.3972305468038882,-0.3637269942127089,-0.5970770548868363
Mardin,1999,11,1999-11-01,-0.5847320764345193,-0.786179147193209,-0.15422109544888238,0.12786211605502915,-0.9641407991740539,-0.596770406025949
Mardin,1999,12,1999-12-01,-0.957959583613733,0.9070990154878851,0.5801418950547704,-0.1330841689985063,-1.3351818802679445,-0.5199253737379107
Mardin,2000,1,2000-01-01,-1.4461467765459104,1.2561526861504755,1.1721727376429831,1.0808978108416478,-1.3875895444943795,-0.4699288843274595
Mardin,2000,2,2000-02-01,-1.2930036489708512,0.4334838292875523,0.9862479428407601,-0.3267204990001257,-0.7827303391591041,-0.15785855847011465
Mardin,2000,3,2000-03-01,-0.9463019505375418,0.09164952991444311,0.6658124151568507,-1.2571703202785987,-0.08582453729507242,1.0830912060476268
Mardin,2000,4,2000-04-01,-0.06183199433764839,-0.07181539120741132,0.38858626056661233,-1.9034297708932262,0.3707010689914418,1.353886906287189
Mardin,2000,5,2000-05-01,0.42531351756818114,-0.8490117914437808,-0.45618573511634897,-0.8054026898226267,1.1050202368149353,-0.22185598421833452
Mardin,2000,6,2000-06-01,1.0901715542464767,-0.9546826870467251,-1.3625924813448815,1.0452533991283606,1.3516730108573307,-0.5946238639997375
Mardin,2000,7,2000-07-01,1.6572887485293102,-0.9547401350009003,-1.756720667390782,0.5893444675919881,1.4751842630793461,-0.5943172151388503
Mardin,2000,8,2000-08-01,1.345119188752198,-0.9207665831571384,-1.3483151466832357,0.7941729185816604,1.032535143135246,-0.5940105662779629
Mardin,2000,9,2000-09-01,0.8487410658986527,-0.929918522436624,-1.103700715311468,1.0274762431126703,0.44617123436521255,-0.5937039174170755
Mardin,2000,10,2000-10-01,0.09181834473392923,-0.24143496585840565,-0.397616618292083,-0.5542930933379644,-0.5519474962612005,-0.5933972685561881
Mardin,2000,11,2000-11-01,-0.5709092054497541,-0.431009878204539,0.11714995556301858,-0.5244748246243476,-0.9257157246880231,-0.5914877216130568
Mardin,2000,12,2000-12-01,-1.184049667301189,2.2975734421224083,1.12724134308257,-0.09500568993974025,-1.423273226167219,-0.5266644249418486
Mardin,2001,1,2001-01-01,-1.1671591582484653,-0.4821712738097941,1.0806377815146457,-0.7639748548399765,-1.1486811644722537,-0.31838174990980267
Mardin,2001,2,2001-02-01,-1.1152487358232797,1.2530588972428944,1.0923448100933093,-0.4149279013506456,-0.8959768093482736,-0.12612805570019656
Mardin,2001,3,2001-03-01,-0.4072740164965654,1.2374528028293172,0.8003626448289588,-1.6567426264590115,-0.23793147508193097,1.6313556158206732
Mardin,2001,4,2001-04-01,-0.1676548705591377,0.42270495454005164,0.600931758929577,-1.7647367298671022,0.35745938425824086,3.0382053318506674
Mardin,2001,5,2001-05-01,0.1539635503198112,1.2364577948572275,0.346624166496607,-0.9162157150204902,0.822388559625319,2.109231817530598
Mardin,2001,6,2001-06-01,0.986456830252802,-0.9363029677824642,-0.9312298847706777,0.46751260603614414,1.7664257872746683,-0.4747339667063996
Mardin,2001,7,2001-07-01,1.4849016196079587,-0.9498554673806487,-1.4641992085832793,-0.11853852922083755,1.4749692568833768,-0.5906374288082021
Mardin,2001,8,2001-08-01,1.3978387761268771,-0.9507930273985633,-1.348422479755292,1.1465779066266435,1.0707122951364656,-0.5903307799473148
Mardin,2001,9,2001-09-01,0.941084499091697,-0.6715615804593262,-1.2800064173006978,0.3191921917429252,0.45665272196483214,-0.5900241310864275
Mardin,2001,10,2001-10-01,0.16311896613638988,-0.15822032456531673,-0.4251295889937261,-0.25151860671185877,-0.37206759687148083,-0.589316757704979
Mardin,2001,11,2001-11-01,-0.765015010349862,-0.2759194183727043,0.23706421578368905,1.3454704749870974,-0.9886694503208968,-0.5846021391179208
Mardin,2001,12,2001-12-01,-1.1284110999187675,2.7580627880719346,1.4668280208936115,0.3175574816432737,-1.630066418407407,-0.47249334902051454
Mardin,2002,1,2002-01-01,-1.4891361658461797,0.009708735746449397,1.2116849214181231,1.290906727331301,-1.1367723312375317,-0.41247874659603834
Mardin,2002,2,2002-02-01,-1.0042493137394797,0.10675698549155964,0.6942291011103505,0.5543133186146538,-0.5939249677319564,0.08632920584273215
Mardin,2002,3,2002-03-01,-0.6462954954871398,1.005880695991491,0.751529145018237,-0.9554201738934471,-0.3650168719160872,1.19744422569871
Mardin,2002,4,2002-04-01,-0.38628010752428393,1.0072901014768822,0.9193453796577196,-1.8513862180105205,-0.05565547307367262,2.220800575551829
Mardin,2002,5,2002-05-01,0.2801284411151133,-0.23313861497450689,-0.029340539509710332,-1.3353394308507638,1.136619516535993,1.5663233578160431
Mardin,2002,6,2002-06-01,0.9415757699707409,-0.9193901019577695,-0.8367950661243433,0.5626912276364249,1.5190177329416659,-0.5251519906514864
Mardin,2002,7,2002-07-01,1.4237182129170638,-0.9173939550965516,-1.355333270706173,0.8204087483199526,1.4309880501893808,-0.586957642477554
Mardin,2002,8,2002-08-01,1.2704290488302068,-0.9558829631673622,-1.2355249687392873,1.544101532325149,1.1154672749139103,-0.5866509936166666
Mardin,2002,9,2002-09-01,0.8663325433970693,-0.8397656187078911,-1.0781304261614801,0.3568696162447707,0.49463354228732725,-0.5863443447557793
Mardin,2002,10,2002-10-01,0.33623863211000476,-0.5581872062653477,-0.5906673164843814,-0.16230567164576576,-0.4817840889893279,-0.586037695894892
Mardin,2002,11,2002-11-01,-0.4428829843250713,-0.14605883770140893,-0.03391953364771468,-0.6511512086692098,-0.9195019877181781,-0.5725071378554917
Mardin,2002,12,2002-12-01,-1.5650129998635403,1.104816327606507,1.2179862147239302,0.7316246078147369,-1.4787764240581467,-0.5709983154329213
Mardin,2003,1,2003-01-01,-1.314384382018773,0.8870778292207016,1.540822728022732,0.16191644575225578,-1.4436516872885299,-0.4063946131420242
Mardin,2003,2,2003-02-01,-1.4035501465807014,3.6708148388753394,1.6382643195149076,-0.35466989173959185,-1.253032875145804,-0.380040870444672
Mardin,2003,3,2003-03-01,-1.0523265725551234,1.119019147451731,1.253616909424109,-0.9188456494231315,-0.36665062527947784,0.44215177008682516
Mardin,2003,4,2003-04-01,-0.3204020930681071,0.8760507699053862,0.859436881676173,-1.7220176954327913,0.002005806693465284,2.4909621680555407
Mardin,2003,5,2003-05-01,0.4217670646396321,-0.7592548924772347,-0.025144507995302462,-0.6761277067618209,1.089112938092648,3.1761070225551755
Mardin,2003,6,2003-06-01,0.9281872606611051,-0.548378815821784,-0.7644070637330831,0.8459143046126694,1.5091079544349844,-0.38081789760392765
Mardin,2003,7,2003-07-01,1.4114983418399183,-0.944486692458844,-1.432402882014045,1.0840804156463368,1.4583311329121111,-0.5832778561469059
Mardin,2003,8,2003-08-01,1.4622866832406216,-0.9521717782987636,-1.4837325948646478,0.9309676745847216,1.0832659689433524,-0.5829712072860186
Mardin,2003,9,2003-09-01,0.8198622606663487,-0.9096904765055177,-1.20133965559868,1.0208438631971422,0.540610937553469,-0.5826645584251312
Mardin,2003,10,2003-10-01,0.34652315528610134,-0.2710799368725514,-0.45857830936523336,0.7871692880141797,-0.35611752833046395,-0.5811557360025609
Mardin,2003,11,2003-11-01,-0.6377996170051076,0.5359253776226197,0.5614913475024643,0.059445630525133714,-1.0642429048580213,-0.5387730124827685
Mardin,2003,12,2003-12-01,-1.2064596361937536,1.1428518829609555,1.3010470646071173,-0.007841435355553452,-1.474004318998938,-0.4851700023872684
Mardin,2004,1,2004-01-01,-1.2790531271633356,1.597225630584402,1.5564038012851893,0.5624479806276608,-1.5101608793076384,-0.42194960379830404
Mardin,2004,2,2004-02-01,-1.3095817026783656,1.6881130958833341,1.5749172010332908,0.254739079973916,-1.1736672627791562,-0.26095242219245607
Mardin,2004,3,2004-03-01,-0.6217403151458789,-0.6991016396209424,0.6641298223048482,-0.5243299329015273,0.07109731987365986,1.6407920767303732
Mardin,2004,4,2004-04-01,-0.32837427280782067,0.5203828620802556,0.338760845953221,-0.6679677600559011,0.5176042782334648,2.4954434034273114
Mardin,2004,5,2004-05-01,0.24875219808220708,0.7913999297579221,0.2019960081476755,-1.2426389722602724,0.8741082092167793,2.0665740907673684
Mardin,2004,6,2004-06-01,0.9392857503053103,-0.7582414917540302,-0.8083538539800644,0.375405473676995,1.6669041226631267,-0.47491489429016326
Mardin,2004,7,2004-07-01,1.3930324812838386,-0.9560307833617344,-1.4543290285157175,1.890679689403457,1.514522074705739,-0.5795980698162577
Mardin,2004,8,2004-08-01,1.3399616307961488,-0.9575550847554758,-1.364145994333543,1.1961432964995595,1.1596203174497253,-0.5792914209553705
Mardin,2004,9,2004-09-01,0.9707150264590363,-0.9576125327096507,-1.5397900953959316,0.5674299827501907,0.574282492489665,-0.5789847720944831
Mardin,2004,10,2004-10-01,0.3559602326534986,-0.8435487830655723,-0.8047516528133274,-0.06058148552456862,-0.4506577249907446,-0.5786781232335958
Mardin,2004,11,2004-11-01,-0.6961079853227845,2.606139688152139,0.9361376120970534,0.9425460610147847,-1.2291085356060436,-0.5090461323156555
Mardin,2004,12,2004-12-01,-1.4426562958219964,-0.7841094293275329,0.9745937006324344,1.4665136756737167,-1.2146315858952201,-0.3981395157799324
Mardin,2005,1,2005-01-01,-1.3828913062254387,0.6380942177217197,1.2137184480808607,1.3931105277999944,-1.300057366018005,-0.37980026349379997
Mardin,2005,2,2005-02-01,-1.2190115458457995,0.27601734088259633,1.1464722182165383,-1.0670148392812584,-0.9623663705079125,-0.08696471462338323
Mardin,2005,3,2005-03-01,-0.8206807460731477,0.27507978086468154,0.8810932586889602,-0.5449056827923415,-0.28634102614362317,1.0870640549606712
Mardin,2005,4,2005-04-01,-0.14551002626355491,-0.25715209496412583,0.35945663160487606,-1.2628035036368415,0.22319413339835825,1.5013191335610707
Mardin,2005,5,2005-05-01,0.4181368251211841,-0.40330814549909855,-0.20054386162066618,-1.4933197741840574,1.0144351572723298,-0.18021503037255607
Mardin,2005,6,2005-06-01,0.8975182686981755,-0.5107392652295224,-0.8775928516930583,0.5778160574338176,1.432024035741838,-0.5718169626203261
Mardin,2005,7,2005-07-01,1.5111937172192014,-0.9581870122514009,-1.4143018244971717,0.605278130625528,1.4632751628210106,-0.5759182834856097
Mardin,2005,8,2005-08-01,1.449742569289927,-0.9330145810450365,-1.2735806805925574,1.2086545475546617,0.9874789499653418,-0.5756116346247223
Mardin,2005,9,2005-09-01,0.8161776172194409,-0.9063752963991061,-1.1494317685445412,0.9547768490668449,0.44931088562717214,-0.5753049857638349
Mardin,2005,10,2005-10-01,0.08294676066953273,-0.4652032297317558,-0.552243934897509,0.9415318847311543,-0.29975466168714415,-0.5749983369029477
Mardin,2005,11,2005-11-01,-0.6904258252485017,-0.12436393833073624,0.38143177718633214,-0.49460451573782893,-1.0007203807920384,-0.5666771976308403
Mardin,2005,12,2005-12-01,-0.9424539345721786,0.7973493151385148,0.9888762147565189,0.16908048018818106,-1.3437376226344915,-0.555150262194245
Mardin,2006,1,2006-01-01,-1.5103951941675198,1.5893927245501103,1.399848654691079,0.5378399813189915,-1.4335486212747603,-0.46387914716601086
Mardin,2006,2,2006-02-01,-1.1864423365890868,1.3276486229773177,1.3366059559909054,-0.14439621155793453,-0.9884596935434036,-0.11213709377312711
Mardin,2006,3,2006-03-01,-0.693385927532913,-0.254263574205092,0.8481746580857231,-1.4287513664539089,-0.1787742399539823,1.286297407325087
Mardin,2006,4,2006-04-01,-0.12127612658450743,0.7378586443633387,0.7156603365296149,-1.6291885452321093,0.052864176438843946,2.7035659608896676
Mardin,2006,5,2006-05-01,0.44053668467350293,-0.37260685734248106,-0.16027506520428333,-1.0521814654204786,1.2310735059997824,0.7379181118782926
Mardin,2006,6,2006-06-01,1.1963633208834188,-0.9570587156198463,-1.293651829390338,0.020278387646455724,1.631935498673188,-0.571342972454166
Mardin,2006,7,2006-07-01,1.3504511214470174,-0.8729187761429194,-1.219806481111862,0.598237972030771,1.3796550201160327,-0.5722384971549617
Mardin,2006,8,2006-08-01,1.548946128615864,-0.9586404649677627,-1.530108144918415,0.33082468224689693,0.9245381220339898,-0.5719318482940743
Mardin,2006,9,2006-09-01,0.829124794201883,-0.911465232167905,-1.137130312082716,1.820782329067772,0.49582138588955627,-0.5716251994331869
Mardin,2006,10,2006-10-01,0.23174159324529164,1.6111718652439424,-0.0011431127805405202,0.06069411024648757,-0.5789039594658176,-0.5352533437218095
Mardin,2006,11,2006-11-01,-0.8136652821828558,0.3006275543812868,0.6555177227689214,1.1810799828653875,-0.8830403635311933,-0.135825072382167
Mardin,2006,12,2006-12-01,-1.29242804073878,-0.3204956398852348,0.44618255519323125,1.426866130480538,-1.1704785433594047,-0.38436835078966014
Mardin,2007,1,2007-01-01,-1.482314309008734,-0.13778314926945606,0.877463856070929,0.50372864013212,-1.217039249562528,-0.39007256973718785
Mardin,2007,2,2007-02-01,-1.1732982442886615,0.4277780890731116,1.0489750882498234,-0.846907941983436,-0.9405846983501578,-0.05956891593403706
Mardin,2007,3,2007-03-01,-0.7651467133916494,0.344403365751574,0.7578929625211632,-1.1380085165354101,-0.25005558153623497,1.1348968041986283
Mardin,2007,4,2007-04-01,-0.5589545965751463,1.4113351097378832,0.7545802420580763,-1.728270724640054,-4.940509811750968e-5,1.9659053841824679
Mardin,2007,5,2007-05-01,0.5432241878796484,-0.3108082762670593,0.15163418352960473,-1.2712792209867978,0.5070824827269291,1.09824272150823
Mardin,2007,6,2007-06-01,1.0615128101404883,-0.69342110126011,-0.9040268361298814,0.6096564870116666,1.4974568527110255,-0.5496305826982728
Mardin,2007,7,2007-07-01,1.4697736720091161,-0.9451905994438518,-1.3547827702761899,1.404837245787892,1.320411533287658,-0.5685587108243135
Mardin,2007,8,2007-08-01,1.430607210160458,-0.9126839010396565,-1.3057610408754226,0.692253397822583,0.9563094156126095,-0.5682520619634261
Mardin,2007,9,2007-09-01,0.9562689557094601,-0.9596806590599509,-1.3619296481276937,0.6680295649912025,0.576583882160564,-0.5679454131025388
Mardin,2007,10,2007-10-01,0.38458533357372615,-0.7989709700376663,-0.7216185781018225,0.07470931589004114,-0.4276139651165568,-0.5676387642416514
Mardin,2007,11,2007-11-01,-0.5823784006212577,-0.29501757615688073,0.05372250961487843,0.7742886946604106,-1.0343562422913688,-0.5661299418190812
Mardin,2007,12,2007-12-01,-1.2322069886130202,0.0015227413692383556,0.7988907201117722,0.6828882235448936,-1.2745630391459741,-0.5389747500806068
Mardin,2008,1,2008-01-01,-1.5790904396650074,0.05427201723944795,0.6031038528797588,0.7252895789818814,-1.07967877285704,-0.5286499882056945
Mardin,2008,2,2008-02-01,-1.327535367653897,-0.03643697327992078,0.8018295612158141,0.5500324031179067,-0.8066759451886948,-0.27468471782969467
Mardin,2008,3,2008-03-01,-0.4336174549548356,-0.4040878931893959,0.24586643795825636,-0.6983741623602828,-0.1608035315078502,0.31148118009137377
Mardin,2008,4,2008-04-01,0.10233047323815088,-0.5085853060406872,-0.31174279384619924,-0.9461859106746814,0.4155474542299391,-0.3522127016173147
Mardin,2008,5,2008-05-01,0.3112961441767065,-0.17625376458915204,-0.4918941030807263,-0.8812753682305461,0.9982699045196021,-0.5510661394752441
Mardin,2008,6,2008-06-01,1.0549676872934488,-0.8977097341220045,-1.188850306734853,1.643503299083702,1.6735562924768488,-0.5651855733545527
Mardin,2008,7,2008-07-01,1.3951880667880483,-0.9593750265379615,-1.461930635114716,1.6504614580528667,1.5312029239917984,-0.5648789244936654
Mardin,2008,8,2008-08-01,1.489133370668819,-0.908972716171058,-1.3779988042265632,0.9077985183185423,0.7120698966201813,-0.564572275632778
Mardin,2008,9,2008-09-01,0.84603517636516,0.19140328623736122,-0.8089897038821946,1.5045074032388779,0.14703162077782003,-0.5618612796485247
Mardin,2008,10,2008-10-01,0.10444703942032411,0.07282408036623396,0.1736004156836261,-0.3098234444058657,-0.3979492961198656,-0.5359082614717334
Mardin,2008,11,2008-11-01,-0.5557768838248189,-0.049275573759852344,0.5103773136550945,-0.6317801539308869,-0.9928213886605864,-0.5227784279528941
Mardin,2008,12,2008-12-01,-1.2644516902809175,0.09265839123598481,0.5841134420370484,1.2293033535000275,-1.2595587575459692,-0.49602396073498084
Mardin,2009,1,2009-01-01,-1.4182430444766332,-0.5410797426108064,0.7871654245835006,0.24600767961357706,-1.1803668739094793,-0.4556448598179935
Mardin,2009,2,2009-02-01,-1.0668423587608773,0.8022071893897825,1.063734836621617,-0.6934047478884342,-1.0805908728201217,-0.28302666711587654
Mardin,2009,3,2009-03-01,-0.8945755751792679,0.6319947424459235,0.973918591965655,-0.9099521449843476,-0.4773131713619501,0.8765760197279818
Mardin,2009,4,2009-04-01,-0.3118339911345606,0.1288065647205276,0.3534283954967881,-1.8378521581961937,0.39413149288767657,1.7712997984810201
Mardin,2009,5,2009-05-01,0.33623834115512347,-0.7792331623251507,-0.3699066780961204,-0.9319302098903767,1.1023973036367072,-0.13624299504901075
Mardin,2009,6,2009-06-01,1.0241625972709472,-0.624684257749044,-0.9876452378171275,0.005875575690598153,1.0532412932717654,-0.5615057870239046
Mardin,2009,7,2009-07-01,1.3396856857036203,-0.9398218245220475,-1.165241707444533,1.4479072029595068,1.2287517787966908,-0.5611991381630173
Mardin,2009,8,2009-08-01,1.210595807487405,-0.9566014016872776,-1.3801898717299599,1.5579865148767824,1.1257851246039705,-0.56089248930213
Mardin,2009,9,2009-09-01,0.6576700321469463,-0.5477001106903847,-0.821137901398927,1.3898843597502748,0.3387243816837555,-0.5605858404412426
Mardin,2009,10,2009-10-01,0.33961857071982415,0.46789176291110585,-0.506106332502733,-0.7184194781169828,-0.4691446530253052,-0.5574741199364283
Mardin,2009,11,2009-11-01,-0.6198583459355873,0.46812768564484397,0.8265129193986367,0.1316556231376959,-1.0418255335584312,-0.1897030857211046
Mardin,2009,12,2009-12-01,-0.9417735325127427,1.3176717498874366,1.4483029122253612,0.03263511544069526,-1.5843659187125634,-0.3917623197435219
Mardin,2010,1,2010-01-01,-1.156424050525804,1.9278253327928174,1.4962978739353225,1.9188847963183544,-1.4705222103202689,-0.37662886362187753
Mardin,2010,2,2010-02-01,-1.0051875987127281,-0.12406670642661606,1.3401467202046287,-1.1578082393638514,-1.1140143895539558,-0.11905707256082865
Mardin,2010,3,2010-03-01,-0.5819098327064687,0.33382748945178947,0.9473266922807635,-0.989182123824742,-0.3096430960797349,1.4556962175842256
Mardin,2010,4,2010-04-01,-0.21566345082025357,-0.1655468693307341,0.5002107502618595,-1.3914500083730372,0.36063181829723634,2.2169787309904505
Mardin,2010,5,2010-05-01,0.4098929786928608,-0.33869302315372557,-0.02252864545484923,-1.3751171991358626,0.8733770724402518,0.5126032693848463
Mardin,2010,6,2010-06-01,1.0758997752451709,-0.6265471159507969,-0.9420473157584668,-0.032597233802780144,1.331030511070969,-0.5538187554876466
Mardin,2010,7,2010-07-01,1.5091958602698117,-0.9366973810292754,-1.375504227584685,0.3249327397342634,1.4371785908884633,-0.5575193518323692
Mardin,2010,8,2010-08-01,1.5062184731408021,-0.9517167340670258,-1.5406692583909118,1.4577011717980755,1.046593192754884,-0.557212702971482
Mardin,2010,9,2010-09-01,1.0630902877259958,-0.9479603630783289,-1.1350138644787386,0.27287558305921805,0.31206622121176936,-0.5569060541105946
Mardin,2010,10,2010-10-01,0.21644607246665185,-0.03182115267942968,0.054854479350940684,0.08216397728633504,-0.41789783014844795,-0.5549965071674633
Mardin,2010,11,2010-11-01,-0.3148185695116902,-0.9618636813186013,-0.7980174047869872,-0.4445310835464559,-0.7301397230814348,-0.5562927563888198
Mardin,2010,12,2010-12-01,-0.8763736448893751,0.14848692447886802,0.43756928042829163,0.42113501360849553,-1.3061625413867088,-0.5503759642400785
Mardin,2011,1,2011-01-01,-1.2677636943389876,-0.11531077190931724,0.8137977136489785,-0.4719233849709075,-1.2276155428263194,-0.5288309157894582
Mardin,2011,2,2011-02-01,-1.205337545549503,0.3898161047231212,0.8294063515989544,0.041215756651178985,-0.8938322437892652,-0.3858663376088551
Mardin,2011,3,2011-03-01,-0.8001845828248072,-0.26856516690838284,0.377348191286807,-0.4427669938696096,-0.049840439591950274,0.4727922342936928
Mardin,2011,4,2011-04-01,-0.3514869548990981,3.550183629704195,0.8847648197552259,-1.6148591004262483,-0.19037953139623748,1.7930854538825123
Mardin,2011,5,2011-05-01,0.15056418717530173,0.3356635542845586,0.560220780778711,-1.8709425989771264,0.7647783811209791,2.774766453597286
Mardin,2011,6,2011-06-01,0.8628854665171295,-0.6732956894032771,-0.479650665729668,0.5319154830333772,1.487849320139332,-0.21673616805024706
Mardin,2011,7,2011-07-01,1.4791168534463688,-0.9441342823013804,-1.3187618495408209,0.46227222163078147,1.218304551555991,-0.5538395655017212
Mardin,2011,8,2011-08-01,1.3643707802144374,-0.9620873422182634,-1.2692569353443803,0.831031722761591,1.0375217648471335,-0.5535329166408338
Mardin,2011,9,2011-09-01,0.8530598252280913,-0.7450504811166349,-1.0366627323999735,0.514138327017687,0.30491081851901086,-0.5532262677799464
Mardin,2011,10,2011-10-01,-0.011181968429185164,-0.46464555142574454,-0.2210003768018433,0.016469589741996714,-0.4079666444804345,-0.5529196189190592
Mardin,2011,11,2011-11-01,-1.049260006956172,0.48288432257987257,0.49591712599053067,1.1612195266938001,-1.0510274160632842,-0.5193528348516089
Mardin,2011,12,2011-12-01,-1.308079191272773,-0.018837001705957094,0.6833728093041451,0.40206321830613184,-1.2883207654518618,-0.4966056128393055
Mardin,2012,1,2012-01-01,-1.4399625019695166,1.049268225032005,1.3758305917680522,0.4534883012738253,-1.547392600399329,-0.4670460739774652
Mardin,2012,2,2012-02-01,-1.4947260794620678,1.4100567232111252,1.1286616034409844,1.1974066814685327,-0.9054161820747884,-0.19905544538183031
Mardin,2012,3,2012-03-01,-1.2271193231740452,-0.02370327657509421,0.9145876495779016,-0.11442527923984099,-0.29966896257725034,0.6892567410422317
Mardin,2012,4,2012-04-01,-0.14497897029211645,-0.26197772311482675,0.45803349788351494,-1.766780217708432,0.500210655160575,2.559744727361303
Mardin,2012,5,2012-05-01,0.3625094259400755,-0.18194497326868497,0.1293844014137603,-1.1410450092309974,0.722172929255999,0.16692453943190214
Mardin,2012,6,2012-06-01,1.1081510190046955,-0.8180300726187822,-1.0182543673245805,0.6037828085126723,1.4784282212125406,-0.5476613563880334
Mardin,2012,7,2012-07-01,1.4600546421360203,-0.8867362615446573,-1.3382871715889924,1.0282387612357753,1.2955187468304985,-0.5501597791710731
Mardin,2012,8,2012-08-01,1.3859545808398603,-0.9624833469804501,-1.3201741695864426,0.8044401545169749,1.0143488499419842,-0.5498531303101857
Mardin,2012,9,2012-09-01,0.9679118375919524,-0.9332037261433006,-1.283150019325739,0.2845128893322126,0.4304097090580886,-0.5495464814492984
Mardin,2012,10,2012-10-01,0.2302983261128562,0.7427655659509117,0.005475760247083991,-0.444764854564899,-0.5822146365467464,-0.5151782483407261
Mardin,2012,11,2012-11-01,-0.4255324799091645,0.49979718840456716,0.8213832314655198,-1.6233239658518765,-1.1266868107732866,-0.34456367824141404
Mardin,2012,12,2012-12-01,-1.220457391332396,2.572403650557491,1.4238820713249931,1.0146523501531002,-1.5234029163636618,-0.40476643198523754
Mardin,2013,1,2013-01-01,-1.5219867981780582,1.80048792270356,1.6484659763286311,0.7667904700190863,-1.3628265361232788,-0.4309076014813762
Mardin,2013,2,2013-02-01,-1.0504057420359918,1.1470939527665813,1.4611192042272882,-1.192303168452562,-1.0103722786924554,-0.08597786493802943
Mardin,2013,3,2013-03-01,-0.7941162758659169,-0.11797790146952049,0.8979614363037688,-0.7892212751067482,-0.13229983366388226,1.2118747814993738
Mardin,2013,4,2013-04-01,-0.20941719662605335,0.17210826092250708,0.5984810986503127,-1.4260559436337512,0.4913670866463801,3.28512937522231
Mardin,2013,5,2013-05-01,0.32273187263929454,1.436185107186519,0.4360843140692971,-2.0083471924196066,0.6384668018742082,2.454734092960247
Mardin,2013,6,2013-06-01,0.9029530900751656,-0.8697659477657876,-0.7025400383247662,0.46740255531114583,1.5832248677308431,-0.23983165895158684
Mardin,2013,7,2013-07-01,1.366699681596348,-0.9637020158522018,-1.3397685614237442,2.1085577700909393,1.5419077937353909,-0.5464799928404249
Mardin,2013,8,2013-08-01,1.3200631418784132,-0.9637594638063768,-1.3717557829225555,1.550881244736063,1.09001532103385,-0.5461733439795375
Mardin,2013,9,2013-09-01,0.7094263069655187,-0.9523754549319351,-1.065967639831088,1.3603200344220245,0.47349945226124635,-0.5458666951186503
Mardin,2013,10,2013-10-01,0.01296518244862791,-0.7987066624195683,-0.9985989810846144,1.5725178628951086,-0.22598016501272217,-0.5455600462577629
Mardin,2013,11,2013-11-01,-0.4466725027949175,0.2908146245360609,0.5484647295814409,-1.120974705338351,-1.1640514965864897,-0.5256178958893866
Mardin,2013,12,2013-12-01,-1.5908957444350005,0.32860199532269485,0.9678747840104432,1.8032041688488114,-1.4223709656118397,-0.5148924094939132
Mardin,2014,1,2014-01-01,-1.2547692605569951,-0.005898036852583144,1.0743351059968582,0.02882838143724627,-1.275337171969569,-0.3959713025469701
Mardin,2014,2,2014-02-01,-1.0738531491183414,0.1442503074048249,0.39186952089171995,-0.466165465177558,-0.5443906507313709,-0.01577780819425543
Mardin,2014,3,2014-03-01,-0.6424966239278264,0.33547054797008763,0.6398485218671085,-0.8353642530012264,-0.2930912238088954,1.0985430078262102
Mardin,2014,4,2014-04-01,-0.16825321290209794,-0.05917047522740617,0.3327711099366835,-1.259389347262443,0.4852778939461087,0.5226077961203804
Mardin,2014,5,2014-05-01,0.4347098928593303,-0.3030189648374906,-0.23916807428194953,-1.2152835099585428,0.7968935243989816,-0.35507297956788186
Mardin,2014,6,2014-06-01,0.9422035202384894,-0.6606952813579152,-1.0194897613495524,0.5237290167097822,1.5057440309503436,-0.5427061308501032
Mardin,2014,7,2014-07-01,1.4159667119726211,-0.944442184524201,-1.2452924707427793,0.660729115760325,1.4570838655550258,-0.5428002065097768
Mardin,2014,8,2014-08-01,1.4251674349834427,-0.9342316584014125,-1.3756077981610786,0.7828400643852056,1.07010982384761,-0.5424935576488895
Mardin,2014,9,2014-09-01,0.7860396812279496,-0.3475477305290911,-0.7458377064433148,0.9208929316476651,0.363899039457098,-0.5405840107057582
Mardin,2014,10,2014-10-01,0.05243950570215154,0.18339576663971335,0.4619764226881631,-0.2783706211403187,-0.6114925080095841,-0.5234469319813089
Mardin,2014,11,2014-11-01,-0.7647052255793022,1.064330494489023,0.5610002286786702,0.12111968541450252,-1.085421420300455,-0.4770569632559066
Mardin,2014,12,2014-12-01,-1.0080517233960797,1.1041714600910495,1.5497786368515754,-0.9109542489573692,-1.5719843477711095,-0.33569528315754754
Mardin,2015,1,2015-01-01,-1.4052169590975703,0.3117197840831909,1.3662978823843634,0.7782773808332353,-1.2745633543821837,-0.32336689867983015
Mardin,2015,2,2015-02-01,-1.179726991657426,1.0219127715669905,1.4059169219443304,-0.45768266391294793,-1.0919272982171888,-0.11628639720946717
Mardin,2015,3,2015-03-01,-0.8426925301272424,1.4724727002475646,1.0399993939108085,-1.3492371079038994,-0.4473907708544963,1.0649554137446853
Mardin,2015,4,2015-04-01,-0.4202521212891029,0.1677958031431743,0.7914386806413757,-1.7174654869335915,0.3339175897695793,3.0624730730815934
Mardin,2015,5,2015-05-01,0.2959067274679226,-0.45068705493212813,0.10434447999393644,-0.9591316155744121,1.0024398498175042,1.3424693551741107
Mardin,2015,6,2015-06-01,0.9457775280849577,-0.8567695349582385,-0.6767981179088157,-0.1363783560099236,1.3811278274186785,-0.5137806997241121
Mardin,2015,7,2015-07-01,1.4899666052101987,-0.963613913312836,-1.4228645195506688,1.1169069704084114,1.4013657504760004,-0.5391204201791288
Mardin,2015,8,2015-08-01,1.426443923081881,-0.9580973181966591,-1.1952909086238035,0.9337151375777828,0.967487067566869,-0.5388137713182414
Mardin,2015,9,2015-09-01,1.099836397675075,-0.9285243266715961,-1.2851279331020797,0.4224105453668038,0.26091801368963424,-0.538507122457354
Mardin,2015,10,2015-10-01,0.2375489605247747,0.48517157042817216,0.19031923444778956,-0.5801858790714318,-0.6509595191708748,-0.5281823605824417
Mardin,2015,11,2015-11-01,-0.6355826442886996,-0.3201884158478695,0.3379952195051249,0.17589206040507227,-0.927758528321374,-0.47658297308974645
Mardin,2015,12,2015-12-01,-1.2231877853340498,0.12479746976235312,0.6812825292807937,0.6581500011443024,-1.1665666410998137,-0.47787922231110314
Mardin,2016,1,2016-01-01,-1.561785099589864,1.5103297808224503,1.4749524269133631,0.2989954814649299,-1.4107201346201548,-0.3874095563239909
Mardin,2016,2,2016-02-01,-0.9635759880385495,0.47790088210155424,1.240303548065559,-0.25162801547514346,-0.8546572333764899,0.16749982899331944
Mardin,2016,3,2016-03-01,-0.7443991903736129,1.3072023688781322,0.8077217665177974,-0.8975711170211665,-0.18475062003186926,1.3627669981671073
Mardin,2016,4,2016-04-01,-0.11290959397020871,0.10403172979172583,0.2676576792887281,-1.3798493856750427,0.679766545422491,3.0661528594122416
Mardin,2016,5,2016-05-01,0.27527517206738905,-0.26303244874192283,0.10876700438131591,-1.0940079141874859,0.8195074053930375,0.12153500667034461
Mardin,2016,6,2016-06-01,0.9601517619600746,-0.7216282819045048,-0.79412507577619,0.41880984237783986,1.3116435655818262,-0.53254148654488
Mardin,2016,7,2016-07-01,1.4432839379126063,-0.9534485733101458,-1.3172600790443563,1.6949051467210121,1.4024835067706392,-0.5354406338484806
Mardin,2016,8,2016-08-01,1.5140657230222583,-0.9546795040159737,-1.3558306933842144,0.7822953384917487,0.8570397056961077,-0.5351339849875933
Mardin,2016,9,2016-09-01,0.7206996933952756,-0.8840346161830562,-0.9775270821296106,2.3280998323637636,0.4647389132601009,-0.534827336126706
Mardin,2016,10,2016-10-01,0.25753203017820947,-0.4443294029552721,-0.8030046451801809,-0.31952212092194715,-0.30254965322687066,-0.5345206872658186
Mardin,2016,11,2016-11-01,-0.7516868167596825,0.18665349879194992,-0.003326143286417627,-0.31171172101932737,-0.854637203663185,-0.49494303538995327
Mardin,2016,12,2016-12-01,-1.5284983586940075,1.7490883346637356,1.3879386565547904,1.3324012711177533,-1.4630418512563892,-0.471394364336528
Mardin,2017,1,2017-01-01,-1.536089617448158,-0.04581098194369263,1.2666830440553625,-0.21788528261464515,-1.2481231552699308,-0.3468631141017308
Mardin,2017,2,2017-02-01,-1.4177802465672764,-0.7206210120983387,0.7315214130373925,-0.006127897985322783,-0.5988712896484171,7.024504442090173e-5
Mardin,2017,3,2017-03-01,-0.7727519186978526,1.528887974866274,0.8973207106674369,-1.625005523483852,-0.4158774758102525,1.2057562517527942
Mardin,2017,4,2017-04-01,-0.3913414879828838,1.290906899014455,0.667955016723616,-1.6763005389073475,0.2846884071301371,2.9472109424512234
Mardin,2017,5,2017-05-01,0.22987936692374797,0.030235605097051817,0.1383151381436999,-0.8799667482799779,0.8983983018654065,1.4576238238663153
Mardin,2017,6,2017-06-01,0.961650050689926,-0.943519156041194,-0.9278194152794973,0.0197889862131925,1.6226629948135178,-0.4835798293908389
Mardin,2017,7,2017-07-01,1.5107867466168212,-0.9649926642130361,-1.5519083318411386,0.6170493211492919,1.468906625105063,-0.5317608475178325
Mardin,2017,8,2017-08-01,1.4162224383846589,-0.9635832587276449,-1.3640313717837962,1.0865737797063049,1.0579858509051128,-0.5314541986569452
Mardin,2017,9,2017-09-01,1.0439344452007693,-0.9662810428730391,-1.474439988937857,0.4993194807785616,0.41040371839982415,-0.5311475497960578
Mardin,2017,10,2017-10-01,0.06938868659140854,-0.5799692948454664,-0.6887028783517514,1.192431854818594,-0.36742513638652435,-0.5308409009351704
Mardin,2017,11,2017-11-01,-0.6283373292621709,-0.3966700628538612,0.551657773308278,-0.6874212810629879,-1.0800102514848042,-0.5301335275537222
Mardin,2017,12,2017-12-01,-0.9765390293499128,-0.3958473987442964,0.6484679889536071,0.2906403556688522,-1.3177277919456607,-0.5230145618432979
Mardin,2018,1,2018-01-01,-1.2397764403950786,0.7975271117326225,1.0300265544515639,0.448846214416552,-1.3757244601649676,-0.47381952147396855
Mardin,2018,2,2018-02-01,-0.918035237023741,0.6261411820371104,1.0404819402726861,-1.2947522165956462,-0.9944730132049389,-0.15934484849325775
Mardin,2018,3,2018-03-01,-0.48952707135691037,-0.5286232935436097,0.6060945382023003,-0.9522582080988522,-0.25796666134635904,0.839968030126201
Mardin,2018,4,2018-04-01,-0.04235484588686013,-0.025256641038650652,-0.0703650670828704,-1.4241591900924195,0.5449295854696699,0.05365244512584654
Mardin,2018,5,2018-05-01,0.33382234540204087,2.0080381489338976,0.45034518307650606,-2.139801079054243,0.4438402633873758,1.0148964942920105
Mardin,2018,6,2018-06-01,0.9190068750804684,-0.7611452222334274,-0.4207206218884985,-0.584371275816145,1.3700127413507917,-0.2951660390815702
Mardin,2018,7,2018-07-01,1.3887127892267777,-0.9548273242103459,-1.2281761551381227,0.6611436185618619,1.4371352425185724,-0.5280810611871845
Mardin,2018,8,2018-08-01,1.4018996462266666,-0.9598720738590463,-1.2702649587714758,0.9923042549814016,1.0695077530941743,-0.5277744123262971
Mardin,2018,9,2018-09-01,0.958187664810311,-0.910936616931709,-1.1868731875559866,0.1142854022865071,0.37566013215148325,-0.5274677634654098
Mardin,2018,10,2018-10-01,0.2366703925495382,1.084513354300031,-0.08277568145074411,0.532675404836193,-0.7738747481874519,-0.44621476145120054
Mardin,2018,11,2018-11-01,-0.6355311143331532,1.7697698333112037,1.1809580280649836,-0.9388039284613835,-1.325508012914602,-0.24033643354252054
Mardin,2018,12,2018-12-01,-1.110131972361909,3.35127376389735,1.7629924818752116,0.7272668006670776,-1.6487258498428206,-0.3834891630424709
Mardin,2019,1,2019-01-01,-1.4843533974649057,1.2251589406358654,1.7744918919869854,1.0208285723753487,-1.461666189143907,-0.41964844555263453
Mardin,2019,2,2019-02-01,-1.234249388930286,0.9868844940961325,1.3521841098084284,-1.0431658986407413,-0.9300336841998522,-0.11879840627099773
Mardin,2019,3,2019-03-01,-0.9439253332843722,2.685736699847578,1.3305228062421504,-0.7006181774800746,-0.6282167242088406,0.5162558831585127
Mardin,2019,4,2019-04-01,-0.5462292958308645,2.6965339673461934,1.2331652117462195,-2.483666769685039,0.07090748231697686,1.798880997814598
Mardin,2019,5,2019-05-01,0.26893528665831185,-0.2970779800747673,0.4288720223207773,-1.4535181723731863,1.1230331810325707,4.597046249232382
Mardin,2019,6,2019-06-01,1.0318156014389088,-0.9440177948776545,-0.43030995325814536,-0.5016253454803895,1.4093707495802477,0.17054911945591023
Mardin,2019,7,2019-07-01,1.2897709637260495,-0.967251527176976,-1.2475202828879166,0.9398548317727529,1.4931112226201675,-0.5244012748565363
Mardin,2019,8,2019-08-01,1.4149776018832911,-0.9476531390409635,-1.341626949680459,1.3913318352683584,1.007727718299803,-0.5240946259956489
Mardin,2019,9,2019-09-01,0.8322886927577912,-0.963845974830367,-1.2416951589280825,0.8792752657631556,0.4531795730286784,-0.5237879771347617
Mardin,2019,10,2019-10-01,0.3325783292860877,-0.01338239394561798,-0.43384127095502856,-0.3586900517676288,-0.4212946254179968,-0.5210769811505083
Mardin,2019,11,2019-11-01,-0.6054592546386203,-0.4320798135519983,-0.11013955488147403,-0.6773380611980612,-0.8765032404886419,-0.500734106261571
Mardin,2019,12,2019-12-01,-1.1001613180038496,2.4009434716720652,1.3339529459691712,1.0270333781162824,-1.5710387388458396,-0.34614851698469884
Mardin,2020,1,2020-01-01,-1.4497440408909532,1.4398036501140892,1.3606122790451898,0.7896991801014238,-1.3967478026537175,-0.3438382455210065
Mardin,2020,2,2020-02-01,-1.4238725544172988,0.8999441363995372,1.3902639214107921,0.6304668996799067,-1.1221068186426344,-0.1800359922712315
Mardin,2020,3,2020-03-01,-0.7111392050019518,2.8628299612729062,1.1722328506865929,-0.8941487050427288,-0.5575803567105594,0.9599311930651379
Mardin,2020,4,2020-04-01,-0.39741981604359733,1.0688107567292184,0.9557218855776604,-2.1988896063007277,0.3464310038821467,2.6573061865018577
Mardin,2020,5,2020-05-01,0.15972995080777877,0.37786533873934347,0.43629935215624954,-0.4589245750597171,0.9594902812295281,3.840150895538254
Mardin,2020,6,2020-06-01,0.8371908667596465,-0.94881435995854,-0.6534241823282125,-0.3551618724139363,1.4667654768492642,-0.11950216778465428
Mardin,2020,7,2020-07-01,1.4755709299483533,-0.9485784372248018,-1.3289989554563062,0.5703616173613579,1.2128441240429197,-0.5207214885258882
Mardin,2020,8,2020-08-01,1.3009386862349903,-0.9630110488867261,-1.4119017747991771,1.226376444886268,1.089112170399761,-0.5204148396650009
Mardin,2020,9,2020-09-01,1.1194902580232606,-0.9668823157837733,-1.3839242532024627,0.9651293689150413,0.32771928658629584,-0.5201081908041135
Mardin,2020,10,2020-10-01,0.4350147374378037,-0.9684066171775146,-1.260255002727651,-0.4770228499077456,-0.30052919133749756,-0.5198015419432263
Mardin,2020,11,2020-11-01,-0.6068799459165114,0.06566760976251036,0.49753516036388445,0.14359891296895883,-1.1672705011827536,-0.5154876478767288
Mardin,2020,12,2020-12-01,-1.1575155251146945,-0.018293854934853627,0.780130936580536,-0.25385631689629506,-1.3680719537317192,-0.49714839559059654
Mardin,2021,1,2021-01-01,-1.3002900837973168,0.8421049247605286,0.8698458854919021,0.7209968833801834,-1.270436356918753,-0.44594973261846227
Mardin,2021,2,2021-02-01,-1.0733406263533012,-0.45699792927350985,0.7082308608351356,-0.21030493187696717,-0.5804876366733205,0.01679301296981824
Mardin,2021,3,2021-03-01,-0.8516686488925624,0.35704828173157926,0.5942214024645697,-0.3086307557878749,-0.2789040636622311,0.5356371914366389
Mardin,2021,4,2021-04-01,-0.06559028977086144,-0.8085709093019313,0.04720599730524861,-1.2878156204658928,0.5306158694243243,0.1949272733001156
Mardin,2021,5,2021-05-01,0.6711060419797085,-0.8925323739992952,-0.9950617437991721,-0.13659867878375132,1.2528269616745429,-0.5108426830674778
Mardin,2021,6,2021-06-01,0.9897625874457826,-0.9688662008109146,-1.2472151373514329,0.14718738809958914,1.6524608065474642,-0.5173483510561274
Mardin,2021,7,2021-07-01,1.4914423180855065,-0.9642297177584775,-1.3399024488066849,1.2446128873348077,1.3295682783131892,-0.51704170219524
Mardin,2021,8,2021-08-01,1.3980707113618838,-0.923215269404798,-1.3056631542485435,0.6703928615069719,0.9376071253505958,-0.5167350533343528
Mardin,2021,9,2021-09-01,0.7626675342470951,-0.9546633809656905,-1.0431829650567606,1.4534918517559752,0.4794735981903484,-0.5164284044734654
Mardin,2021,10,2021-10-01,0.1510472437043517,-0.5530963571666289,-0.7236497244808782,0.27393010407669593,-0.3434355895713245,-0.5161217556125781
Mardin,2021,11,2021-11-01,-0.48304396175104286,-0.49623989166563365,0.494108951726548,-0.681241619005724,-1.0765122862321872,-0.5158151067516907
Mardin,2021,12,2021-12-01,-1.199647094550752,-0.4487712881778625,0.6277901938217041,0.23390458410925827,-1.4106774055966997,-0.5143062843291204
Mardin,2022,1,2022-01-01,-1.611501390936367,0.833787911424684,1.3847229474582476,1.1455916916708042,-1.4491125598409555,-0.49917282820747605
Mardin,2022,2,2022-02-01,-1.0965447851016725,-0.12001764293546115,0.933805340542137,-0.14520898288996015,-0.7329078043542856,-0.09934383234727248
Mardin,2022,3,2022-03-01,-1.166897476902485,1.7293337257154813,0.974078513089996,-1.1217905737922553,-0.6307963980250495,0.5761836336588989
Mardin,2022,4,2022-04-01,-0.11952018807692427,-0.4930066831815498,0.20406778823506014,-1.6339975387563028,0.45482319846526115,1.629193598033532
Mardin,2022,5,2022-05-01,0.11997341033328861,0.8423592402453816,0.12825067259373832,-1.0069087711492626,0.8391976293596953,0.8653185861845931
Mardin,2022,6,2022-06-01,1.0204831093642586,-0.9000267232255751,-0.8682000768959658,0.04033477665131414,1.2953219738210808,-0.4936323386974294
Mardin,2022,7,2022-07-01,1.4020421046530984,-0.9696130242151898,-1.4278890165917972,1.1007128611910277,1.4412623289898745,-0.513361915864592
Mardin,2022,8,2022-08-01,1.4226990395222647,-0.969963842857278,-1.1402494957528122,1.2122961276967539,0.97479545356846,-0.5130552670037046
Mardin,2022,9,2022-09-01,0.9637916223953514,-0.9585798339828363,-1.2247468249214044,1.534683695683664,0.42882571288742033,-0.5127486181428172
Mardin,2022,10,2022-10-01,0.2873187104404407,-0.4851369916450287,-0.48898964495523695,0.36314303914278984,-0.5093000756483295,-0.512041244761369
Mardin,2022,11,2022-11-01,-0.5861424566319721,1.2019803865898875,0.802193490812186,-0.3109897031777931,-1.2196983137996547,-0.48889329822850464
Mardin,2022,12,2022-12-01,-1.0225726814698728,-0.8323094113547517,1.014245796813042,-0.7537139661554146,-1.30478732060492,-0.3719758138843665
Mardin,2023,1,2023-01-01,-1.2873794366052231,0.017821394263666912,0.6971040482427409,-0.9594651178128063,-1.1798515889036958,-0.4333807411898731
Mardin,2023,2,2023-02-01,-1.4293693232427533,0.6655264252219439,1.0129527171416184,0.22959418599016354,-0.7743278960317668,-0.010309723137131485
Mardin,2023,3,2023-03-01,-0.6592564246651934,1.3176320164989201,1.0396692127046252,-1.053633002964473,-0.6646744051934687,1.076761825485186
Mardin,2023,4,2023-04-01,-0.34806995706839616,0.27493514370106065,0.7958432071152941,-1.5574679540528114,0.27662994281116077,2.3958528715123224
Mardin,2023,5,2023-05-01,0.24083391810376797,-0.6052343679928592,-0.08423147770153759,-0.7537647859420324,0.7818887977596222,0.10601888536709839
Mardin,2023,6,2023-06-01,0.9607801172651046,-0.9605637190099776,-0.726145383366059,0.19301459535003096,1.2026920700640042,-0.5063822577097823
Mardin,2023,7,2023-07-01,1.4370594906904985,-0.9644349859070249,-1.3346510869497448,1.8020353137565939,1.411726548000532,-0.509682129533944
Mardin,2023,8,2023-08-01,1.510760255807893,-0.9577449080391952,-1.3545586885567271,1.1120107846180467,0.9379939673883851,-0.5093754806730566
Mardin,2023,9,2023-09-01,0.9199484216715995,0.09275807742397164,-0.8537516254391208,0.6772073491396001,0.37009240180813785,-0.48903260578411933
Mardin,2023,10,2023-10-01,0.20752288283996048,-0.5345259012887282,-0.06049696474033357,-0.6891455584252671,-0.5337627607056801,-0.508762182951282
Mardin,2023,11,2023-11-01,-0.5035938230204644,2.2298486429636353,0.6492608466786544,0.47109511078757954,-1.1862488859452267,-0.3974548418949978
Mardin,2023,12,2023-12-01,-0.9784844865912076,1.109995279244592,1.2794522151401462,0.04686948924790229,-1.4406001621356377,-0.2404649054947597
Mardin,2024,1,2024-01-01,-1.226499259961586,2.0058919121774768,1.5521583058878576,-0.3468759859658382,-1.5188462217445025,-0.30948359869092523
Mardin,2024,2,2024-02-01,-1.0886631899503034,0.4313139821928983,1.327632877451987,-1.0259579489608288,-0.9507098858806926,0.04185773018139758
Mardin,2024,3,2024-03-01,-0.8695275199235925,2.9697930967520607,1.0864459043377304,-1.490804173856157,-0.3496695861914742,1.0596039367466623
Mardin,2024,4,2024-04-01,0.05773949584501913,0.05627134713141715,0.6044183508789536,-1.886554921854498,0.5431351048565505,4.132265484748731
Mardin,2024,5,2024-05-01,0.21157097020722085,0.22812912229440555,0.43665519516099316,-1.3954737808630233,0.7840813625144286,2.2928458597140713
Mardin,2024,6,2024-06-01,1.2263487973620804,-0.9181276033368305,-0.9638794757277079,0.670498473334504,1.4651989446375713,-0.4001169941155184
Mardin,2024,7,2024-07-01,1.5173367602888137,-0.9111441547810876,-1.1597247277891982,1.142278863774192,1.1885532748273897,-0.5060023432032958
Mardin,2024,8,2024-08-01,1.4771659182224373,-0.9692889989420854,-1.1803269075399607,1.2328067660416069,0.8828347527086472,-0.5056956943424085
Mardin,2024,9,2024-09-01,0.9068842434739344,-0.628156336853153,-0.5827082341167861,0.21913120946845094,0.2058487268890664,-0.5053890454815212
Mardin,2024,10,2024-10-01,0.1217321608149768,-0.8458948352389583,-0.7179319137511325,1.105551879944023,-0.29442445729948735,-0.5050823966206338
Mardin,2024,11,2024-11-01,-0.724035314212651,0.352466976932486,0.5847027016737437,-0.4454365192629859,-1.091981063102726,-0.49756270638964856
Mardin,2024,12,2024-12-01,-1.2196716604262363,0.04877086698809901,0.9207160670045503,-0.12109381031108887,-1.4129991253824683,-0.4772198315007112
Mardin,2025,1,2025-01-01,-1.3029680780908757,-0.693514421386594,0.6167562036412076,-0.09222804617015744,-1.0288625854272175,-0.39236030880145306
Mardin,2025,2,2025-02-01,-1.4295604572835694,0.22203804763647883,0.752110544993881,-0.7258542782417993,-0.8536457785186943,-0.3259341140480006
Mardin,2025,3,2025-03-01,-0.5800252962219129,0.10052513488621881,0.343819436039807,-1.084256820626946,-0.20560230469454058,0.17888470619918478
Mardin,2025,4,2025-04-01,-0.2473848486829036,0.3709554611880589,0.3974842693364959,-1.5194111788426978,0.2311324951454204,0.7053426505566642
Mardin,2025,5,2025-05-01,0.4426935937540465,-0.06593094106894294,-0.12732879446164325,-1.1242823405943847,0.9675296259919045,-0.03729396170254124
Mardin,2025,6,2025-06-01,1.0598760032019372,-0.8686505911537652,-1.2267029386046857,1.0360881299382372,1.4894078858904516,-0.5026292057335351
Mardin,2025,7,2025-07-01,1.5201198187138294,-0.9625866592401795,-1.3501766713067507,0.6178783267523638,1.1813305174711277,-0.5023225568726478
Mardin,2025,8,2025-08-01,1.4220087928378504,-0.9720319692075784,-1.2398961695295454,1.7551586225815279,1.0176586814481392,-0.5020159080117604
Mardin,2025,9,2025-09-01,0.8298944031067039,-0.9712093050980136,-1.1388651333670128,1.8590717206861544,0.44098954498881726,-0.501709259150873
Mardin,2025,10,2025-10-01,0.15109990812771387,-0.5640682382286002,-0.25913448713260295,0.069806782848926,-0.31837123429595754,-0.5014026102899857
Mardin,2025,11,2025-11-01,-0.4168225193385452,-0.055714284029116067,-0.3500103589215766,-0.33471703358204663,-1.023613257994372,-0.4790561127982434
Mardin,2025,12,2025-12-01,-1.1861294578336092,2.3525082450965638,1.1175518367439017,-0.10407069549063337,-1.4395254426833408,-0.3801712318793502
Sanliurfa,1990,1,1990-01-01,-1.4818254629453245,0.44506199253309386,0.9083526319888708,-0.41724084148786966,-1.150406033502055,-0.3448661038165326
Sanliurfa,1990,2,1990-02-01,-1.1515551976008969,0.7844162327633225,1.1503171485946058,-0.4686863896660728,-0.8924021784109788,-0.006142211753940316
Sanliurfa,1990,3,1990-03-01,-0.647559705876137,-0.46276681436890604,0.3230785962043361,-0.20718367009791966,0.12327425389409885,1.002632483073975
Sanliurfa,1990,4,1990-04-01,-0.15684082306547778,0.009281742444960085,0.29822733582280575,-0.25191255379474775,0.2252200137898572,0.39329574562613107
Sanliurfa,1990,5,1990-05-01,0.5065740391684089,-0.6346926428376269,-0.7634245015162348,-0.05019713361515802,0.8887149709725699,-0.33101454728918106
Sanliurfa,1990,6,1990-06-01,1.0670402089012923,-0.5815872776830212,-1.3028678533858724,1.8601372052967173,1.2488860448596317,-0.4003525365168674
Sanliurfa,1990,7,1990-07-01,1.528037836059572,-0.6887001594077868,-1.2125341803497192,2.0981175593295527,1.228380375364028,-0.40089487370254434
Sanliurfa,1990,8,1990-08-01,1.2893799628381792,-0.6865864966958022,-1.3441310022732034,1.5412373929876493,0.944914310897711,-0.40143721088822126
Sanliurfa,1990,9,1990-09-01,0.8715460538021373,-0.6905570712070846,-1.1542519361657533,0.31047809806869126,0.3877401937969266,-0.40197954807389813
Sanliurfa,1990,10,1990-10-01,0.3165304923455044,-0.5351785755851768,-0.7999300453418132,-0.5785063080479731,-0.5072247256020133,-0.402521885259575
Sanliurfa,1990,11,1990-11-01,-0.35534359352711775,0.043488995426896646,0.2690001291912458,-1.3681110363532498,-0.9568854832431937,-0.39646737909875784
Sanliurfa,1990,12,1990-12-01,-0.9859748877905293,-0.3915932451901809,0.6767285488005386,-1.1155657414069977,-1.228856915812973,-0.4036065596309289
Sanliurfa,1991,1,1991-01-01,-1.2770934368826532,0.5466237731587822,0.8411373371808943,-0.9795792853494961,-1.1735531890245317,-0.4032064906242495
Sanliurfa,1991,2,1991-02-01,-1.2375604402635865,0.09415799761808386,0.6793506326977898,-0.41538440882855693,-1.0046102471263763,-0.3368379881526294
Sanliurfa,1991,3,1991-03-01,-0.608447067245265,1.1540597604323921,0.6765234195377251,-0.5690330487546119,-0.447455944320548,0.4429320019327065
Sanliurfa,1991,4,1991-04-01,-0.1117574445392199,-0.11832941233908541,0.3783700814710389,-0.45840256270832214,0.15679320430053909,0.5630176573686353
Sanliurfa,1991,5,1991-05-01,0.30744931046760293,-0.049578865753221096,-0.1537079142786273,0.7325101805598468,0.7665088461706383,-0.09720901446644847
Sanliurfa,1991,6,1991-06-01,1.1336204046090623,-0.6668984974862563,-1.1330098599766227,0.8231310716670557,1.2229122709335507,-0.4068605827449903
Sanliurfa,1991,7,1991-07-01,1.3970409185726653,-0.6923087650700043,-1.149730809245657,2.6343412580467263,1.240077870132225,-0.4074029199306672
Sanliurfa,1991,8,1991-08-01,1.3949406373471884,-0.6991765954018904,-1.08866199330741,2.318637643671935,0.8672719897562016,-0.4079452571163441
Sanliurfa,1991,9,1991-09-01,0.8778750771300473,-0.6301363232339656,-1.1661003570024249,0.22097935543940703,0.43671707873197485,-0.408487594302021
Sanliurfa,1991,10,1991-10-01,0.3088032418060805,-0.2754266271545397,-0.17135009427926284,-1.2151436407796636,-0.5761240528825241,-0.40902993148769795
Sanliurfa,1991,11,1991-11-01,-0.4962877959831095,0.25166979025079206,0.4810727440919723,-1.442985870696998,-0.9791753160666796,-0.4095722686733749
Sanliurfa,1991,12,1991-12-01,-1.2748060800954126,0.9928734127987197,1.3695362998546097,-0.2603285595255023,-1.4014838013278406,-0.40257535632020136
Sanliurfa,1992,1,1992-01-01,-1.6461339014701881,0.30167375764029636,1.0721123925547886,-0.24758391119691595,-1.1835434120377404,-0.4002904749288094
Sanliurfa,1992,2,1992-02-01,-1.5931001243276992,1.4461753904162253,1.4830550196022447,-0.07469201362349603,-1.0401467777375801,-0.3358067848419019
Sanliurfa,1992,3,1992-03-01,-1.0627038267508973,-0.43029162095107354,0.823874447710271,-0.6614015368270251,-0.11850660920791087,0.8426010246101471
Sanliurfa,1992,4,1992-04-01,-0.2782040822850804,-0.6156304098321326,0.1068099675454997,-0.5156068412070473,0.5007046596516728,0.8269801883467696
Sanliurfa,1992,5,1992-05-01,0.26357458683744683,9.912124298461571e-4,-0.10793840937806828,-0.5315399915190491,0.5371798257126043,-0.13387405884997278
Sanliurfa,1992,6,1992-06-01,0.8641626211766378,-0.46074578173678327,-0.5771817468524756,0.7823786899895596,0.8737603781381562,-0.4030021608571938
Sanliurfa,1992,7,1992-07-01,1.1821198410413243,-0.7063474916863944,-1.1149027658480783,2.4446766059778016,1.3807981869267891,-0.41391096615879003
Sanliurfa,1992,8,1992-08-01,1.3492246215220618,-0.7085797127053148,-1.3040665954520152,1.5970872950887434,0.9725534722112876,-0.4144533033444669
Sanliurfa,1992,9,1992-09-01,0.8337666924435707,-0.6635866638483987,-1.3335004809435596,-0.1530762692459385,0.29579557111659066,-0.4149956405301438
Sanliurfa,1992,10,1992-10-01,0.39727543261089165,-0.6768284569856124,-0.9480196997236596,-0.7903682753675852,-0.3206413312329274,-0.4155379777158207
Sanliurfa,1992,11,1992-11-01,-0.6712129920583243,0.7249494926599043,0.12915801586656958,0.20593248411685414,-1.0961512065151957,-0.41608031490149766
Sanliurfa,1992,12,1992-12-01,-1.4043816492212897,0.16354689826451604,1.3384313804290346,-0.7725447370858955,-1.3391108955400768,-0.4071985901636116
Sanliurfa,1993,1,1993-01-01,-1.4850437307654973,1.709608187776085,1.3682033535616793,0.206085466553521,-1.2245585307421585,-0.3210395576525093
Sanliurfa,1993,2,1993-02-01,-1.4058156586123818,1.0073989604993685,1.270693294880376,-0.18604407404277332,-0.9814411081595541,-0.042629661900722746
Sanliurfa,1993,3,1993-03-01,-0.8668875313165043,0.32778832862335894,0.7533021135775169,-0.6588325557876902,-0.19805880764915182,1.7690751088147567
Sanliurfa,1993,4,1993-04-01,-0.2439024925004819,-0.12467744691733929,0.5510630006493481,-0.8128869473933271,0.07668982087854465,1.5923028136584527
Sanliurfa,1993,5,1993-05-01,0.1647195243329156,1.929562513528076,0.6587419689339488,-0.3839112750667323,0.5580871732372886,1.852806991755469
Sanliurfa,1993,6,1993-06-01,0.8433202016695306,-0.6376102854710877,-0.5750626342304459,0.6496175520155644,1.4053774039548428,0.04472957763041769
Sanliurfa,1993,7,1993-07-01,1.3956060808730633,-0.7137225299153963,-1.3229005669427765,1.823960463718267,1.3466161847836364,-0.42041901238691287
Sanliurfa,1993,8,1993-08-01,1.4221588904710711,-0.7104499648751701,-1.299114425833678,1.0524390628628464,0.8658810161138465,-0.4209613495725898
Sanliurfa,1993,9,1993-09-01,0.9573935660445155,-0.7187664231173579,-1.3212865675300898,0.345427967105719,0.4618691553841217,-0.42150368675826666
Sanliurfa,1993,10,1993-10-01,0.47670267930005955,-0.6140899043560106,-1.3300862065475891,-1.3002257580432144,-0.35019718613895096,-0.42204602394394364
Sanliurfa,1993,11,1993-11-01,-0.8118901533070921,0.2357608114645469,0.37648901680430796,-0.35823394828046445,-1.042657108085299,-0.4216459549372642
Sanliurfa,1993,12,1993-12-01,-0.9415456821443681,-0.16107765232056498,1.360470702589364,-1.1408805266756885,-1.349567977448776,-0.41747626116115966
Sanliurfa,1994,1,1994-01-01,-0.9875785490743982,1.4991355165227804,1.1895130386356783,-0.7377718749186718,-1.2460504592715338,-0.38503438161436615
Sanliurfa,1994,2,1994-02-01,-1.0618964791272891,0.7094291634638393,1.11462556808745,-0.5518737503175051,-0.8893408106238921,-0.06987064436068412
Sanliurfa,1994,3,1994-03-01,-0.6233914590439342,-0.11591343618852429,0.7649150755069223,-1.019502587002001,-0.1697241595143971,1.0086421087015975
Sanliurfa,1994,4,1994-04-01,0.16388960573744296,-0.4611807463668945,-4.1676213119626424e-4,-0.36495706052914967,0.5218219436676442,0.6952209156536305
Sanliurfa,1994,5,1994-05-01,0.6282984689621938,-0.3904021207066076,-0.5705950819705962,-0.525222681997997,0.9266770727488163,-0.33914101454690276
Sanliurfa,1994,6,1994-06-01,1.0864813956540098,-0.7037996168583398,-1.3874287578283158,2.584311447909272,1.4828609759933047,-0.42638472142935885
Sanliurfa,1994,7,1994-07-01,1.431456078947935,-0.7060318378772602,-1.2453368800773885,2.777083483317466,1.3764362930404055,-0.4269270586150357
Sanliurfa,1994,8,1994-08-01,1.3425889409559655,-0.72448869149156,-1.3337362435994964,2.213716906042461,1.0590168543566227,-0.42746939580071264
Sanliurfa,1994,9,1994-09-01,1.2442493775609818,-0.6942716473197217,-1.5205128452391465,-0.6038347168107236,0.23174364535590283,-0.4280117329863896
Sanliurfa,1994,10,1994-10-01,0.4797647549557239,0.17528040808093925,-0.3144520548171129,-1.4244366270599405,-0.507757261844818,-0.4210148206332161
Sanliurfa,1994,11,1994-11-01,-0.650844130543918,1.4429154132325155,1.1429130286211522,-0.4032516365412422,-1.1744564758275904,-0.39705459681762933
Sanliurfa,1994,12,1994-12-01,-1.4163150827694058,0.8450073954975237,1.486151953109903,-0.5144367486162941,-1.474235721881474,-0.4004241525803751
Sanliurfa,1995,1,1995-01-01,-1.118252432842889,0.5936111739067055,1.7778262799137219,-1.404482567431102,-1.3133370012767156,-0.2567783423355388
Sanliurfa,1995,2,1995-02-01,-0.9279146058569445,0.1017427192058004,1.1840389826087807,-1.1834146173160451,-0.8283472606637129,0.44571433997658094
Sanliurfa,1995,3,1995-03-01,-0.645332193193655,-0.22295407464628522,0.8440595904141363,-0.8394418158841802,-0.2142619407938769,1.268835014910306
Sanliurfa,1995,4,1995-04-01,-0.21221775982996904,0.39772370576453836,0.39993306462151634,-0.9736045472949747,0.09377231225834096,0.9752043519018214
Sanliurfa,1995,5,1995-05-01,0.5647509918805131,-0.4994708382387912,-0.24553411493876956,-0.4949390360626862,0.9067979294947703,0.058643195745825195
Sanliurfa,1995,6,1995-06-01,1.0757865420214054,-0.24964180286521048,-0.8985383510430455,1.3419612687702043,1.2411573653569306,-0.42346870573391876
Sanliurfa,1995,7,1995-07-01,1.3279816342700577,-0.7351362947607881,-1.0701526211009953,2.624568275683572,1.258389456580113,-0.4334351048431586
Sanliurfa,1995,8,1995-08-01,1.420885569630678,-0.7333123576308638,-1.1322462955225938,1.7050387708092145,0.9087567541075107,-0.4339774420288356
Sanliurfa,1995,9,1995-09-01,0.9238534838506259,-0.7254041832776721,-1.0807382328500463,0.7848999364229605,0.37005610202887906,-0.4345197792145124
Sanliurfa,1995,10,1995-10-01,0.1742004160369002,-0.0534449748421672,-0.7226999159517451,-0.3663516850887468,-0.33359287144605015,-0.43506211640018927
Sanliurfa,1995,11,1995-11-01,-0.7621801391489756,0.8326214387359335,0.6655841661995494,-0.8900332209275977,-1.043336475593014,-0.40073542446868327
Sanliurfa,1995,12,1995-12-01,-1.1545676054063407,-0.5542093389493808,1.100533023720072,-1.4187859507686902,-1.261067392850393,-0.4163562607320609
Sanliurfa,1996,1,1996-01-01,-1.2620091822072212,2.340234809471039,1.637661987714935,0.026865840053983348,-1.3390731015832742,-0.37354791306934826
Sanliurfa,1996,2,1996-02-01,-1.0476568217253597,0.6199298868342662,1.2001556463685343,-0.688941560937186,-0.8508872696423013,0.24789783670012994
Sanliurfa,1996,3,1996-03-01,-0.8323431574538677,3.020391917841796,1.5463700718319968,-0.8610494574136757,-0.7026552065311702,0.8429562130836318
Sanliurfa,1996,4,1996-04-01,-0.4211239495244069,0.5160895701497266,1.0376942518056425,-0.6371819611080118,0.10669920211799597,2.8836656885416914
Sanliurfa,1996,5,1996-05-01,0.5169998636293671,-0.603903946458009,0.14014894318018614,-0.5071118980531263,1.0713280499593325,3.6285666495098434
Sanliurfa,1996,6,1996-06-01,0.9422527330658729,-0.7182599677342834,-1.0168410347712673,1.5997803479224095,1.4347289385688307,-0.27447973022325284
Sanliurfa,1996,7,1996-07-01,1.635761416507379,-0.7202024631711434,-1.5496976031332936,0.9949203964662665,1.058854521997904,-0.43994315107128146
Sanliurfa,1996,8,1996-08-01,1.4142243303620254,-0.7221449586080037,-1.2907943744999268,1.0778362176165803,1.0187068255174974,-0.4404854882569584
Sanliurfa,1996,9,1996-09-01,0.8465652291665973,-0.6470204492168116,-0.7674239431028045,0.7471942023049509,0.2629479109623137,-0.44102782544263525
Sanliurfa,1996,10,1996-10-01,0.1318116475114571,0.09389344774905577,-0.31605756469396307,-0.5076630920200116,-0.642033253830778,-0.43968535024359967
Sanliurfa,1996,11,1996-11-01,-0.4637747954200819,0.418761408876266,0.41825157417346664,-1.1635494761498806,-1.0597934016707247,-0.42232196977450687
Sanliurfa,1996,12,1996-12-01,-0.8431698455227622,1.9233919401532056,1.8397354134848318,-0.4237960969649319,-1.6119070512891809,-0.34181737441754234
Sanliurfa,1997,1,1997-01-01,-1.204645138485855,0.09965498472088927,1.0947773113325927,-0.6091818189565157,-1.10799436765248,-0.24434946759816456
Sanliurfa,1997,2,1997-02-01,-1.3517783297452293,0.1449377591598657,1.0215556732233042,-0.9756184331294885,-0.8988272877360718,-0.13839990504758
Sanliurfa,1997,3,1997-03-01,-1.0726546852526926,0.5005166319854725,0.680090607162705,-0.3124426105514917,-0.2234197487884778,0.7667101086211431
Sanliurfa,1997,4,1997-04-01,-0.5033190863911718,0.9769110725302438,0.7860300725308689,0.19828149532287961,0.24466080725739078,2.292865803052665
Sanliurfa,1997,5,1997-05-01,0.4864341291979434,-0.326768463103751,-0.027351240663221595,-1.0293525288737662,1.0354908208230786,1.3301267434712103
Sanliurfa,1997,6,1997-06-01,0.9469461289995369,-0.6401659592554833,-0.7262859322629082,0.8211299273372245,1.183640049409178,-0.42046389292010733
Sanliurfa,1997,7,1997-07-01,1.3134639309746148,-0.754811706113818,-1.3566801828760688,2.688083936160149,1.3658190473047331,-0.4464511972994043
Sanliurfa,1997,8,1997-08-01,1.1438383633786864,-0.7547261224762556,-0.8167270429413127,2.3523314152648647,1.0279002589371558,-0.44699353448508117
Sanliurfa,1997,9,1997-09-01,0.6808863348915051,-0.45245675674975216,-1.0210520199860946,0.11051755799184769,0.42476742038518134,-0.4475358716707581
Sanliurfa,1997,10,1997-10-01,0.18856192716783338,0.6427915270759182,0.2987212247000559,-0.888382029754816,-0.7420848019558137,-0.4367693345481594
Sanliurfa,1997,11,1997-11-01,-0.5431659996109978,0.5116314220401438,0.7230678770726414,-0.9544767579494644,-1.065417786649138,-0.3685160196918269
Sanliurfa,1997,12,1997-12-01,-1.142467330304319,0.8324432250185093,1.4491786167283949,-0.7644172216587494,-1.5136284522664478,-0.4086394169564681
Sanliurfa,1998,1,1998-01-01,-1.4487361607901452,0.7461905852020885,1.4289502422459595,-0.1637678733027531,-1.359350639634095,-0.3780823497943874
Sanliurfa,1998,2,1998-02-01,-1.3067784015962292,-0.031057567828257655,0.9221827074986673,-0.017462127124409664,-0.7047137742089086,0.17927977889486274
Sanliurfa,1998,3,1998-03-01,-0.8716052435799629,1.316251972389914,0.934529413584387,-0.2656481004228329,-0.32075502697611663,0.8016679348566974
Sanliurfa,1998,4,1998-04-01,-0.1413245551921212,0.5830421078327404,0.6483086629165677,-1.0471153313756745,0.2686833768665273,3.2551513225668134
Sanliurfa,1998,5,1998-05-01,0.352529908245294,0.2971685419767411,0.38467303078190274,-0.4665935127029977,0.9002126469474223,1.2463413894698712
Sanliurfa,1998,6,1998-06-01,1.0582557269172872,-0.7130189790301235,-0.5754428727080803,0.3568935348910706,1.559654420082925,-0.17817670436616825
Sanliurfa,1998,7,1998-07-01,1.5507900592254429,-0.7366908931215095,-1.350591238036643,1.4723870092189137,1.391437425502091,-0.45295924352752714
Sanliurfa,1998,8,1998-08-01,1.5682979247078075,-0.756596374646111,-1.4700742990103988,0.431384717779214,1.0532215451101108,-0.45350158071320407
Sanliurfa,1998,9,1998-09-01,0.9782568939424068,-0.7596977724112124,-1.04077438544009,0.01675350877928255,0.49510239242694065,-0.45404391789888093
Sanliurfa,1998,10,1998-10-01,0.3559189520097911,-0.672404788573486,-1.1234057988560269,-0.3999219024541111,-0.23984593318078876,-0.4545862550845579
Sanliurfa,1998,11,1998-11-01,-0.17683204879456102,-0.20991717596761128,0.21275654733791574,-1.2078851392791352,-1.1261258623996853,-0.4551285922702348
Sanliurfa,1998,12,1998-12-01,-0.9297886747686194,1.0000624383539565,1.0768102235093802,-0.8697585315973645,-1.381226712155162,-0.4396500241858547
Sanliurfa,1999,1,1999-01-01,-1.0863959835123895,-0.18540905979941746,1.0405959474803828,-0.8747040949045077,-1.2240628627143249,-0.3751663340989472
Sanliurfa,1999,2,1999-02-01,-1.0339947079818577,1.0602068011155725,1.1155851849875886,-0.15544608948609698,-0.8849149905704129,0.006908242812031898
Sanliurfa,1999,3,1999-03-01,-0.6892917575753518,0.7439120491432372,0.5901541101846851,-0.5136904508896658,-0.3046860352774208,0.6368356483127168
Sanliurfa,1999,4,1999-04-01,-0.14003593465055938,0.14571430582618475,0.561611882757182,-0.9532058909238567,0.5037870003660168,2.048960193469127
Sanliurfa,1999,5,1999-05-01,0.5985779468933493,-0.7088905776142738,-0.6563323377913121,0.3379317291560739,1.2273794299136425,-0.06162960840229579
Sanliurfa,1999,6,1999-06-01,1.0648851716033236,-0.7224220963335478,-0.8847024790438337,1.4123249451169053,1.413207000813649,-0.4589249525699731
Sanliurfa,1999,7,1999-07-01,1.479263649298891,-0.7573933081252874,-1.1094740162370962,1.6147086621805111,1.2767434847457733,-0.45946728975565
Sanliurfa,1999,8,1999-08-01,1.42056786060696,-0.46526433777089604,-1.0548350851431332,0.35022003040942906,0.8514371994859953,-0.4600096269413269
Sanliurfa,1999,9,1999-09-01,0.8827430768653567,-0.7546146106116195,-0.9310814047478227,0.04607402096998125,0.46022576083625505,-0.4605519641270039
Sanliurfa,1999,10,1999-10-01,0.293211362595992,-0.5010191426712542,-0.6426776749863451,-0.6467849054785624,-0.32945681873395344,-0.46109430131268075
Sanliurfa,1999,11,1999-11-01,-0.547765490972013,-0.6003094336803907,-0.1826392410237076,-1.191360546838281,-0.9871994155429438,-0.4616366384983577
Sanliurfa,1999,12,1999-12-01,-0.9894920506011515,0.02384505371515712,0.5290409660989216,-0.9350020284949937,-1.226118653035947,-0.460294163299322
Sanliurfa,2000,1,2000-01-01,-1.436345155341549,2.2513409122326595,1.1365256590114872,0.0689841451556357,-1.4120112083448237,-0.4344491270990226
Sanliurfa,2000,2,2000-02-01,-1.2940827817163632,0.19118788183910157,0.9467052437195084,-0.5511944451196303,-0.7912462311297054,-0.02410236441735462
Sanliurfa,2000,3,2000-03-01,-0.9125794084136625,0.10377633969443933,0.6247334840026507,-0.9044338418847168,-0.15271866327332093,1.1034155106474544
Sanliurfa,2000,4,2000-04-01,-0.090379475450595,0.09401125354194992,0.5455970623211341,-0.46140427920307,0.32593836884128885,0.9973236799178725
Sanliurfa,2000,5,2000-05-01,0.3797804647410189,-0.5800945922749132,-0.2869016129113613,0.03504972261847904,1.1982479921853377,-0.09640984040110752
Sanliurfa,2000,6,2000-06-01,1.0694116667824731,-0.781947739333412,-1.4359069290755206,1.7298583164350507,1.4535880231759757,-0.46543299879809596
Sanliurfa,2000,7,2000-07-01,1.6470406179747894,-0.7366649648944356,-1.7223769413933807,0.7256909767790801,1.491779249358815,-0.4659753359837729
Sanliurfa,2000,8,2000-08-01,1.3786636426591405,-0.7707669999399941,-1.289778011400203,0.34925096912161785,0.9814622034020583,-0.46651767316944975
Sanliurfa,2000,9,2000-09-01,0.8654389533539638,-0.7165027324571471,-1.0090415936767985,0.07234788560119353,0.3942110556403028,-0.46706001035512673
Sanliurfa,2000,10,2000-10-01,0.11140124120227442,-0.1639104638305048,-0.28012088777141586,-1.1637184728084835,-0.6129414710688447,-0.4676023475408036
Sanliurfa,2000,11,2000-11-01,-0.5025152116912404,0.2594641951972233,-0.1506945806087868,-0.9926464303401183,-0.9001112827727171,-0.4672022785341242
Sanliurfa,2000,12,2000-12-01,-1.178021273337918,1.4772664002344202,1.179148597910843,-0.7195608341057128,-1.3767607287450054,-0.4357028051796871
Sanliurfa,2001,1,2001-01-01,-1.1778926219063255,-0.26708574571336136,1.1586182675103054,-1.3772752067712737,-1.201728916122227,-0.27697849585715
Sanliurfa,2001,2,2001-02-01,-1.0961725753540021,1.6338893818221316,1.1598224196013673,-0.5724302726771433,-0.9669543226330571,-0.025898379683696012
Sanliurfa,2001,3,2001-03-01,-0.40681226015927635,0.7847892844408196,0.9091547368805507,-1.3494272152293374,-0.18681578198093057,2.8582646379332477
Sanliurfa,2001,4,2001-04-01,-0.15421552932072707,0.610749793260114,0.6864554461840653,-0.6008680418079368,0.3635125789349709,3.0169889472557845
Sanliurfa,2001,5,2001-05-01,0.2008453434412025,0.6163401629568229,0.22926192605319937,-0.32679965603821326,0.7814539043291236,1.4812669227217024
Sanliurfa,2001,6,2001-06-01,1.001336333747664,-0.7858460705776898,-1.0626295226271247,0.9883769960756028,1.7349601926663893,-0.3343497409421997
Sanliurfa,2001,7,2001-07-01,1.477279654277983,-0.7892371939248516,-1.37593039051482,0.6433469419669134,1.470796621442702,-0.47248338221189573
Sanliurfa,2001,8,2001-08-01,1.3845684150368645,-0.7882824335411082,-1.112142580853337,0.48685523231368755,1.0253729619590748,-0.4730257193975727
Sanliurfa,2001,9,2001-09-01,0.9490764061731517,-0.5636595238067778,-1.083367654320856,-0.42479230048741673,0.41161130255310774,-0.4735680565832496
Sanliurfa,2001,10,2001-10-01,0.23705461299674818,0.0022601215946406153,-0.7652609353450105,-0.977171290757562,-0.3139984304208926,-0.47222558138421394
Sanliurfa,2001,11,2001-11-01,-0.7899982766112684,0.21065839873359185,0.1846997915968234,0.45336519701191674,-1.0774336369970747,-0.46805588760810923
Sanliurfa,2001,12,2001-12-01,-1.1875898160723126,3.5547566505116683,1.6146188582909238,0.11091005148576179,-1.65939654672446,-0.4186506965989026
Sanliurfa,2002,1,2002-01-01,-1.5504541540245935,0.22096996138082856,1.2657203480111738,0.032255273029745374,-1.1059543784480321,-0.3438005383960759
Sanliurfa,2002,2,2002-02-01,-1.0312876144528045,0.31347800569564127,0.9483774998953991,-0.56548085828039,-0.6025995002449044,0.3728282368013882
Sanliurfa,2002,3,2002-03-01,-0.6562333388174283,1.5663370061621398,0.8161488542441223,-0.764850271374503,-0.2987085693643069,1.84055474730682
Sanliurfa,2002,4,2002-04-01,-0.39056020305740585,0.7343307181223885,1.0629998972522363,-0.8219819590070477,0.07483871924051055,2.988805558603467
Sanliurfa,2002,5,2002-05-01,0.21172483508253007,-0.4198504171684679,0.16787260425330444,-0.4197578178318177,1.1327700247075159,2.3851232583097612
Sanliurfa,2002,6,2002-06-01,0.9370997180666966,-0.7486033691693985,-0.8243287798519112,0.7447178869362894,1.5508400899789105,-0.29939191470664556
Sanliurfa,2002,7,2002-07-01,1.4247799303661242,-0.7412746459803274,-1.3159689574634796,1.2585869193236796,1.3904380303637953,-0.4789914284400186
Sanliurfa,2002,8,2002-08-01,1.248047620965047,-0.6954124203772306,-1.0508667514526129,1.5885760296530143,1.0555750456757906,-0.47953376562569544
Sanliurfa,2002,9,2002-09-01,0.8661469059865213,-0.7141589995735907,-0.8660640971918374,-0.10543094063357948,0.44308946725082965,-0.48007610281137236
Sanliurfa,2002,10,2002-10-01,0.3756293335278556,-0.5686311737417346,-0.8754072568619197,-1.1119962867557265,-0.41850635891197036,-0.48061843999704923
Sanliurfa,2002,11,2002-11-01,-0.4738346926019947,0.04045758338667528,0.046886611066236414,-1.032107457374193,-0.9302183226594946,-0.4745639338362321
Sanliurfa,2002,12,2002-12-01,-1.531401347251571,0.5629183914790415,0.9692645529951189,-0.12946654060558896,-1.3644430275470598,-0.4817031143684031
Sanliurfa,2003,1,2003-01-01,-1.2712628558670733,1.1013141065847267,1.5448840154915378,-0.43632504916251513,-1.433578417265628,-0.4181618304738519
Sanliurfa,2003,2,2003-02-01,-1.4380999502579626,2.683301368271779,1.6379328812181515,0.0675546295908896,-1.2408499241076305,-0.3320027979627497
Sanliurfa,2003,3,2003-03-01,-1.0268889719970424,1.2880685487067143,1.1389362708337711,-0.29702872431548316,-0.5186155284769944,0.9255671316472279
Sanliurfa,2003,4,2003-04-01,-0.328920269683275,-0.06718214053402205,0.8458415825009308,-0.6031599686162734,0.06075004101446786,3.030360228185515
Sanliurfa,2003,5,2003-05-01,0.4793838294926049,-0.46228225082677177,-0.1651349469355087,-0.3959605828296074,1.046554476576098,2.321128434347904
Sanliurfa,2003,6,2003-06-01,0.932913993860171,-0.7119401189252279,-0.8716191285581663,0.92758943612512,1.5605216031529447,-0.349250645783158
Sanliurfa,2003,7,2003-07-01,1.3562577340208397,-0.8080434285317005,-1.4807160138183129,1.9610986074167105,1.5587454637100506,-0.4854994746681414
Sanliurfa,2003,8,2003-08-01,1.4303934103414997,-0.8117242774609226,-1.3876576326741121,0.6718436793556072,1.099103828772861,-0.48604181185381834
Sanliurfa,2003,9,2003-09-01,0.8242749914105434,-0.7551422053215928,-1.0766516143370788,0.8092453523439669,0.5379840466432221,-0.4865841490394952
Sanliurfa,2003,10,2003-10-01,0.3116619126122344,0.06921265927765421,-0.2747671092801935,-0.7302671029905895,-0.36063227520802066,-0.4871264862251722
Sanliurfa,2003,11,2003-11-01,-0.657138306553855,0.06987769407933728,0.5542963887579854,-1.1313554721938346,-1.0212311996230554,-0.471647918140792
Sanliurfa,2003,12,2003-12-01,-1.243455835324982,0.997085140310007,1.279529680039961,-0.47716374995369754,-1.4102540603596945,-0.4703054429417563
Sanliurfa,2004,1,2004-01-01,-1.3389774679163182,2.2710941082669107,1.7136028653979885,-0.05164749679142368,-1.5677531064792158,-0.386973629007723
Sanliurfa,2004,2,2004-02-01,-1.3182314678841787,1.4651631226125907,1.5898820092977695,-0.20606518163218457,-1.1058065006738007,-0.1340087004495564
Sanliurfa,2004,3,2004-03-01,-0.6780839075209101,-0.7285534011107876,0.7015230204330782,-0.627035722027862,0.037906297328202936,2.1064908877880377
Sanliurfa,2004,4,2004-04-01,-0.3034978000388664,0.542558311025513,0.23333416039031665,-0.12354494713343409,0.5220213343482698,2.2680424156876438
Sanliurfa,2004,5,2004-05-01,0.24404702095738326,-0.24946584668991073,0.18454430847802375,-0.059046601874985914,0.9832998977592399,1.16771205202217
Sanliurfa,2004,6,2004-06-01,0.9456520061614515,-0.7995691433849458,-0.9724853381920824,1.5089624860948174,1.6134455678407726,-0.42078471928386524
Sanliurfa,2004,7,2004-07-01,1.4099068899804237,-0.8090445039553749,-1.546084048892019,1.6417057366857686,1.4895914861229083,-0.4920075208962643
Sanliurfa,2004,8,2004-08-01,1.2916113802407714,-0.8190993156899246,-1.0671615286394704,1.6479639740812544,1.1553226854837089,-0.4925498580819412
Sanliurfa,2004,9,2004-09-01,0.9432620240359759,-0.822200713455026,-1.574261849257847,-0.3520640017127535,0.571216469008846,-0.49309219526761816
Sanliurfa,2004,10,2004-10-01,0.4065301710416791,-0.6888413620697045,-0.9172794765232765,-1.0290213934798467,-0.4601320810020225,-0.493634532453295
Sanliurfa,2004,11,2004-11-01,-0.6390928502590025,3.0440686208333574,0.7909269008567968,-0.006460497611702627,-1.1888174237905549,-0.4423445290593757
Sanliurfa,2004,12,2004-12-01,-1.4076929224368782,-0.49136707341148406,0.9722416682282835,-0.23400789066844152,-1.2052769828585774,-0.4108450557049385
Sanliurfa,2005,1,2005-01-01,-1.373871854174514,0.6496578523797211,1.239866094260941,-0.05674427412757122,-1.2971611333028474,-0.3793455823505014
Sanliurfa,2005,2,2005-02-01,-1.2706343009001417,0.7383994641277494,1.240804449020733,-1.002935455110064,-1.0137483312471582,0.06587020944834951
Sanliurfa,2005,3,2005-03-01,-0.8109221172027872,-0.04956853543882964,0.9509351489240081,-0.5749341484084851,-0.26803002370798695,1.5232302518378618
Sanliurfa,2005,4,2005-04-01,-0.19529255615509336,-0.07295072394815527,0.3845993661600593,-0.5268483883898523,0.35338255558002885,1.5848867233477004
Sanliurfa,2005,5,2005-05-01,0.3763225839793816,-0.49064942964161207,-0.19407634845697963,-0.317703079323256,1.051911736059463,0.17261991001229282
Sanliurfa,2005,6,2005-06-01,0.8727699313966147,-0.3465702317200577,-0.8556158718462645,0.994761073673081,1.449017007475498,-0.4687586379756651
Sanliurfa,2005,7,2005-07-01,1.4708566079762055,-0.8297469189591525,-1.2852153576260532,1.7940518429076129,1.4855431035977555,-0.49851556712438716
Sanliurfa,2005,8,2005-08-01,1.4122900327716414,-0.7922867352358056,-1.0515343292105956,1.503704198544034,1.0099433827783573,-0.499057904310064
Sanliurfa,2005,9,2005-09-01,0.8101621570421819,-0.8194353563119158,-0.9626553732151795,0.3481283030769261,0.44244319574368646,-0.499600241495741
Sanliurfa,2005,10,2005-10-01,0.06527060623790547,0.3363655741643672,-0.3866753398283213,-0.2663629858253356,-0.34555586235490615,-0.4992001724890617
Sanliurfa,2005,11,2005-11-01,-0.788816032402475,-0.07148246173903787,0.5421626825366551,-1.0093441785751127,-1.144971742534121,-0.4742975424811185
Sanliurfa,2005,12,2005-12-01,-0.9751898215192035,-0.2646438413357264,0.9553286769534899,-0.8942321722477715,-1.3622853162334108,-0.4880335663597836
Sanliurfa,2006,1,2006-01-01,-1.4734698942314015,0.7439764934539007,1.1589029241229223,0.09619150581546373,-1.3749307795976708,-0.4819790601989664
Sanliurfa,2006,2,2006-02-01,-1.1830031514550632,0.9170282495814897,1.1495335441910441,-0.4599936879264648,-1.046591903504864,0.049938101296663734
Sanliurfa,2006,3,2006-03-01,-0.6895650938632438,-0.3597068069208932,0.9419440599711774,-0.9031721249572912,-0.31180385406757394,0.9126398363093535
Sanliurfa,2006,4,2006-04-01,-0.1073490638694227,0.4970973228691124,0.5837322818644853,-0.23246953852380697,0.11255607377760563,1.298484037989758
Sanliurfa,2006,5,2006-05-01,0.4899591014487865,-0.6234756449027439,-0.43534258688135646,-0.1842265321795236,1.1535007890683986,-0.13545811776984465
Sanliurfa,2006,6,2006-06-01,1.1894342176694328,-0.8201137314841564,-1.2525350574182323,0.8766238439846222,1.5414117696911296,-0.5044812761668331
Sanliurfa,2006,7,2006-07-01,1.31928244262621,-0.6942872452324039,-1.1406707432805707,1.609694254329406,1.3848549297061428,-0.50502361335251
Sanliurfa,2006,8,2006-08-01,1.5069967743418784,-0.8355877456402905,-1.2703847812441265,0.23965402646513814,0.941510914393336,-0.505565950538187
Sanliurfa,2006,9,2006-09-01,0.8268390271500123,-0.7795851246650813,-1.1166385891953277,0.45056835669530754,0.48028054448755386,-0.5061082877238638
Sanliurfa,2006,10,2006-10-01,0.23010796807622022,0.7360549787301514,-0.04497127307524091,-0.8027557859545591,-0.586726122071281,-0.5019385939477593
Sanliurfa,2006,11,2006-11-01,-0.8202065795949206,0.00921907697830536,0.5444836911745138,-0.44259503689095153,-0.8909659926629844,-0.41106753047487543
Sanliurfa,2006,12,2006-12-01,-1.3039156780484422,-0.5857916849360831,0.18398770535794648,-0.2017449374149871,-1.0418667663929118,-0.4870023630490561
Sanliurfa,2007,1,2007-01-01,-1.4629457396803316,0.06443810484489582,0.6783277395465123,-0.6607392660391871,-1.1580275794026693,-0.48377507546530785
Sanliurfa,2007,2,2007-02-01,-1.1396841523336767,0.04134564191763049,1.0193845461834132,-0.7207140233989037,-1.059841044132696,-0.3062026422956448
Sanliurfa,2007,3,2007-03-01,-0.7542108855875382,0.05446887674790841,0.601352086604162,-0.40409787067514924,-0.21505315688462673,0.19649992723694015
Sanliurfa,2007,4,2007-04-01,-0.5007139674536699,0.2570726422456528,0.3551026025774521,-0.938000417681311,0.14644634276869337,0.05742387977488781
Sanliurfa,2007,5,2007-05-01,0.6380956200450022,-0.46107149204438297,-0.15383432050749643,-0.6386546850632002,0.5259411307572698,-0.21924347177118372
Sanliurfa,2007,6,2007-06-01,1.1245967592722117,-0.7373841136923908,-1.1738790006138293,1.7785042172123249,1.558987442370725,-0.5109893223949559
Sanliurfa,2007,7,2007-07-01,1.4799849728688024,-0.8488428791480617,-1.5222043867196142,2.2850809512476524,1.3794059704945192,-0.5115316595806328
Sanliurfa,2007,8,2007-08-01,1.4149254199240795,-0.8452805885257753,-1.0785396604336497,0.8342554235802201,0.9447200656071668,-0.5120739967663097
Sanliurfa,2007,9,2007-09-01,0.9663882327316737,-0.8504100653652991,-1.3295020250644574,0.10027658297395844,0.5624128993459567,-0.5126163339519867
Sanliurfa,2007,10,2007-10-01,0.35282173303310965,-0.44963400173827806,-0.7032563965109317,-0.7070183569670494,-0.4499104433117255,-0.5131586711376636
Sanliurfa,2007,11,2007-11-01,-0.5989427646027897,-0.2577500827767666,0.0903545163899665,-0.6582249884829867,-1.0765772143681809,-0.5137010083233404
Sanliurfa,2007,12,2007-12-01,-1.2432243870273927,0.29368328352163436,0.7613594851330104,-0.3719503566846107,-1.3140619218004954,-0.5057616897778107
Sanliurfa,2008,1,2008-01-01,-1.5945564212322283,0.16078482499349772,0.40533836760862485,-0.2041215196827956,-1.131815017156506,-0.5091312455405566
Sanliurfa,2008,2,2008-02-01,-1.2997341336742345,-0.15898663396356197,0.5654989485894806,0.22983316776548776,-0.8371517101950097,-0.37585190341163954
Sanliurfa,2008,3,2008-03-01,-0.4373215524908906,-0.363447311260604,0.24671028198900166,-0.37204520357626536,-0.18247433697268897,0.028840422115890742
Sanliurfa,2008,4,2008-04-01,0.10932846510534748,-0.6907516353512327,-0.31026486731379327,0.06441932500945435,0.4855335895330948,-0.39107267066833773
Sanliurfa,2008,5,2008-05-01,0.36738661934324707,-0.3131536182890393,-0.6766655715053186,0.0556015709331571,0.9809848093700185,-0.5160126252450457
Sanliurfa,2008,6,2008-06-01,1.0582238139334545,-0.8264617660624103,-1.344289210609139,2.5804545504888616,1.593798696637461,-0.5174973686230788
Sanliurfa,2008,7,2008-07-01,1.3755737304075188,-0.8536103871385206,-1.4036279813308798,1.7952723750925168,1.511340851710315,-0.5180397058087557
Sanliurfa,2008,8,2008-08-01,1.50562654338596,-0.8387487988158806,-1.2929495842598022,0.6434114240689123,0.6925574009878873,-0.5185820429944327
Sanliurfa,2008,9,2008-09-01,0.8313523169855078,0.16407702433253973,-0.7117652518138968,-0.032484555000038426,0.17006241147846635,-0.5181819739877532
Sanliurfa,2008,10,2008-10-01,0.14226161070038304,-0.33097841177102943,0.02679850514662876,-0.7227292612846347,-0.41707697309315644,-0.5111850616345798
Sanliurfa,2008,11,2008-11-01,-0.5103316692990595,0.0779099681536812,0.3753850097379187,-1.313790847664908,-1.0239602447722356,-0.5192666483591071
Sanliurfa,2008,12,2008-12-01,-1.2932367513074499,-0.09960623001174862,0.4005719894788382,-0.029729312239269466,-1.2341605865729655,-0.5122697360059336
Sanliurfa,2009,1,2009-01-01,-1.411015407097637,-0.18991502797701423,0.6645907066071051,-0.4592399548039205,-1.2636978536104149,-0.5099848546145416
Sanliurfa,2009,2,2009-02-01,-1.061665385913349,0.589532371402879,1.1339641881302724,-0.41498988194312986,-1.2176267162129815,-0.4313650716422897
Sanliurfa,2009,3,2009-03-01,-0.863797412212761,0.439540103533182,0.9935503802704523,-0.30638113436949527,-0.5177378849892144,0.33521123175005796
Sanliurfa,2009,4,2009-04-01,-0.2627065220519024,-0.02828112785671447,0.21916993028655204,-0.8537675538002236,0.43798244629181543,0.8633587684762629
Sanliurfa,2009,5,2009-05-01,0.36560318922267404,-0.7041253271659396,-0.47069957099537885,-0.18241632627342866,1.0231978992161619,-0.2228355023038665
Sanliurfa,2009,6,2009-06-01,1.1088149173587012,-0.6747774597402822,-1.1966948414908292,0.6245795129179986,1.0954471891869701,-0.5240054148512017
Sanliurfa,2009,7,2009-07-01,1.340356310430907,-0.8143396066558067,-1.156968980328525,2.4511998392114602,1.24445091102421,-0.5245477520368786
Sanliurfa,2009,8,2009-08-01,1.1892082715283645,-0.8623484696402618,-1.414321561084964,1.409607874050569,1.1310912513873934,-0.5250900892225555
Sanliurfa,2009,9,2009-09-01,0.6711811476094057,-0.5919489179403966,-0.8224325953071381,0.7292500304912748,0.3731508325387372,-0.5256324264082324
Sanliurfa,2009,10,2009-10-01,0.4017155486626954,0.2686216444163935,-0.6505098411294707,-1.3110133488786642,-0.498284398527499,-0.525232357401553
Sanliurfa,2009,11,2009-11-01,-0.6251058334471231,0.11225541374136903,0.8453338994017963,-0.8908434707885208,-1.0734410714482077,-0.4569790425452203
Sanliurfa,2009,12,2009-12-01,-0.965267361669139,1.3025336884828331,1.5333472753199548,-0.3503015304125932,-1.5768089934817897,-0.4480973178073343
Sanliurfa,2010,1,2010-01-01,-1.1548887164350075,1.23945909523124,1.4985717304301474,0.515111318758154,-1.4719757820536206,-0.3892680648745646
Sanliurfa,2010,2,2010-02-01,-1.063731470537536,0.2640386440716171,1.3953492493906388,-0.19586322679640641,-1.158042837593081,-0.023214393233642477
Sanliurfa,2010,3,2010-03-01,-0.5786299902645481,-0.3596549504667457,0.7951796443293503,-0.8298011126325174,-0.30698873387112785,1.7800087217506302
Sanliurfa,2010,4,2010-04-01,-0.19115268385958994,-0.23962297585620004,0.37937362330253366,-0.5216102741965418,0.3611351999965659,1.1932897329193377
Sanliurfa,2010,5,2010-05-01,0.4577256610455845,-0.6903503979045362,-0.24736222413817488,-0.22171417943865374,0.9640177253054,0.0034307809800156607
Sanliurfa,2010,6,2010-06-01,1.0321942656927323,-0.8009399866140261,-0.8463785182971449,1.43932576594438,1.3342347537890547,-0.5229742115404742
Sanliurfa,2010,7,2010-07-01,1.5169520996195582,-0.8724166217453693,-1.2688204646770675,1.3369267923150734,1.4594442339194797,-0.5310557982650015
Sanliurfa,2010,8,2010-08-01,1.5490933925461592,-0.8778358241669535,-1.5454804620791875,0.5789678870470458,1.0444512860782567,-0.5315981354506784
Sanliurfa,2010,9,2010-09-01,1.0559075615733788,-0.8458804265027531,-0.9425890515443335,-0.20538874513963243,0.30924123654426805,-0.5321404726363552
Sanliurfa,2010,10,2010-10-01,0.2826708787571747,-0.6673238843160175,-0.30747361591417655,-0.4976430012017281,-0.5395541675385477,-0.5326828098220322
Sanliurfa,2010,11,2010-11-01,-0.23984533706870267,-0.8801866034928095,-1.174076731920193,-1.6049049631125885,-0.7248808332771333,-0.5332251470077091
Sanliurfa,2010,12,2010-12-01,-0.8865184857886445,0.4691510157997845,0.4077587254525974,-0.41377600614664845,-1.346791302495292,-0.5252858284621794
Sanliurfa,2011,1,2011-01-01,-1.2814277686077757,0.3611689573288377,0.8481907472035903,-0.8421073012689169,-1.2582981524092778,-0.496613573684811
Sanliurfa,2011,2,2011-02-01,-1.2166519942782144,0.10977273573801966,0.9173622583979577,-0.5512472542957549,-0.9043002263721291,-0.379355136825951
Sanliurfa,2011,3,2011-03-01,-0.7714555614562455,-0.4327976958234462,0.3235032782805266,-0.6167186131280018,-0.09674888336630341,0.18083421044036796
Sanliurfa,2011,4,2011-04-01,-0.34661725195837334,1.9537575072451867,0.7488150054501822,-0.583079859278548,-0.11954216144980906,0.7730653682468012
Sanliurfa,2011,5,2011-05-01,0.1746767723003443,-0.08147912309118206,0.355409376983093,-0.9137808419622964,0.6885969993471572,0.9402713333005448
Sanliurfa,2011,6,2011-06-01,0.8545652773943775,-0.7384911595664848,-0.5187846739758295,1.3528736708745823,1.450355850963065,-0.3749276422221646
Sanliurfa,2011,7,2011-07-01,1.456473442862828,-0.8148931295928536,-1.2441345877051413,1.1331099709375643,1.2643232379855418,-0.5375638444931243
Sanliurfa,2011,8,2011-08-01,1.3336231576935123,-0.8791266251726882,-1.1949131010241794,1.2113084023183498,1.0017384986629658,-0.5381061816788012
Sanliurfa,2011,9,2011-09-01,0.8866903713025719,-0.6159702130243317,-1.0454008046035093,-0.12122857687817189,0.2973453804031041,-0.5386485188644781
Sanliurfa,2011,10,2011-10-01,0.005113563225003763,-0.4321986103605098,-0.4264121832816947,-0.5292750959914709,-0.3333462802220472,-0.539190856050155
Sanliurfa,2011,11,2011-11-01,-1.0570713968188576,0.9104753205446962,0.4580590415872957,-0.17961053916506342,-1.0946891101120781,-0.5114610074651431
Sanliurfa,2011,12,2011-12-01,-1.3510800209117417,0.2743235259777387,0.772198296627455,-0.6653563989406274,-1.2221988384540234,-0.5006944703425444
Sanliurfa,2012,1,2012-01-01,-1.5175398580671953,2.213252704763137,1.581034300575384,0.15818961602556056,-1.5666112096406906,-0.5078336508747154
Sanliurfa,2012,2,2012-02-01,-1.4722633458041812,0.9851915460468924,1.1320248474686008,0.25474926706963685,-0.9375715609675745,-0.14743441638793112
Sanliurfa,2012,3,2012-03-01,-1.1642390043473445,-0.3842556967148013,0.8246400697913193,-0.24383453518072998,-0.28070770752624946,1.0262613621023364
Sanliurfa,2012,4,2012-04-01,-0.11837698542752163,-0.4125632201191529,0.45809312420416415,-0.9827273234635826,0.5273734495897613,2.9227826901298823
Sanliurfa,2012,5,2012-05-01,0.2790745254230559,-0.12246232883918416,0.36467774001900166,0.06292912648454228,0.5955483346544734,0.3843404769287015
Sanliurfa,2012,6,2012-06-01,1.109042342534963,-0.7447072954672452,-1.0644645148471101,0.9690687739988794,1.4374951531045548,-0.4964092439177554
Sanliurfa,2012,7,2012-07-01,1.473038327948274,-0.8715215167721145,-1.4682959114746965,1.0006436698241645,1.3336141437701137,-0.5440718907212472
Sanliurfa,2012,8,2012-08-01,1.393216134071948,-0.8415941981823366,-1.279677363307714,1.1207089354095094,0.9698059075617192,-0.544614227906924
Sanliurfa,2012,9,2012-09-01,0.9637185542429714,-0.87135034949699,-1.224712793478543,-0.18330749147207515,0.47653204073820454,-0.5451565650926009
Sanliurfa,2012,10,2012-10-01,0.28537087265329575,0.18768223657113742,-0.09870466143827068,-0.8492576404436025,-0.6787533987860402,-0.5372172465470711
Sanliurfa,2012,11,2012-11-01,-0.4333431023896224,0.9514844545197719,0.9257503667105419,-1.8454447290727884,-1.1521518091770062,-0.47650318122958885
Sanliurfa,2012,12,2012-12-01,-1.1941892885464567,2.832178791311041,1.601863127032926,-0.22053212700805533,-1.483189380369844,-0.4676214564917028
Sanliurfa,2013,1,2013-01-01,-1.431296599919453,1.1144813989128113,1.629770078318472,-0.2643961559138037,-1.343596402086545,-0.43517957694490933
Sanliurfa,2013,2,2013-02-01,-1.0551232431881363,1.8678534959072732,1.6435295067353102,-0.848106476569896,-1.0492578892558788,-0.0474505628797925
Sanliurfa,2013,3,2013-03-01,-0.826869333503133,-0.6071865679967009,0.9794334232394306,-0.0991541873343677,-0.1376955379720064,1.5437311588243139
Sanliurfa,2013,4,2013-04-01,-0.24419997952446795,0.19775668260450302,0.7741605414399806,-1.019823728069695,0.43793940452731217,3.7898851842160455
Sanliurfa,2013,5,2013-05-01,0.35930935640826367,1.000382128549224,0.44089150630934665,-1.0472162043635076,0.6708235226448742,3.2031661953847532
Sanliurfa,2013,6,2013-06-01,0.8473287541120273,-0.8085788221980148,-0.6582597036353622,1.9331007574401107,1.584228046583462,-0.07223766023905125
Sanliurfa,2013,7,2013-07-01,1.280051239897369,-0.9049718573865475,-1.3941603123854045,3.136652174132474,1.569446350091353,-0.55057993694937
Sanliurfa,2013,8,2013-08-01,1.275560509155615,-0.9031479202566232,-1.329396976978619,1.5360495212825316,1.0706734513685345,-0.5511222741350469
Sanliurfa,2013,9,2013-09-01,0.7194294045913863,-0.8819123691286557,-0.9484005371777435,0.5680684923169828,0.4589787036180551,-0.5516646113207238
Sanliurfa,2013,10,2013-10-01,0.01378968091181804,-0.7920118550523859,-1.1967974606455416,0.4576696118701847,-0.2411108244597429,-0.5522069485064007
Sanliurfa,2013,11,2013-11-01,-0.44043289972470634,-0.20059635842965723,0.544817674755564,-1.095896733819423,-1.1683017401628337,-0.5518068794997213
Sanliurfa,2013,12,2013-12-01,-1.5064081220646468,0.35634179392789034,0.5023671209121241,0.44954750641947194,-1.3412806954776682,-0.5532916228777546
Sanliurfa,2014,1,2014-01-01,-1.2387752484129018,0.26197683781377984,1.2849862463236916,-1.0136611693929714,-1.2524055699317076,-0.5123680875997544
Sanliurfa,2014,2,2014-02-01,-1.067382195320194,-0.24321899366190144,0.34341931726156955,-0.9319036359092836,-0.5592073723595432,-0.2660000023880819
Sanliurfa,2014,3,2014-03-01,-0.6169364645739682,1.0458557045621406,0.5778996407543555,-0.2611041745073177,-0.15591945423295053,1.040575049224423
Sanliurfa,2014,4,2014-04-01,-0.17221219937041687,0.18777411413695785,0.3482601005049512,-0.3823923630054418,0.3981947079081982,0.8600331292986938
Sanliurfa,2014,5,2014-05-01,0.41383070340757055,-0.5590528527770521,-0.2833088178366681,-0.2025931494634499,0.8919284528992875,-0.26479979536804377
Sanliurfa,2014,6,2014-06-01,0.9141426108761188,-0.4300393851226357,-0.963995306785741,1.4335232533039117,1.4377367708724884,-0.5480639902606093
Sanliurfa,2014,7,2014-07-01,1.379700397359368,-0.9137955235258512,-1.101106672672361,2.608514806099925,1.4484285933870327,-0.5570879831774929
Sanliurfa,2014,8,2014-08-01,1.4161380387409002,-0.8856065584284354,-1.0718142765861132,1.0869284318895738,0.9807230320731944,-0.5576303203631697
Sanliurfa,2014,9,2014-09-01,0.7816368005308669,-0.3616971224257673,-0.3916730690739953,0.8179662878145217,0.3249865137908862,-0.5562878451641342
Sanliurfa,2014,10,2014-10-01,0.08323518570193646,0.5866602912953077,0.27754325490711595,-0.6318371387361799,-0.6083329859584575,-0.5455213080415354
Sanliurfa,2014,11,2014-11-01,-0.7997500493879248,1.13925255992195,0.5291515838014019,-0.5023370936117788,-1.000473898227401,-0.5206186780335924
Sanliurfa,2014,12,2014-12-01,-1.0282926601066562,0.746470254285683,1.73223011547936,-0.6228587062723551,-1.58423350734046,-0.4382292702919152
Sanliurfa,2015,1,2015-01-01,-1.4738859333452317,1.6209476445813698,1.5858729777945504,-0.21975005451533777,-1.302630541392613,-0.41898107743810997
Sanliurfa,2015,2,2015-02-01,-1.227884781908833,1.6824550516157255,1.637699151449726,-0.5619679265679662,-1.1353382791606552,-0.22067570803660855
Sanliurfa,2015,3,2015-03-01,-0.8654853521923966,1.681381732925047,1.2426077293121356,-0.6618720187626151,-0.5102817752468005,1.0189885039185995
Sanliurfa,2015,4,2015-04-01,-0.461764833646429,-0.10440117125736426,0.8926902658263994,-0.6924683889415655,0.2922267843257689,3.5704821356337715
Sanliurfa,2015,5,2015-05-01,0.24613715550862503,-0.47429515591086396,0.3678112544065349,-0.4412007203912268,0.9468740580769806,3.056328423613913
Sanliurfa,2015,6,2015-06-01,0.7856492047069343,-0.8540398103544152,-0.3006300339578709,1.8363627562876856,1.3538286374639321,-0.2963527397831072
Sanliurfa,2015,7,2015-07-01,1.4291824183513882,-0.9191424826804309,-1.3555168745905777,1.7519291753639976,1.395742002295361,-0.5635960294056157
Sanliurfa,2015,8,2015-08-01,1.4028869116165654,-0.9094959548348769,-0.9995614614567501,1.482809784963294,0.9238771526398837,-0.5641383665912927
Sanliurfa,2015,9,2015-09-01,1.1276422394473955,-0.9030364083919871,-1.2848159531866432,-0.410369312550907,0.2726988748462695,-0.5646807037769696
Sanliurfa,2015,10,2015-10-01,0.3082214259092793,0.743559658094522,-0.1593726563343496,-1.2961891363638463,-0.6107685832082803,-0.551086948077302
Sanliurfa,2015,11,2015-11-01,-0.6360669947034161,-0.14233558820845393,0.2766431120967986,-0.5242002604204575,-0.8421629041403378,-0.5158178499534397
Sanliurfa,2015,12,2015-12-01,-1.2335227260855213,-0.7414025082716874,0.5953803860780916,-0.2983278734627437,-1.0956184299701932,-0.5408627481403803
Sanliurfa,2016,1,2016-01-01,-1.550580882766437,1.801025057945412,1.290521105804306,-0.37580330447637755,-1.4463970588226347,-0.4735518394764039
Sanliurfa,2016,2,2016-02-01,-0.9225036443781822,-0.10644259070234431,1.2031966563517082,-0.9703005875149466,-0.8857793132277488,0.4522911104241578
Sanliurfa,2016,3,2016-03-01,-0.691280012520023,-0.21848080732213593,0.5624041586448257,-0.24712110661078335,-0.1304872622435092,0.8155175634880109
Sanliurfa,2016,4,2016-04-01,-0.004970673882944898,-0.17174940497285782,-0.19432785603166972,-0.7149408852621414,0.667232456840472,0.5388502119419395
Sanliurfa,2016,5,2016-05-01,0.30505176107838716,-0.35679846827185663,-0.06672453371577647,0.24656912467202996,0.757907111219958,-0.45310343960256044
Sanliurfa,2016,6,2016-06-01,1.0736065612031986,-0.8443210392418569,-1.0995058328617258,1.6463246441953387,1.2784725101863994,-0.5695617384480617
Sanliurfa,2016,7,2016-07-01,1.3934804477971523,-0.9042086510907861,-1.3499785552488663,2.191446383805851,1.4248830430677804,-0.5701040756337385
Sanliurfa,2016,8,2016-08-01,1.4969152823781287,-0.9325161744951377,-1.3126043978251898,0.7205719496179244,0.8717847455970176,-0.5706464128194155
Sanliurfa,2016,9,2016-09-01,0.7304719986602095,-0.7910445068121265,-0.9836888411221585,1.0971845955027602,0.4475437474533124,-0.5711887500050924
Sanliurfa,2016,10,2016-10-01,0.2712596238532223,-0.349706861696657,-0.8387058834730138,-0.8790795293272512,-0.28228610699113343,-0.5717310871907694
Sanliurfa,2016,11,2016-11-01,-0.8089560015735497,0.3277571327979945,0.009524710519492977,-0.9933112889617898,-0.8551990277656385,-0.5355195828745507
Sanliurfa,2016,12,2016-12-01,-1.5149241428668407,1.6324770124532952,1.300763713015458,0.38944197160051314,-1.4821091313373191,-0.5483132005608595
Sanliurfa,2017,1,2017-01-01,-1.5588895939990097,-0.4244890365375996,1.2837858051808226,-0.48881037279047573,-1.2559774905172558,-0.47346304235803277
Sanliurfa,2017,2,2017-02-01,-1.31459706019466,-0.900422584225186,0.35524357971211434,-1.009636203036701,-0.5406413898001767,-0.17149299179733876
Sanliurfa,2017,3,2017-03-01,-0.7707207485477627,1.0521236969170484,0.8432374647311646,-0.9409567902979991,-0.34882387779863905,1.0003179743082162
Sanliurfa,2017,4,2017-04-01,-0.37547017409865796,1.0753873271194385,0.4874650167863924,-0.7276641093923591,0.3846107861002748,2.2305581243398613
Sanliurfa,2017,5,2017-05-01,0.25752675643013234,-0.43167956712091926,0.02929398837947586,-0.11174221165751716,0.8502438697546348,0.5892866062618737
Sanliurfa,2017,6,2017-06-01,0.9792610494077525,-0.9293425334630314,-0.9988614645152409,1.2923768934026056,1.5466438907258488,-0.5412007555590015
Sanliurfa,2017,7,2017-07-01,1.4932911221183591,-0.9428740521823056,-1.5872483182866024,1.3661134602930456,1.4858553721690737,-0.5766121218618614
Sanliurfa,2017,8,2017-08-01,1.394991399548647,-0.9433679197088636,-1.0462827379205641,0.6470730206236226,1.0052899703703708,-0.5771544590475383
Sanliurfa,2017,9,2017-09-01,1.0803829152323858,-0.934590568609491,-1.400081815129977,-0.38646007034765784,0.4054308029825301,-0.5776967962332152
Sanliurfa,2017,10,2017-10-01,0.09862366006251425,-0.32695043939138296,-0.7965953738153347,-0.04035321163910295,-0.36243248948118023,-0.5782391334188921
Sanliurfa,2017,11,2017-11-01,-0.6653344175817257,-0.32107034411261365,0.5404278427804114,-0.884168610712538,-1.0980429058861496,-0.5787814706045691
Sanliurfa,2017,12,2017-12-01,-1.039683681002751,-0.5666720540622249,0.7109337724247113,-0.6169207843179239,-1.2901192194743822,-0.579323807790246
Sanliurfa,2018,1,2018-01-01,-1.2496561600288172,2.462494490016256,1.0939764076235463,0.02028833475191344,-1.3463947687080855,-0.4856255257402933
Sanliurfa,2018,2,2018-02-01,-0.9799051081377453,1.9236904910215742,1.2796604010066244,-1.5301920517967953,-1.0431404635940653,0.00105613852223458
Sanliurfa,2018,3,2018-03-01,-0.5614662504272709,-0.5551160054491844,0.9932172856024781,-0.667137897510812,-0.20903727879505477,2.470560431502409
Sanliurfa,2018,4,2018-04-01,-0.08157115074166509,0.07367409125932897,0.054204548365239816,-0.8732211671161998,0.5832697065490919,2.6038397736313255
Sanliurfa,2018,5,2018-05-01,0.37507198189236884,0.852252313893041,0.29181455613858626,-1.3368739181378089,0.5591197082208138,0.9267568202437988
Sanliurfa,2018,6,2018-06-01,0.8399524743460065,-0.4560628310539192,-0.1580112395905974,0.8848081455629058,1.3003353537112299,-0.2960863484279936
Sanliurfa,2018,7,2018-07-01,1.341943080371255,-0.9493799136651263,-1.0451876188166112,1.9176686757611863,1.4507820939527118,-0.5831201680899842
Sanliurfa,2018,8,2018-08-01,1.3602585301496586,-0.9507429579378657,-1.138329466464199,1.742897080751039,1.0804378332074556,-0.5836625052756612
Sanliurfa,2018,9,2018-09-01,0.9743877307718027,-0.826365099596415,-1.18231940341953,0.121793438194357,0.3216542388990662,-0.5842048424613381
Sanliurfa,2018,10,2018-10-01,0.2402348975467306,0.43199868692923044,-0.2552273967456945,-0.25714285488281396,-0.7253680374849397,-0.5649566496075328
Sanliurfa,2018,11,2018-11-01,-0.6597731377245841,2.233308214235964,1.1982134438981034,-0.6062416576677209,-1.281461305506468,-0.4957609285588438
Sanliurfa,2018,12,2018-12-01,-1.149683406792628,5.6860535592866706,1.8928035381266028,-0.1827106393667895,-1.6401524852755052,-0.49724567193687697
Sanliurfa,2019,1,2019-01-01,-1.5083806097773447,2.61910413123341,1.9171225426205867,0.40142784479585886,-1.4539160591609634,-0.5477355373174375
Sanliurfa,2019,2,2019-02-01,-1.242479427594679,1.3533786468493199,1.6142196578740335,-1.1615620485524014,-1.011374099422331,-0.3654510731859932
Sanliurfa,2019,3,2019-03-01,-0.9421682322496177,3.344458430405581,1.5187236959153625,-0.3520418442402566,-0.5829652317017188,0.27201558185354197
Sanliurfa,2019,4,2019-04-01,-0.5558495401147109,1.8507189129399988,1.3605352148748142,-1.419107714156598,0.018694972135286887,1.4070727064572015
Sanliurfa,2019,5,2019-05-01,0.27330961592209524,-0.689799132509614,0.5600545242287998,-0.6266964716692929,1.1045218039697915,5.931022498774099
Sanliurfa,2019,6,2019-06-01,0.8953503195012814,-0.746210037373819,-0.11338383854497601,0.42788370725951996,1.3154989220974596,1.343789223390332
Sanliurfa,2019,7,2019-07-01,1.2215416688483873,-0.9576241286403093,-1.1144455565999807,1.6725746939003077,1.4417255887304834,-0.5736073090480501
Sanliurfa,2019,8,2019-08-01,1.4068655510477779,-0.9204536704990228,-1.3434498052805162,1.3120558767150012,0.9805560519535078,-0.5901705515037841
Sanliurfa,2019,9,2019-09-01,0.8615829955270142,-0.9557146078728226,-1.2818824660421875,0.20168829987253575,0.47382533114847086,-0.590712888689461
Sanliurfa,2019,10,2019-10-01,0.365888269341204,0.17806717836687405,-0.3950364466878908,-1.0995763163101568,-0.4855463096931488,-0.5874856011057127
Sanliurfa,2019,11,2019-11-01,-0.5881525392304656,-0.6156953328409119,-0.17085341207280175,-1.4037812931217237,-0.8768086784042153,-0.5804886887525392
Sanliurfa,2019,12,2019-12-01,-1.19917891712322,5.871346033127799,1.6150006336119167,0.3322848053875091,-1.5578319721349807,-0.500926499587931
Sanliurfa,2020,1,2020-01-01,-1.460126116915305,1.3798159180838163,1.5455356823660706,0.3196734837048835,-1.329238711684151,-0.5184321482360212
Sanliurfa,2020,2,2020-02-01,-1.4231482294874565,0.011527577650364043,1.5158272395258692,-0.018153062002866312,-1.0979877215962992,-0.2975090302179687
Sanliurfa,2020,3,2020-03-01,-0.7446398581076209,1.8739692027718309,1.2923421080421185,-0.17610878917077313,-0.4849412829856166,1.150426950247981
Sanliurfa,2020,4,2020-04-01,-0.39320127010819445,0.849295402661949,0.9373328388785874,-1.3800379297755412,0.3419938998885671,3.21658139289966
Sanliurfa,2020,5,2020-05-01,0.18185202556928662,0.029457589068732044,0.3960357144999766,0.049869572691334046,0.9183560104857105,4.432685450045961
Sanliurfa,2020,6,2020-06-01,0.7536383735745216,-0.9566827086271235,-0.5129460265059756,0.6223325171744009,1.4440313922718797,0.14890696860092043
Sanliurfa,2020,7,2020-07-01,1.4912680790563235,-0.9649991668693112,-1.399015826102711,0.6903885605507019,1.2628597707031568,-0.5933090419691611
Sanliurfa,2020,8,2020-08-01,1.290954308210891,-0.9718669972011971,-1.5055503068237517,1.52690739738309,1.1030264301061845,-0.596678597731907
Sanliurfa,2020,9,2020-09-01,1.1836548662461137,-0.972650590309816,-1.396385833836176,-0.2534081498951572,0.3050111266134393,-0.5972209349175839
Sanliurfa,2020,10,2020-10-01,0.47332253941702485,-0.9722752810901932,-1.4495765452371947,-1.1565643811111115,-0.2960604591787497,-0.5977632721032607
Sanliurfa,2020,11,2020-11-01,-0.6704478165499393,1.3363437404042067,0.5868890710634043,-0.6865277619989182,-1.1374144154122376,-0.5078346148227333
Sanliurfa,2020,12,2020-12-01,-1.1578050424634374,0.1627509911153071,0.882523164887349,-0.40577640738903054,-1.296619618586187,-0.5225130448937546
Sanliurfa,2021,1,2021-01-01,-1.3076609464923168,1.8122443134224198,0.9484410376280528,-0.3169638490268076,-1.2382600881181731,-0.47593507246161676
Sanliurfa,2021,2,2021-02-01,-1.1251912979335006,-0.7688353135156412,0.9132442769197174,-0.990325635079686,-0.5950476236517829,0.4074995987829116
Sanliurfa,2021,3,2021-03-01,-0.9067772260498138,0.09434277907969212,0.7507185416706711,-0.269656624685568,-0.27143342021236117,0.9309351045473352
Sanliurfa,2021,4,2021-04-01,-0.14710262284425393,-0.8990406581676724,0.1957588001035981,-0.5202012928687553,0.3759718817630501,0.8644243338967177
Sanliurfa,2021,5,2021-05-01,0.6207511941115946,-0.9169180606178514,-0.9463216603387619,0.8679573101377974,1.2674651615399672,-0.5063766069750132
Sanliurfa,2021,6,2021-06-01,0.9416221781163923,-0.9794132027053236,-1.0920855434550656,1.6990904603166426,1.542960764300448,-0.602101969588676
Sanliurfa,2021,7,2021-07-01,1.4842515026974146,-0.9793276190677616,-1.3957155329775184,2.1901391196939417,1.3280762715816328,-0.602644306774353
Sanliurfa,2021,8,2021-08-01,1.4015543087271864,-0.8106217466710779,-1.3120177852944714,0.47219139632699336,0.8786630906274546,-0.6031866439600299
Sanliurfa,2021,9,2021-09-01,0.7640197839012292,-0.9768386471361541,-0.8976025222752942,0.8050699078901639,0.4499020495410496,-0.6037289811457067
Sanliurfa,2021,10,2021-10-01,0.18281157177637897,-0.7924875933082117,-0.9476226965362446,-0.3119413262110538,-0.29798675581531087,-0.6042713183313836
Sanliurfa,2021,11,2021-11-01,-0.4802275418975704,-0.5345462416369414,0.30796892965174216,-1.1769653234566575,-1.073000062999649,-0.6048136555170606
Sanliurfa,2021,12,2021-12-01,-1.247873587827058,-0.1867899595269636,0.6177398890766962,-0.7558323116219032,-1.3369556698062552,-0.6053559927027374
Sanliurfa,2022,1,2022-01-01,-1.6259851172885658,0.9133836591937327,1.3888314032619098,0.1956729008427276,-1.5417772312413687,-0.6030711113113455
Sanliurfa,2022,2,2022-02-01,-1.1189957952092024,-0.4969148906384698,0.968833058409135,-0.5054877892091544,-0.852122917103152,-0.2897921864423759
Sanliurfa,2022,3,2022-03-01,-1.1931210587228955,1.4310047160286357,0.9048191727184319,-0.5914081903012741,-0.49711245294201806,0.5427525504149124
Sanliurfa,2022,4,2022-04-01,-0.09834742771866972,0.06561363141578685,-0.010680671625524196,-0.4159332507146837,0.48288312618057344,1.2782294494595026
Sanliurfa,2022,5,2022-05-01,0.19566437937891262,0.38671515997621264,-0.07313965350098271,-0.11599784437538177,0.8881471104762804,0.954441788295616
Sanliurfa,2022,6,2022-06-01,0.9654090203665556,-0.9378246175661272,-0.8002823564852195,1.219620830073055,1.3101600113286775,-0.5520656442754212
Sanliurfa,2022,7,2022-07-01,1.3907264965467447,-0.9898896386994271,-1.4756485005714253,2.20744994376305,1.4656134595433106,-0.6091523530024757
Sanliurfa,2022,8,2022-08-01,1.4096557103901382,-0.9903835062259855,-0.9277556962018766,1.6252138074099354,0.9342877632894969,-0.6096946901881526
Sanliurfa,2022,9,2022-09-01,0.9908247039432533,-0.989139020260182,-1.1875535278245113,0.4413728849070729,0.4207706118127444,-0.6102370273738295
Sanliurfa,2022,10,2022-10-01,0.35126691126095105,-0.850274882815714,-0.7302356574769278,-0.4420489324396896,-0.4534247456325865,-0.6107793645595063
Sanliurfa,2022,11,2022-11-01,-0.560720291068284,1.5325138876861346,0.7515245037918183,-0.8777118374954339,-1.2544449227435772,-0.6000128274369078
Sanliurfa,2022,12,2022-12-01,-1.0528002699450214,0.043989430697638866,1.1472250126633925,-1.1760593886765027,-1.3107006658423204,-0.5063145453869551
Sanliurfa,2023,1,2023-01-01,-1.3602320218171449,-0.19436913970046368,1.0413299680042143,-1.3260646873966278,-1.1720414053500017,-0.4503125110312543
Sanliurfa,2023,2,2023-02-01,-1.4375414748409368,0.9791050512815005,0.902556618136434,-0.4326002169177957,-0.832714671681194,0.20317504927833793
Sanliurfa,2023,3,2023-03-01,-0.6750463257968662,4.286118428555853,1.2287788887548285,-0.16132576139847704,-0.5882512403349689,1.37310120299918
Sanliurfa,2023,4,2023-04-01,-0.410565184457798,0.35404841247039825,0.9875016121795273,-0.6937148125202472,0.20416467875145947,3.7200926909730354
Sanliurfa,2023,5,2023-05-01,0.17443431940970625,-0.7682629087938202,0.12078363451054691,-0.17062721429157227,0.825359390554913,2.5594483309967586
Sanliurfa,2023,6,2023-06-01,0.863452834165232,-0.9286852976176896,-0.4793694348695119,1.222130843740271,1.2277868533795362,-0.42003998022716843
Sanliurfa,2023,7,2023-07-01,1.440499247885339,-0.9966852257643086,-1.4453853201710318,2.3509509441670295,1.4501482549375355,-0.6156603992305986
Sanliurfa,2023,8,2023-08-01,1.5384425092532457,-0.9603839443692028,-1.334156297602239,1.0109840760835023,0.9483619942529166,-0.6162027364162754
Sanliurfa,2023,9,2023-09-01,0.9887419292436148,-0.8502026395487092,-1.0759150037069851,0.3311569388732794,0.3839642967873658,-0.6167450736019523
Sanliurfa,2023,10,2023-10-01,0.362501739992536,-0.830995167495164,-0.5419074350066948,-1.1335259212421418,-0.5025886741491964,-0.6172874107876293
Sanliurfa,2023,11,2023-11-01,-0.43408920388607186,1.2461331139330194,0.35833121742105456,-0.714338832687317,-1.104905216996026,-0.5857879374331921
Sanliurfa,2023,12,2023-12-01,-0.9992480241009618,1.1178702647178484,1.415518267092094,-0.7966888997961299,-1.3687773550910143,-0.4430845333807121
Sanliurfa,2024,1,2024-01-01,-1.2110940986938399,1.6307701286022234,1.5580086082408307,-1.0068409180777353,-1.471866119027048,-0.4153546847957001
Sanliurfa,2024,2,2024-02-01,-1.0784692689711843,0.9447855339208859,1.4087862580106252,-1.6119523280977424,-0.9400780078593101,0.04965163704263292
Sanliurfa,2024,3,2024-03-01,-0.8462286378547025,1.3968430255725883,1.1076200572836212,-0.8463163392678277,-0.31201451869494645,1.62292764109197
Sanliurfa,2024,4,2024-04-01,0.05610949997296529,0.15400586217126602,0.6576302580459786,-1.1213914342525602,0.488738368485795,5.388240448562049
Sanliurfa,2024,5,2024-05-01,0.2148067895423997,0.01067728268895701,0.4175495558049587,-0.07606913274644425,0.6142378670209946,1.3984926991321738
Sanliurfa,2024,6,2024-06-01,1.3134708232954135,-0.9809678010660449,-1.1769117880105657,0.4769935463094395,1.508325750477696,-0.41052712118523427
Sanliurfa,2024,7,2024-07-01,1.546802899946704,-0.9892842593082328,-1.2513554594825247,2.484427491310763,1.284396927701704,-0.6221684454587214
Sanliurfa,2024,8,2024-08-01,1.5042587971755645,-0.9605158430466962,-1.1463609385168911,1.5595909229456864,0.9191881148068395,-0.6227107826443983
Sanliurfa,2024,9,2024-09-01,0.9329171115901954,-0.5779924910894771,-0.4777070814420471,0.5621655195020003,0.20844005667260856,-0.6232531198300753
Sanliurfa,2024,10,2024-10-01,0.17009611263477908,-0.9922144897982095,-0.8809185803318834,-0.1078730339364523,-0.23624087275001054,-0.6237954570157521
Sanliurfa,2024,11,2024-11-01,-0.6788122954993957,-0.006192750409289576,0.2735432723204138,-1.3443128523695502,-1.070883378679846,-0.6243377942014291
Sanliurfa,2024,12,2024-12-01,-1.2583601143115883,0.07646462411547146,0.9833448399761088,-0.5470466295777733,-1.4068639952691755,-0.6229953190023934
Sanliurfa,2025,1,2025-01-01,-1.264918260851204,-0.8404312594679617,0.48606163911860384,-0.9565083656219313,-0.9986998269257271,-0.574532534185543
Sanliurfa,2025,2,2025-02-01,-1.4480039512784093,0.8012394721235213,0.6499083835001398,-0.4389398326265943,-0.8878292811445151,-0.48648868928972805
Sanliurfa,2025,3,2025-03-01,-0.5446187996391236,-0.28108971881636907,0.32704278701673123,-1.0713614146082122,-0.20516269268230342,0.15945962148101384
Sanliurfa,2025,4,2025-04-01,-0.22786864910225113,-0.24102200485447894,0.17962229084386122,-0.38890466533232065,0.19019680940938383,0.03640447928901849
Sanliurfa,2025,5,2025-05-01,0.5363801115560773,-0.6335145849086856,-0.468232708751139,0.16236933676928336,0.9600790058068208,-0.5248695423486542
Sanliurfa,2025,6,2025-06-01,1.1598087833453905,-1.005726374218668,-1.5970306612195884,1.6640401311051007,1.5168231397258967,-0.6281341545011674
Sanliurfa,2025,7,2025-07-01,1.5498972789742098,-1.0146222836249763,-1.3925677163382526,1.289958818332403,1.2201661893760944,-0.6286764916868443
Sanliurfa,2025,8,2025-08-01,1.4419065448520227,-1.018882583718319,-1.1597925556771005,1.5957713060929073,1.0295626033945446,-0.6292188288725212
Sanliurfa,2025,9,2025-09-01,0.8962525005550805,-1.019086725662817,-1.1793791258159625,0.6006259743711599,0.44218413047947347,-0.6297611660581981
Sanliurfa,2025,10,2025-10-01,0.19228178442066124,-0.7318830902034518,-0.39574992825482364,-0.5245620686639055,-0.321140727630502,-0.630303503243875
Sanliurfa,2025,11,2025-11-01,-0.4006353232177016,-0.4548198501161985,-0.4421330138787173,-1.4423422081653972,-1.0204153747270812,-0.6299034342371956
Sanliurfa,2025,12,2025-12-01,-1.1733120809219852,1.3531533655779235,0.9484388284050179,-0.56924394482846,-1.3863386232044381,-0.6247913342687348
Siirt,1990,1,1990-01-01,-1.420926762814906,0.2189046342327893,1.0074814193560857,-1.5183085664273726,-1.1852437470652037,-0.48615948707906165
Siirt,1990,2,1990-02-01,-1.1658922826387286,1.0666137341954,1.1166842776854988,0.9256282204534819,-0.9529601638310548,-0.36091584185361597
Siirt,1990,3,1990-03-01,-0.6037667883515823,-0.5458418555474007,0.46663092251294297,1.3257031433248214,0.001586071524616605,0.5444473278791402
Siirt,1990,4,1990-04-01,-0.271825136210953,0.9984332611577713,0.7874736844715344,-0.010393966765135109,0.04341423185111535,1.3566618976707252
Siirt,1990,5,1990-05-01,0.42862099825638633,-0.8324078525885362,-0.3277698333685482,0.02087352865773887,0.8292134805689986,0.8210162263135591
Siirt,1990,6,1990-06-01,1.072476748932842,-0.7103499745969432,-1.073072503120106,1.1018034443382017,1.361418852236698,-0.47611924956268425
Siirt,1990,7,1990-07-01,1.590014974560409,-0.9816818215597475,-1.491009422181211,0.5650748060608181,1.3715308204240968,-0.5562682672075221
Siirt,1990,8,1990-08-01,1.3996265557550547,-0.9905073670962148,-1.6042104067284821,0.3008312695230439,1.0348900160623806,-0.5563094889029524
Siirt,1990,9,1990-09-01,0.9470052997620585,-0.914049175267882,-1.4538573076347747,0.5003758803679559,0.43437908490731825,-0.5563507105983827
Siirt,1990,10,1990-10-01,0.30027405602954377,-0.8156538371231702,-0.6247680836883193,0.22521067904255956,-0.4786361054889283,-0.5563919322938131
Siirt,1990,11,1990-11-01,-0.30386525975611395,-0.4165470550910115,0.20064902183764333,-0.9622961381406323,-0.9607963501423974,-0.5517757239921849
Siirt,1990,12,1990-12-01,-0.9106228129177482,-0.20082495687218074,0.7385301981231328,-1.4197905331498464,-1.3196274666213965,-0.5527484316870268
Siirt,1991,1,1991-01-01,-1.190029231115973,0.02623544168994692,0.8009303394614432,-0.657258450163333,-1.2234702774684927,-0.5462692513865751
Siirt,1991,2,1991-02-01,-1.2450907605924912,0.34079794072752007,0.8165573982854256,0.35988059538814654,-0.8370807996668784,-0.45549058813936333
Siirt,1991,3,1991-03-01,-0.6140101618142783,1.844896036651009,0.8631240130017976,-1.4007005817978273,-0.6123478496053394,0.4098186836186894
Siirt,1991,4,1991-04-01,-0.07504029614672707,-0.3642992298553236,0.4162586537298685,0.2795296023244871,0.2430930575067303,1.5489848392037864
Siirt,1991,5,1991-05-01,0.27663238457369943,0.1518878274608816,-0.06189157088019877,0.5939256052991136,0.7035286035479547,0.85032911794957
Siirt,1991,6,1991-06-01,1.1139622061586427,-0.904005106300072,-0.9564804159931704,0.5355937106171597,1.1791015515760814,-0.39604037095873484
Siirt,1991,7,1991-07-01,1.5488561004359658,-0.9604022163203734,-1.4171648934858305,0.46613145691597097,1.2099384205793793,-0.5567629275526861
Siirt,1991,8,1991-08-01,1.5041589204275283,-0.9904254538030054,-1.4277841029280716,1.0596212122978768,0.9152674480894892,-0.5568041492481163
Siirt,1991,9,1991-09-01,0.9329464253131688,-0.9876662142061042,-1.339064130092948,0.6005268281796466,0.4994393215526367,-0.5568453709435467
Siirt,1991,10,1991-10-01,0.2862711091195395,-0.10520275884338602,0.00837083057573959,-0.9923337515352527,-0.6019893251837596,-0.5554893636398595
Siirt,1991,11,1991-11-01,-0.4622109703587944,0.20664840750339886,0.5217115610589417,-1.1618996716656715,-0.9885629244677313,-0.4884635933776463
Siirt,1991,12,1991-12-01,-1.2098562081441735,1.0235469087070508,1.3232824035589035,-1.2056925348787524,-1.3758713490908732,-0.5103947360592519
Siirt,1992,1,1992-01-01,-1.6901667743613507,0.5454143228741092,1.2566947077786281,0.9446561883184359,-1.2712777997940368,-0.5076414997564471
Siirt,1992,2,1992-02-01,-1.6830206257951696,1.8025346591457776,1.7481895698756709,2.535632407271,-1.0418258279961705,-0.5169975814459946
Siirt,1992,3,1992-03-01,-1.1041428897701253,-0.40419575945983865,0.9476090620649319,-0.21826134885341952,-0.1317594280415475,0.12382356445383477
Siirt,1992,4,1992-04-01,-0.2963148449473219,-0.23382686261419677,0.34842047778533874,-0.3923489773354024,0.32239053509846854,1.8866195966450747
Siirt,1992,5,1992-05-01,0.20070522377539177,0.11869429409441472,0.28606838160099474,-0.3460554972365636,0.49907610267049324,1.5042033721911356
Siirt,1992,6,1992-06-01,0.8030782760262211,-0.4696169929005667,-0.4185568044511037,-0.03492903722383597,1.0454975183998283,-0.05467966951979959
Siirt,1992,7,1992-07-01,1.2792953716738305,-0.9539116984853004,-1.352285084549827,1.4461372851980703,1.4310769723900636,-0.5484084709034387
Siirt,1992,8,1992-08-01,1.340208027594316,-0.9896040861395808,-1.3006718927586438,1.5304131154500449,0.9218087383494816,-0.5572988095932804
Siirt,1992,9,1992-09-01,0.8419923633724397,-0.7945867102867712,-1.2977236252365572,0.26290684281611304,0.33670370305524966,-0.5573400312887107
Siirt,1992,10,1992-10-01,0.29684520846425116,-0.9246827725385041,-0.895052983862702,0.37375640522650827,-0.2922054012074302,-0.557381252984141
Siirt,1992,11,1992-11-01,-0.6933101234902881,0.9148811226725376,0.5450965945424681,0.756186727706199,-1.1129675096478364,-0.5546280166813361
Siirt,1992,12,1992-12-01,-1.3368017127480982,-0.25020457309016886,1.2687898914884657,-0.8851604784862388,-1.3610208799956502,-0.5220672283973564
Siirt,1993,1,1993-01-01,-1.400389972557885,0.052280171233892184,1.1124736485703257,-0.4106264351223878,-1.1746921429726713,-0.4899721831130826
Siirt,1993,2,1993-02-01,-1.3719430310257963,0.7237526462952544,1.3887771864954654,0.16646591634725344,-1.0022594779886393,-0.40990560885910554
Siirt,1993,3,1993-03-01,-0.848233319847368,0.060263498328411255,0.6015760538633231,0.14192261154511468,-0.15315563192653825,0.45167771890130043
Siirt,1993,4,1993-04-01,-0.25543941217344024,0.6065217000333616,0.6140194401722923,0.3051544260897767,-0.13836339157888766,0.9350777309005498
Siirt,1993,5,1993-05-01,0.1512815022378584,0.9854167292796425,0.6927138951930273,-0.7872573862228391,0.18783369625249655,2.337854424319162
Siirt,1993,6,1993-06-01,0.8535535672802953,-0.7007378126945906,-0.4846128830496371,0.7229565638806853,1.3914913740894128,0.5284016487664759
Siirt,1993,7,1993-07-01,1.4937874919663279,-0.9829149904205488,-1.4506575407056357,0.5771122214100065,1.4132842389183105,-0.551231846247132
Siirt,1993,8,1993-08-01,1.397792330457845,-0.9557537566065515,-1.3627787221564645,0.8492128601115448,0.9267390653659091,-0.5577934699384443
Siirt,1993,9,1993-09-01,1.0287599598051607,-0.9924320834211184,-1.5236136610839897,0.5442043836658302,0.4466660073008135,-0.5578346916338746
Siirt,1993,10,1993-10-01,0.3626632878859339,-0.3695171120038767,-1.045147480154734,-0.96900456431768,-0.3976260563752084,-0.557410170329599
Siirt,1993,11,1993-11-01,-0.8070277294526103,0.7761920991553931,0.8607119682910996,-1.4424988504170437,-1.1927328685990155,-0.5197262090488549
Siirt,1993,12,1993-12-01,-0.9023590103606178,-0.7783395649205643,1.045269296695403,-2.7517439693731007,-1.3272203959037545,-0.5095210847507563
Siirt,1994,1,1994-01-01,-0.9860811841692112,1.583772085242434,1.1023166380321976,-0.9520015552817666,-1.209951109506235,-0.4657824644738361
Siirt,1994,2,1994-02-01,-1.1147107304214596,0.1320245786263662,1.1550286297368484,-0.33227595364023665,-0.8978324878604851,-0.3461277352448612
Siirt,1994,3,1994-03-01,-0.6256317064164629,0.4086284199929012,0.8603931759241418,0.1974129937921324,-0.41907909867687654,0.44466265656025444
Siirt,1994,4,1994-04-01,0.08264635488518547,0.3317730723966506,0.28959287088257596,0.4850961351205987,0.42254709205879687,2.0206957458694457
Siirt,1994,5,1994-05-01,0.44332647645168294,-0.05540662589984207,-0.05111838363792172,-0.8841137930515789,0.7050503347226095,1.0863740667640656
Siirt,1994,6,1994-06-01,1.0691528457036934,-0.7755872755831711,-1.0780352781500593,0.9654369776508245,1.4760456791075212,-0.41755130098157855
Siirt,1994,7,1994-07-01,1.522600183158723,-0.9936784078904929,-1.3809781086679693,0.3258220831894033,1.39646656214661,-0.5582469085881778
Siirt,1994,8,1994-08-01,1.4132134831726395,-0.99363050098438,-1.5007195965605575,0.5394883370399657,1.0604616643284057,-0.5582881302836081
Siirt,1994,9,1994-09-01,1.016434839061724,-0.7443864713158014,-1.0924813923887728,-0.19021290073337752,0.2823533405755145,-0.5578636089793327
Siirt,1994,10,1994-10-01,0.31286671608916305,-0.20626226768321657,-0.12712246246655495,-1.3559459530851927,-0.48948070528138643,-0.5523159146782927
Siirt,1994,11,1994-11-01,-0.6112702989916154,0.9014882858050145,1.227722357008689,0.7774985373515347,-1.2928246269321588,-0.5211523553934306
Siirt,1994,12,1994-12-01,-1.591096643070121,1.364927598045881,1.6962563009341196,-1.5630439094803736,-1.4262819856364075,-0.5081527730970969
Siirt,1995,1,1995-01-01,-1.1512127694900074,0.6491836745838424,1.5038696701638214,-1.4182467520613173,-1.3305063404096111,-0.45835949382400054
Siirt,1995,2,1995-02-01,-0.9419645230828367,-0.04388364819160189,1.1039330422005909,-1.00892965607579,-0.7521487896271583,-0.26045994064444145
Siirt,1995,3,1995-03-01,-0.6155858116056707,0.1378235489973372,0.7852866893797836,0.3760329726894205,-0.29196992776691044,0.5321934231594977
Siirt,1995,4,1995-04-01,-0.27781008860314466,0.22611301074911042,0.711562469261115,0.9151926631086946,0.05221059711500771,1.3383533339549063
Siirt,1995,5,1995-05-01,0.5060685412346592,-0.5709708934365819,-0.0651476324750183,-0.06271558079355749,0.835381432119706,1.0458255084441976
Siirt,1995,6,1995-06-01,1.0164697914833283,-0.4415184717428383,-0.6643036769369729,0.20298510147192236,1.141674645139147,-0.296021295403808
Siirt,1995,7,1995-07-01,1.3747439931825813,-0.9696874699603304,-1.4031260420058451,1.2286110457755688,1.3933844667147794,-0.5587415689333418
Siirt,1995,8,1995-08-01,1.4413115447014972,-0.9861540439890202,-1.584465404687909,0.8161946047942504,1.0176142130422592,-0.5587827906287722
Siirt,1995,9,1995-09-01,0.8788620663743756,-0.18133329749888033,-1.0277886874041904,0.9860350700065806,0.3880225690895426,-0.5387970633368506
Siirt,1995,10,1995-10-01,0.1097354751811137,-0.6168240146494218,-0.42947076548862206,0.15623016580400545,-0.4547899520285729,-0.5248659950411052
Siirt,1995,11,1995-11-01,-0.6554451174352216,-0.31212090721471564,0.4169177101749902,1.3714896018978426,-0.9707493360325585,-0.5570434837162398
Siirt,1995,12,1995-12-01,-1.1301194305669304,-0.876030199992601,0.5958689703304924,-3.4421490542638757,-1.148547751453109,-0.5589476774104934
Siirt,1996,1,1996-01-01,-1.2411218150097083,1.7209814551087061,1.3108551544067506,-1.7843187176677677,-1.4344008198729592,-0.5240581741279845
Siirt,1996,2,1996-02-01,-1.016566466000586,-0.06327403331405482,0.8397156148058309,0.4033071131067676,-0.7849625440945962,-0.281913035976369
Siirt,1996,3,1996-03-01,-0.8034301918849969,2.2648227158190526,1.2711178491948427,-0.08603833945792022,-0.7897873140514803,0.05477793111553555
Siirt,1996,4,1996-04-01,-0.3603522344174182,0.6153944075654988,0.8717823168867249,0.9377093567612332,0.09216948279940979,1.838998141293245
Siirt,1996,5,1996-05-01,0.5670395672862588,-0.7594498445482055,-0.05864425638229038,0.007383397666203808,0.9154759125793133,2.157990874396327
Siirt,1996,6,1996-06-01,0.9589707547478168,-0.968667524412947,-0.9645374341428392,1.4051111569315997,1.4980069281005934,-0.38267841069455544
Siirt,1996,7,1996-07-01,1.6068843590789708,-0.9274566575648643,-1.5487625832814178,0.739409483518848,1.1406454622999345,-0.5592362292785058
Siirt,1996,8,1996-08-01,1.4238286620386127,-0.9675857714404349,-1.5148673221943387,1.2515084885726098,1.0748160579354156,-0.5592774509739361
Siirt,1996,9,1996-09-01,0.7717584097328548,-0.5108015485315037,-0.8301447955126665,1.7956768405505343,0.2779428386462966,-0.5579214436702489
Siirt,1996,10,1996-10-01,0.10673161091860545,-0.379130763727115,-0.22850943918886404,0.06980847055579614,-0.5454151816172933,-0.5593598943647967
Siirt,1996,11,1996-11-01,-0.42925067747850104,-0.8520871689685514,0.09856035920512757,-2.2397081005099966,-0.9212405471902511,-0.559401116060227
Siirt,1996,12,1996-12-01,-0.8747069943231558,0.9919134524637807,1.4376206554742812,-0.2645929671218667,-1.5900662117520377,-0.5291690427747767
Siirt,1997,1,1997-01-01,-1.1337309316830833,-0.5212087668801347,0.6798058835104681,-0.8043128893856687,-1.0957891325907292,-0.48356745049903294
Siirt,1997,2,1997-02-01,-1.3423990002515735,-0.2344990491206611,0.8851069582804647,0.9164238513102123,-0.8819377547392486,-0.48407441519416927
Siirt,1997,3,1997-03-01,-1.0239611115574467,0.14760028239655165,0.6392388129487814,0.7750117768061231,-0.38432065216130046,-0.23028570204990717
Siirt,1997,4,1997-04-01,-0.3660634058400539,-0.15897888954650236,0.4780893224507516,1.3893709553490914,0.23266519301314031,0.40354929885433427
Siirt,1997,5,1997-05-01,0.4806415283743745,-0.715000669042094,-0.18747398184763286,-0.6884254538850372,0.8006014467979817,-0.015194879576661813
Siirt,1997,6,1997-06-01,1.0579269366543658,-0.7738626269631124,-1.0067873821571254,1.0027959597687701,1.224089409535477,-0.5401284619405934
Siirt,1997,7,1997-07-01,1.3361118669743144,-0.8184284670599732,-1.4143614539609901,0.5715970379424947,1.4025244266649879,-0.5597308896236697
Siirt,1997,8,1997-08-01,1.2865987044507299,-0.9827859151316695,-1.536738667082288,0.43883086731941556,1.0755070079950932,-0.5597721113191
Siirt,1997,9,1997-09-01,0.6980455651963499,-0.7466055793368894,-1.1110949144557276,1.6197948846852384,0.39482663233658166,-0.5598133330145304
Siirt,1997,10,1997-10-01,0.1742896582167284,0.09395546171364358,0.2311597072449281,-1.018345536423424,-0.6121727189395102,-0.5510054377155494
Siirt,1997,11,1997-11-01,-0.4810668548461394,-0.209912377538622,0.5158057183928665,-2.1374006456383294,-0.9902294099173711,-0.49608898544568863
Siirt,1997,12,1997-12-01,-1.1114569002724217,0.855196307267209,1.1514934515449518,-1.223356550502499,-1.4936501300089424,-0.5045135811358243
Siirt,1998,1,1998-01-01,-1.432498264085462,0.19343255283086788,1.2305377096052996,-1.3269055287000893,-1.3884630679381607,-0.5022260878327254
Siirt,1998,2,1998-02-01,-1.3767400410642519,-0.05029299764390848,0.8536997036199503,2.617319182498738,-0.7447494651146089,-0.3448461756275759
Siirt,1998,3,1998-03-01,-0.821089491011174,1.3542252430906225,0.8026329197850158,1.9449293558538918,-0.3496722926780546,0.14973166836461432
Siirt,1998,4,1998-04-01,-0.1403826706849487,1.0185608659191103,0.5660669786070733,-0.9839916946322461,0.26951378913693946,2.217123622363485
Siirt,1998,5,1998-05-01,0.33449423541973644,0.9121273435142587,0.4249370685807703,-1.021106342433787,0.8981621603193998,2.8742457732530196
Siirt,1998,6,1998-06-01,1.0989950087288536,-0.622192567775821,-0.6708628235597854,-0.5144333874019023,1.3781214503721106,0.84216784384093335
Siirt,1998,7,1998-07-01,1.5263065787065235,-0.6810545256968392,-1.280985328896172,-0.15342900603423476,1.4244122615084152,-0.5578968349703043
Siirt,1998,8,1998-08-01,1.4971448261663005,-0.9898520607505384,-1.467173124406356,0.5944944807395327,1.0297343866087896,-0.5602667716642641
Siirt,1998,9,1998-09-01,0.9008022235793575,-0.8325468577786953,-1.2027392209845047,-0.4193091709997435,0.5384764390061344,-0.5603079933596944
Siirt,1998,10,1998-10-01,0.30610223352338717,-0.9904957013085279,-1.1185639760128765,0.7567853142951645,-0.20306019286652563,-0.5603492150551247
Siirt,1998,11,1998-11-01,-0.2288982158577282,-0.6429042404013499,-0.030592843908021774,-0.49966016406340297,-0.998501915869916,-0.5603904367505549
Siirt,1998,12,1998-12-01,-0.873319859373302,1.4226862073054203,0.7025207302442912,-1.1866486491004364,-1.290444142725311,-0.5008165544836356
Siirt,1999,1,1999-01-01,-1.0796165559061086,-0.446606533692069,0.6599311499723297,-1.884976187388318,-1.0952551078627244,-0.4668585372005383
Siirt,1999,2,1999-02-01,-1.0764390968244617,0.7072366755395659,0.8326680022407058,2.1370616587396136,-0.791362391576269,-0.3299713169824466
Siirt,1999,3,1999-03-01,-0.709783679962559,2.381409276612512,0.5425213000575809,0.28704009657765606,-0.29938063222440103,0.19860576598827126
Siirt,1999,4,1999-04-01,-0.19839541222207593,0.7470165405533314,0.531567472823958,-0.6725030549428589,0.5320555094328974,2.333996197944197
Siirt,1999,5,1999-05-01,0.48345792265130405,-0.6576523711590457,-0.28336172938905446,0.6455035078472761,1.2260906176706197,1.660024855674391
Siirt,1999,6,1999-06-01,1.095948680964599,-0.803769944765438,-1.0083861271186605,0.42244229968066627,1.4395019078189712,-0.3781077327338711
Siirt,1999,7,1999-07-01,1.4749253933079949,-0.938302733238461,-1.4279234628772801,0.1003208962428785,1.345784468707298,-0.5607202103139975
Siirt,1999,8,1999-08-01,1.4763995037350917,-0.9150852560656105,-1.4726444012045556,0.47468170843362606,0.9104933625620056,-0.5607614320094279
Siirt,1999,9,1999-09-01,0.8391293353307188,-0.843803244828783,-1.1865834503196415,-0.047438333631015274,0.48744840331911243,-0.5608026537048583
Siirt,1999,10,1999-10-01,0.2305479229843163,-0.4099421073965178,-0.5856965098015215,-0.29589067331024993,-0.34426118954927465,-0.559446646401171
Siirt,1999,11,1999-11-01,-0.6340469770866182,-0.7133169770686401,0.14371566009442371,-0.837280149426938,-0.8775440809241941,-0.5608850970957189
Siirt,1999,12,1999-12-01,-0.8851789172926923,0.075975227646984,0.4394967968382199,-1.4087215948955554,-1.3055660687143118,-0.545556799800856
Siirt,2000,1,2000-01-01,-1.497602758699567,1.1600632412883343,1.1214387961026915,2.3277032885424043,-1.394288108645281,-0.5306942455056989
Siirt,2000,2,2000-02-01,-1.3021490152691786,0.5271382072903793,0.91030530315331,-0.3503409089207751,-0.7917563461121732,-0.37284859030084344
Siirt,2000,3,2000-03-01,-0.9190358792930851,0.5949694314662033,0.5929371600533188,-0.5861588518426193,-0.08044655643122665,0.4412289514895648
Siirt,2000,4,2000-04-01,-0.09311423994563434,0.5765309791169403,0.47928061805911,0.014217813182437549,0.32687100946757075,1.5571079570893687
Siirt,2000,5,2000-05-01,0.4192755450189666,-0.7024306896588814,-0.32124266455509276,-0.2569126329984865,1.1374578952515717,1.0675708427030826
Siirt,2000,6,2000-06-01,1.0662539166165337,-1.0134465878232257,-1.2154800796375698,1.803558441118391,1.567468845999853,-0.4456693850366786
Siirt,2000,7,2000-07-01,1.6899767889893478,-1.0161100136079015,-1.7076077829142082,0.43128766421592557,1.4861204957223244,-0.5612148706591615
Siirt,2000,8,2000-08-01,1.3408784431687122,-0.9108131013411825,-1.4089034858858964,0.10860974282717574,1.035228482376192,-0.5612560923545918
Siirt,2000,9,2000-09-01,0.8430501289383764,-0.9686891201019139,-1.194889487564439,0.8549332404919308,0.4847831799546961,-0.5612973140500223
Siirt,2000,10,2000-10-01,0.12019425491644503,-0.35366166196696563,-0.520686541594965,-1.0271775442352982,-0.46184885658292607,-0.5613385357454526
Siirt,2000,11,2000-11-01,-0.5438879899077367,-0.4702010607647565,0.12453210414340539,-2.1992409882793025,-0.9163937997401251,-0.5590510424423536
Siirt,2000,12,2000-12-01,-1.188979728194773,1.761027165870181,1.0633781329841563,-1.8227932337724482,-1.4314205208136257,-0.5348736281530794
Siirt,2001,1,2001-01-01,-1.155036574359108,-0.3313343101421765,0.8889209417326129,-1.4046066329434699,-1.1292720053322332,-0.4124244409258691
Siirt,2001,2,2001-02-01,-1.1145740893537461,1.0754022937029997,1.0049786612884588,0.47183091126476867,-0.973625759033733,-0.33841252566806823
Siirt,2001,3,2001-03-01,-0.41424876132952876,1.4407406594953385,0.7864794079315235,-0.6183200468720631,-0.2598019457247273,0.7173856329696802
Siirt,2001,4,2001-04-01,-0.1455404417651913,0.6951720764346266,0.5620632923294627,-0.21126380506231962,0.3429113303619883,2.3618829432356323
Siirt,2001,5,2001-05-01,0.16419383465720722,1.5322823304241562,0.42986935855695596,-0.36837763603997137,0.8180758850766149,3.360394712909561
Siirt,2001,6,2001-06-01,0.9449912713804818,-0.9236442109439256,-0.6953270048381228,0.4674756869857436,1.7814287194971066,0.3842557230937011
Siirt,2001,7,2001-07-01,1.4825888409550076,-0.9842315623954456,-1.36015219760641,-0.26452118733531527,1.4650210482243062,-0.5607780450049138
Siirt,2001,8,2001-08-01,1.4299685929377803,-0.9997121972638484,-1.4818460745573014,0.4374895684841156,1.101841744113334,-0.5617507526997559
Siirt,2001,9,2001-09-01,0.9532114968301661,-0.9343458209887413,-1.384246527818955,0.029942659573710097,0.4543881919161771,-0.5617919743951861
Siirt,2001,10,2001-10-01,0.16780481334538008,0.10488196085956393,-0.42914035210429957,-0.3852563711624186,-0.36780682593561054,-0.5548470510950286
Siirt,2001,11,2001-11-01,-0.7311295956012961,-0.17680224728625055,0.3194187888203696,0.288163274926359,-0.9950639863108101,-0.5437104407975183
Siirt,2001,12,2001-12-01,-1.1671890502180104,3.745065154450323,1.4895638070680435,-1.6963468127778196,-1.598820867089091,-0.4832050725311873
Siirt,2002,1,2002-01-01,-1.4633737300819072,0.37837731376739264,1.1960271531688045,0.38304587167175635,-1.1789024597491797,-0.49116392522161717
Siirt,2002,2,2002-02-01,-1.0195371998845233,0.347368137124474,0.7195865085968535,1.2115402385780583,-0.6067328852603828,-0.28208654004911754
Siirt,2002,3,2002-03-01,-0.6547582407261026,1.733646503393701,0.8116606393486888,0.5328150513307475,-0.3815865959455611,0.381556012836299
Siirt,2002,4,2002-04-01,-0.3991783930675709,2.0289831888056833,1.1117386590116345,-0.6071094810452191,-0.1446524161898558,1.3530546885272872
Siirt,2002,5,2002-05-01,0.2768978341779619,-0.47131061477530045,0.10731382878144716,-1.3730539503749415,1.115608009647936,4.055254351125242
Siirt,2002,6,2002-06-01,0.9051829437506086,-0.9112380581471321,-0.6400491537569151,0.33903688643992913,1.5817638883294682,0.332063589781187
Siirt,2002,7,2002-07-01,1.4165732828814208,-0.9121760904013061,-1.3482472117857083,-0.19024832424334093,1.441038824395698,-0.5594097333512543
Siirt,2002,8,2002-08-01,1.2772964204464923,-1.0146658561650113,-1.4011356443402203,0.8164560097276067,1.1497169597016403,-0.5622454130449197
Siirt,2002,9,2002-09-01,0.9280758625964399,-0.8748610732882572,-1.2766489886175643,-0.3680595234691656,0.5135783046020501,-0.5622866347403501
Siirt,2002,10,2002-10-01,0.32357301780802555,-0.2773340352483983,-0.37763440821767547,-1.0601957995525955,-0.5554290002947738,-0.5590676554378394
Siirt,2002,11,2002-11-01,-0.451060364575136,0.10846256811988973,0.056424141250173,-1.6129243289201267,-0.9046833642284744,-0.5241781521553305
Siirt,2002,12,2002-12-01,-1.558205750926648,2.136340842945694,1.2404181058847465,-1.238076563522289,-1.5096117261724706,-0.5419176078395834
Siirt,2003,1,2003-01-01,-1.3098115563197479,0.6523038288302359,1.441031122642126,-0.9242370784986246,-1.3388415025807645,-0.46557697758325306
Siirt,2003,2,2003-02-01,-1.4275984838725735,3.297133533205448,1.706406511454315,0.21372102042457958,-1.2665171822407906,-0.48517940526632947
Siirt,2003,3,2003-03-01,-1.0969797103699754,2.92375698315297,1.3691444776034867,-0.3320361278251018,-0.43677063417585055,-0.17783024715589393
Siirt,2003,4,2003-04-01,-0.31123475784565685,1.3840144064813127,1.0018866975232954,-0.25680371427625476,-0.005470912832717095,1.300862555214773
Siirt,2003,5,2003-05-01,0.4048886943274399,-0.6795083490926584,0.1111001301013697,-0.9440008935448997,1.1188425858816633,4.353300953591532
Siirt,2003,6,2003-06-01,0.9328625844329893,-0.2705421754576327,-0.5406223627645249,-0.11503448016233764,1.5212297563797603,1.2518770968547974
Siirt,2003,7,2003-07-01,1.4067959722427712,-0.9973779144728969,-1.4117207135243417,0.5727155031637032,1.4729315888570564,-0.5408089307084781
Siirt,2003,8,2003-08-01,1.4775891600330406,-0.9983159467270709,-1.5367011120567107,0.5255139675009828,1.1055553015589012,-0.5627400733900838
Siirt,2003,9,2003-09-01,0.8381492102589414,-0.9225972092689533,-1.2565255295219933,0.2086794845973306,0.5627366382825992,-0.5627812950855141
Siirt,2003,10,2003-10-01,0.3105643382559872,0.014092899909534036,-0.3579198661637598,1.7145804205808994,-0.4140331290405599,-0.560493801782415
Siirt,2003,11,2003-11-01,-0.6135157135907411,0.6924669490929033,0.5026033639516762,-1.1677322515121975,-1.0404777421657152,-0.5027828915143191
Siirt,2003,12,2003-12-01,-1.1859047584120264,1.3816863290394261,1.1896025932074474,-0.9091967378653508,-1.4736491598326322,-0.4930435102159264
Siirt,2004,1,2004-01-01,-1.288145161762731,1.8189982535326954,1.5616679091015138,-0.4075324443921199,-1.4716061391195814,-0.48563284391606304
Siirt,2004,2,2004-02-01,-1.3169737061689808,1.5114331424293541,1.5815441190998318,1.039876535917962,-1.20341649491588,-0.4479488826353189
Siirt,2004,3,2004-03-01,-0.5556843378561149,-0.2651813175011844,0.661740524618718,0.5290139884389387,0.03991756058773137,0.6111094770003704
Siirt,2004,4,2004-04-01,-0.29315497564346893,1.0885610564785808,0.3718976823517305,0.8008363681649981,0.4690523734316173,1.9850101044372195
Siirt,2004,5,2004-05-01,0.21642289694938494,1.2088935409396724,0.3526874187226599,-0.7612070300154,0.7975104623066015,3.6770132006731693
Siirt,2004,6,2004-06-01,0.9518734565881058,-0.9670262789069838,-0.651651180990786,0.07568976416836849,1.6790291902052934,0.815446988784951
Siirt,2004,7,2004-07-01,1.3792150617255474,-1.01972611707621,-1.389012508247694,1.6069818316645652,1.5278441701935677,-0.5585360820427588
Siirt,2004,8,2004-08-01,1.3848215958591887,-1.0260868147119608,-1.57900746242157,0.6811775809211011,1.1836148810792686,-0.5632347337352477
Siirt,2004,9,2004-09-01,0.9815087509551422,-1.0262853925959199,-1.5211509642861674,0.4295948277677057,0.5965625586362356,-0.563275955430678
Siirt,2004,10,2004-10-01,0.32402802710978695,-0.4824920387916865,-0.7414387442847958,-0.4796530139346483,-0.41677607431585,-0.5633171771261083
Siirt,2004,11,2004-11-01,-0.7596288286049491,3.5596599404998654,1.1037578067983722,0.06674140984712615,-1.220079015322707,-0.486976546869778
Siirt,2004,12,2004-12-01,-1.4795764706048307,-0.5309537286235815,0.9950587060213727,-0.32779689195955,-1.1933289057057166,-0.4413749545940344
Siirt,2005,1,2005-01-01,-1.4033458832006855,1.235404183936172,1.2571068984800358,0.1822151707781057,-1.298669303307146,-0.48100433126446257
Siirt,2005,2,2005-02-01,-1.2776005594351687,0.8045966777969926,1.2117276099137548,-0.6682355556230922,-0.9316870875882545,-0.3711302050293106
Siirt,2005,3,2005-03-01,-0.8701424520013905,1.457582793602979,1.1670955750168124,1.8450175296141476,-0.2923097617661785,0.23196575789434437
Siirt,2005,4,2005-04-01,-0.1621564567361445,0.14288083026676413,0.6020564446881237,0.5688852287403107,0.19552911692347877,2.072075128036757
Siirt,2005,5,2005-05-01,0.3629319866409747,-0.288173160662487,0.03218189745836979,-0.6827602822912127,0.9963074975552124,2.3351787011751357
Siirt,2005,6,2005-06-01,0.8869899133293693,-0.4616505459668353,-0.7074181692520599,0.30523113557864995,1.457855173484757,0.12798140387364723
Siirt,2005,7,2005-07-01,1.551916882128547,-1.0243274147943622,-1.5042405899401894,0.7901303257791569,1.5069142977738192,-0.5627566863855696
Siirt,2005,8,2005-08-01,1.4558906497651278,-0.88181129922682,-1.3993597166749587,0.55719092398298,1.034486249487396,-0.5637293940804116
Siirt,2005,9,2005-09-01,0.8527973860956632,-0.9414127115180533,-1.23203167937989,0.7497094956969997,0.4843800972224407,-0.563770615775842
Siirt,2005,10,2005-10-01,0.10014145510420262,-0.264517571075114,-0.44375281005491823,1.4958242991301447,-0.25600625036928765,-0.5619488654724489
Siirt,2005,11,2005-11-01,-0.5985464722530095,0.12374388019389065,0.24174307962595984,-1.3275670349048867,-0.9326111716467106,-0.546620568177586
Siirt,2005,12,2005-12-01,-0.9264431023601907,1.275368726314881,0.9278105854366855,-0.43091412573660876,-1.291415438738317,-0.528032069884782
Siirt,2006,1,2006-01-01,-1.5247918464808625,1.999095976871439,1.3712031815941068,-0.43846375739331006,-1.4409725379986504,-0.5029231695960958
Siirt,2006,2,2006-02-01,-1.2822889079045876,1.7063199531723987,1.5901006705234015,-0.6586579043304124,-0.9904094915142309,-0.42518531034064805
Siirt,2006,3,2006-03-01,-0.6979066944224372,0.7689862034359217,0.8787068537616148,0.2685190206660572,-0.1775371778003553,0.38144034345446665
Siirt,2006,4,2006-04-01,-0.12770233398245806,1.2706306581378979,0.8312064726777261,-0.16121904153894467,0.05298847712239606,2.106976935669238
Siirt,2006,5,2006-05-01,0.4016873514130278,-0.4579192677286633,0.024741961693047296,-0.22031614840347047,1.2028201988651084,3.1292415983281643
Siirt,2006,6,2006-06-01,1.1959229328963077,-1.0260188019377672,-1.2251182393867683,-0.2178484569428625,1.661739461081468,-0.18456106627444116
Siirt,2006,7,2006-07-01,1.4044024715567063,-0.9167781330299013,-1.3912018508993662,0.1798861091882745,1.4008577360625285,-0.5641828327301452
Siirt,2006,8,2006-08-01,1.5798422987728697,-1.0283878360262586,-1.5792444160149388,0.2370316893308677,0.9146517126666679,-0.5642240544255757
Siirt,2006,9,2006-09-01,0.8699139717948223,-0.998515269521473,-1.2255093217268727,0.8757385282284099,0.5289387069049162,-0.564265276121006
Siirt,2006,10,2006-10-01,0.17279512261189967,3.145681412859754,0.293025423387419,0.31167094561003367,-0.592472949679948,-0.47488384187291155
Siirt,2006,11,2006-11-01,-0.8004607713427154,0.9308169961817725,0.7066679489386468,0.0017929370934019096,-0.8463483977150319,-0.09674174780718581
Siirt,2006,12,2006-12-01,-1.280920477663587,-0.35997594251748977,0.5933942921319825,0.9852626466117008,-1.1553187886800402,-0.3953242323140706
Siirt,2007,1,2007-01-01,-1.4677046772963165,-0.14302142034830084,0.8926029563336895,-0.23271352838664064,-1.188759353094988,-0.4624324459671445
Siirt,2007,2,2007-02-01,-1.1554665338353975,-0.10920509720236841,1.0211821139304231,-0.9771773985912977,-0.9431504996478525,-0.31669610875464144
Siirt,2007,3,2007-03-01,-0.7897110620932604,1.1203089425812716,0.9114210529620675,-0.2958124649704887,-0.2900799862554736,0.37628825311224395
Siirt,2007,4,2007-04-01,-0.5711542094818136,2.8252921424131783,0.9529094804950655,-0.06753761490718116,-0.033041267845207015,1.436743841747051
Siirt,2007,5,2007-05-01,0.4714514294116368,-0.5095991603505059,0.37816860353749027,-0.89525557679365,0.4824779161207238,3.8515800735264913
Siirt,2007,6,2007-06-01,0.9800743910627779,-0.9418855752301157,-0.6150869342883195,1.3055971504533104,1.5118392628834678,0.3072346240694861
Siirt,2007,7,2007-07-01,1.4284302510888915,-0.9541619078275867,-1.2375046097193725,1.6670189202841974,1.3482173240062894,-0.5642117500756033
Siirt,2007,8,2007-08-01,1.4215463015380883,-0.9242893413228013,-1.3713032988317455,0.43234720675700516,0.970624138242367,-0.5647187147707395
Siirt,2007,9,2007-09-01,1.0082969972253712,-1.0344201355787281,-1.4919000415979293,-0.11099008218804782,0.6022346398515488,-0.5647599364661698
Siirt,2007,10,2007-10-01,0.36836509224811154,-0.7408088436972474,-0.72375084579436,0.10003271139544963,-0.44454843791233867,-0.5648011581616001
Siirt,2007,11,2007-11-01,-0.6360072272301733,0.28165797242618346,0.32094395584231505,0.1127264202049768,-1.0062803749183553,-0.5569247488620309
Siirt,2007,12,2007-12-01,-1.1981998531564868,0.5698465989260871,0.8066068597725949,-0.7352348821477225,-1.266589784048134,-0.5183093015818752
Siirt,2008,1,2008-01-01,-1.602200399649793,0.2433021589872273,0.6796578022731035,1.1500721669039689,-1.0817448289600171,-0.5285968692708344
Siirt,2008,2,2008-02-01,-1.326749918846009,0.45409456140462434,0.8698777134830481,0.11891331096120976,-0.7914768019363861,-0.35724466707450914
Siirt,2008,3,2008-03-01,-0.4338154809850738,-0.042277898893621456,0.39094208240104045,0.886626767973918,-0.1166344252082287,0.6091308356197147
Siirt,2008,4,2008-04-01,0.07200799663629506,-0.3769563369048466,-0.03716407200235586,0.5092013931593136,0.3808970823302115,0.726922592849866
Siirt,2008,5,2008-05-01,0.29737143786914894,-0.2625394874054756,-0.32744565947716736,0.1160543862300419,1.030218068679438,0.01289735260535652
Siirt,2008,6,2008-06-01,1.0412732700505785,-0.9065563369566563,-1.0708675277692261,1.630024832502557,1.675640241354106,-0.5357891227435737
Siirt,2008,7,2008-07-01,1.4289063225792635,-0.9949964696862759,-1.5588236264246225,1.3719029934253637,1.5276404065625526,-0.5651721534204731
Siirt,2008,8,2008-08-01,1.4886382860121645,-0.8850163464081948,-1.3921333695552665,0.8405308404259849,0.7372590865198699,-0.5652133751159034
Siirt,2008,9,2008-09-01,0.8696004952844889,0.02949013166384149,-0.8134092988306557,0.9488065073131814,0.18686465662185528,-0.5610629098139811
Siirt,2008,10,2008-10-01,0.13888576635396993,-0.16198064331573916,0.047308085530022276,-1.3658578547990092,-0.40625421424628755,-0.5191872615358842
Siirt,2008,11,2008-11-01,-0.5694786609256106,-0.43725624691969023,0.5486145067899593,-1.7128834365423318,-0.9692565512136774,-0.5387896892189606
Siirt,2008,12,2008-12-01,-1.2286703531827987,0.513976464873026,0.5319987512872565,-0.5545279609343284,-1.2779810583151943,-0.5392966539140968
Siirt,2009,1,2009-01-01,-1.4295607209566663,-0.4329701916762462,0.8410507103245771,-0.7749457088338704,-1.1556669133391422,-0.5095303236283523
Siirt,2009,2,2009-02-01,-1.0674915842180588,1.5320544616812797,1.0733633201434711,-0.18399009769294974,-1.0348744018779232,-0.4182859173814345
Siirt,2009,3,2009-03-01,-0.9035657281026229,1.3649856809187948,1.0537735802601322,1.3532447864938733,-0.4807418622768995,0.26398635549221616
Siirt,2009,4,2009-04-01,-0.37812204128406385,0.7456173103747822,0.5861657142346101,-1.1374183776099474,0.3478736805785074,1.9969748357022814
Siirt,2009,5,2009-05-01,0.31872712387680124,-0.7085950441420021,-0.14241257391140236,-0.4044513107682718,1.0967041491078775,2.0612061479662596
Siirt,2009,6,2009-06-01,0.9328853514050184,-0.7561187017197233,-0.6763859403407182,0.17102117595124758,1.0059274244785372,-0.3602329291999236
Siirt,2009,7,2009-07-01,1.3376923011522321,-0.9806184385689088,-1.2093505724232443,0.90565779664581,1.2475150270071016,-0.5656668137656371
Siirt,2009,8,2009-08-01,1.2331837253911682,-1.0197616132841927,-1.4610735606571492,0.6163709523147615,1.0989329844468205,-0.5657080354610675
Siirt,2009,9,2009-09-01,0.667525663444278,-0.7522777091503099,-0.8396371829700917,0.4580745206913153,0.30712158124406064,-0.5657492571564977
Siirt,2009,10,2009-10-01,0.3369103335301595,0.5307235300788842,-0.599083709382762,-0.9535003364978167,-0.4243013103354455,-0.5639275068531047
Siirt,2009,11,2009-11-01,-0.6390176539489887,2.2684892069903237,1.01822999081522,-1.1275184002359304,-1.0535340203724903,-0.11173227583414748
Siirt,2009,12,2009-12-01,-0.9773592697906326,1.5066526277848808,1.4851667720248993,-1.5571173329531927,-1.5683657301059803,-0.4210268493342671
Siirt,2010,1,2010-01-01,-1.1603528251211173,1.8335393663260378,1.5468022276487075,1.8996572801265257,-1.4697497023181616,-0.4848748619893999
Siirt,2010,2,2010-02-01,-0.9976698032031387,0.012804128972669054,1.4292019759703602,-1.6508496013913139,-1.0720532005476153,-0.39735639974012904
Siirt,2010,3,2010-03-01,-0.5625530865089858,0.01285203587878175,1.0209037770104064,0.46961112649306563,-0.4034029768391802,0.42743323104351394
Siirt,2010,4,2010-04-01,-0.25046260358724115,0.47727728727993496,0.688551459310918,-0.5628358766034277,0.2488332877306382,1.804594059478304
Siirt,2010,5,2010-05-01,0.31028586000041797,-0.03560965395311313,0.28793819683019883,-0.7788710456391468,0.8450673827017872,2.7197378322048835
Siirt,2010,6,2010-06-01,1.0223701010317794,-0.2963426549428351,-0.710835009406494,0.03611285422550432,1.353323100815153,0.1082756111587108
Siirt,2010,7,2010-07-01,1.5011039359292393,-1.0253967570687446,-1.4370688036916601,0.04915438675438512,1.4809053782227932,-0.5396141231275672
Siirt,2010,8,2010-08-01,1.504162659958094,-1.0177078216704099,-1.568654785204623,1.118466990208523,1.028571976711366,-0.5662026958062314
Siirt,2010,9,2010-09-01,1.0880289446121116,-1.0119907645926485,-1.2350786502738347,0.23259290244655814,0.325834122746883,-0.5662439175016617
Siirt,2010,10,2010-10-01,0.24187459694594785,0.00209556866834558,-0.022824396350611956,0.12876566527348884,-0.4525653048903715,-0.5611619662003277
Siirt,2010,11,2010-11-01,-0.3328779042408353,-1.0419660951691676,-0.6146763364133354,-1.4435733149997,-0.6930838892603878,-0.5635319028942872
Siirt,2010,12,2010-12-01,-0.8013017970544987,-0.07421890244164892,0.1604499386221986,-0.6689369665797699,-1.2581578684339763,-0.5603129235917765
Siirt,2011,1,2011-01-01,-1.2322718456326258,0.45232051605756685,0.6323148752132125,-1.6385670059614659,-1.1998159217352835,-0.553833743291325
Siirt,2011,2,2011-02-01,-1.3084826402603371,0.6586761922536736,1.05630211869471,0.6877556746759682,-0.9168884385631559,-0.44768556105381974
Siirt,2011,3,2011-03-01,-0.7998933387020439,-0.017137195216753272,0.4403237632712694,0.9529246835418708,-0.05822025527398725,0.3677892097357062
Siirt,2011,4,2011-04-01,-0.3877785238737814,4.046951930391177,1.055477786832942,0.9368881531330036,-0.17310772978201808,1.3956427883911033
Siirt,2011,5,2011-05-01,0.15770690007393914,0.533359154825528,0.6062869152604554,-1.3473764159079054,0.7975142229936482,4.107623053982881
Siirt,2011,6,2011-06-01,0.8847331152442292,-0.7044395540083235,-0.40480261195236866,0.46620938221359987,1.488912438764272,1.152908242153491
Siirt,2011,7,2011-07-01,1.4706023650479916,-0.9691163116391924,-1.3391122701262315,-0.3857866752835714,1.2417323800695486,-0.5508208724659659
Siirt,2011,8,2011-08-01,1.3742964949901446,-1.042274387384368,-1.3600466017598427,0.483179465824362,1.0593625031639688,-0.5666973561513953
Siirt,2011,9,2011-09-01,0.8480362771026473,-0.7217962533850745,-1.0153602884267194,-0.09640105467707041,0.3195329270792272,-0.5667385778468257
Siirt,2011,10,2011-10-01,-0.010037886212295871,-0.16148841864603872,-0.11377777408486711,-0.7840851871528072,-0.4147798064591308,-0.5597936545466681
Siirt,2011,11,2011-11-01,-1.0271140425789218,-0.048303993097026106,0.46774526328693944,-0.5131671490970621,-1.0184745097087122,-0.5439996142520993
Siirt,2011,12,2011-12-01,-1.1932195525562925,-0.09508819630453193,0.3838149293659895,-1.1894426635780833,-1.2481826828390161,-0.5384519199510593
Siirt,2012,1,2012-01-01,-1.4595451408262807,0.8655109375109077,1.466159384670873,-0.2620421376191743,-1.490963681378285,-0.5324384826503136
Siirt,2012,2,2012-02-01,-1.5942974439371906,2.325241771221495,1.2237478335635947,2.3590919866803337,-0.9426520882678884,-0.4383996184051607
Siirt,2012,3,2012-03-01,-1.25305174928354,0.49538659663547374,1.0497086106593028,1.0793711045365018,-0.3653928598135039,0.04220593559585383
Siirt,2012,4,2012-04-01,-0.1564149293508033,0.13014404465536042,0.581523162870699,-1.1108419307918846,0.4774316614752775,2.582792777295875
Siirt,2012,5,2012-05-01,0.36396524380828255,-0.010550863569454536,0.1627320735965871,-0.7931068201114876,0.7115099142877854,2.2092256698363477
Siirt,2012,6,2012-06-01,1.030019048946488,-0.948131098096003,-0.7746054146085284,0.9308100231613184,1.4711776434442616,-0.2191995523254232
Siirt,2012,7,2012-07-01,1.4262121220101596,-0.9180120468011459,-1.3226029001096977,0.3270905365369231,1.2989342249627054,-0.5671507948011288
Siirt,2012,8,2012-08-01,1.4047559414941708,-1.0357838695492947,-1.4243010591217973,0.4364096745821732,1.0233404487781905,-0.5671920164965593
Siirt,2012,9,2012-09-01,0.930650225007799,-1.0093620901055125,-1.226371492658997,-0.20543129168309732,0.42358130047012493,-0.5672332381919896
Siirt,2012,10,2012-10-01,0.24633774653450802,0.2906465996386274,-0.08319493293972852,-0.9665062289419051,-0.5273650086838166,-0.5495762258985973
Siirt,2012,11,2012-11-01,-0.43410226771853894,-0.12561830388632328,0.6368251609251889,-2.379750639983925,-1.1480921154199684,-0.4946597736287365
Siirt,2012,12,2012-12-01,-1.2012258244635658,1.6912689906381249,1.2238420041749438,-0.35969668205563876,-1.4680665158390478,-0.47420830333710906
Siirt,2013,1,2013-01-01,-1.527984225584909,2.233336950911857,1.4909501382763772,0.23796695795847972,-1.3795402052082941,-0.5138376800075373
Siirt,2013,2,2013-02-01,-1.0731730255546221,0.7347573341821694,1.3709523993198864,-0.8480846492002858,-0.944685564411833,-0.36763559979532845
Siirt,2013,3,2013-03-01,-0.7709152845686408,0.7710385052288189,0.9121907538845087,1.8945084898462043,-0.1677828501127828,0.3938129830283181
Siirt,2013,4,2013-04-01,-0.18816451290533137,0.12554274693720824,0.5533282467550221,-0.5319464156654123,0.527597553745881,2.3946036880692514
Siirt,2013,5,2013-05-01,0.3042881401417274,0.8233890945362398,0.3952895628232232,-2.0607378662758498,0.6507722922441538,2.5207788192941085
Siirt,2013,6,2013-06-01,0.9221127285524426,-0.8516736318847679,-0.6461270744285825,-0.5972018593092365,1.5531035347491848,0.4905638618808454
Siirt,2013,7,2013-07-01,1.3788080060434937,-1.04339089165442,-1.4137677866586023,1.5888335774933695,1.5254143917388943,-0.5667139691468812
Siirt,2013,8,2013-08-01,1.3376218326428726,-1.0477797109695974,-1.4126889316598414,0.6901595768592865,1.0849512457063675,-0.5676866768417232
Siirt,2013,9,2013-09-01,0.7711807851515847,-0.9402644355922333,-1.1775327291581332,0.813391663678579,0.4615688758696377,-0.5677278985371536
Siirt,2013,10,2013-10-01,-0.041492644930247694,-0.6168284841120796,-0.605837801373709,0.8607981796793418,-0.22652617008623,-0.5677691202325839
Siirt,2013,11,2013-11-01,-0.47108521893952643,0.267606849571212,0.5613037917059415,-2.3313558616116685,-1.1069942504598531,-0.5477833929406624
Siirt,2013,12,2013-12-01,-1.5593074189395886,0.23462579460772,0.8528184160270507,0.22379010616626935,-1.408914557545786,-0.5408384696405047
Siirt,2014,1,2014-01-01,-1.289536476136425,0.1740384431562,0.9699179908154975,0.12650195491699637,-1.2540419975418928,-0.5059489663579958
Siirt,2014,2,2014-02-01,-1.0636886254794669,-0.28881208569229755,0.2849854375436161,-0.2608711782710481,-0.5118946039722,-0.3415829091572585
Siirt,2014,3,2014-03-01,-0.6216098179327725,0.5098465410460502,0.6024396423497067,0.9962662336326548,-0.26858258439770366,0.2871289187502187
Siirt,2014,4,2014-04-01,-0.16385605998355374,0.7741261429090014,0.43037955099752445,0.11380081832033113,0.4991738759922508,1.4151172423423748
Siirt,2014,5,2014-05-01,0.4059930570149859,-0.311837935240697,-0.08692258219505539,-0.8490814409059543,0.8010284613379753,0.8184592380237412
Siirt,2014,6,2014-06-01,0.9244281946550517,-0.717011023212422,-0.842461193915063,0.1067710652958699,1.5043972645088093,-0.3678294039225079
Siirt,2014,7,2014-07-01,1.448634225751976,-0.9454545167027544,-1.4120477637587174,0.033204491706341425,1.442292859363622,-0.5681401154914568
Siirt,2014,8,2014-08-01,1.4440495194664686,-0.9601956972009423,-1.5261924030175023,0.5119124197024012,1.0688966567868816,-0.5681813371868871
Siirt,2014,9,2014-09-01,0.8136615454305155,-0.08142951368929918,-0.9401783284813036,0.6159446372135157,0.3861842064404341,-0.5570447268893769
Siirt,2014,10,2014-10-01,0.020938711303364516,0.3709179829983417,0.538111170177825,-0.6927439637915791,-0.6317555636353773,-0.46254011964451813
Siirt,2014,11,2014-11-01,-0.7682917587289319,0.5597732390993595,0.5635558406242139,-1.1292298061519912,-1.0421968551858525,-0.4621155983402427
Siirt,2014,12,2014-12-01,-1.038239172989343,0.8149329037296584,1.4134423466839534,-2.606960734761694,-1.5251880177228447,-0.42256866506067503
Siirt,2015,1,2015-01-01,-1.3677628802000286,0.3730335820372534,1.2015318253306209,0.50338145384438,-1.2445331434121751,-0.4458970367413983
Siirt,2015,2,2015-02-01,-1.1700974046438024,0.7600626093558996,1.2644921163868486,-0.549353609910831,-0.9993769948614928,-0.35325540149536305
Siirt,2015,3,2015-03-01,-0.8202979265849123,1.1907194445172329,0.9561266027352572,-0.4800590441423365,-0.4141925331154734,0.3467151053671102
Siirt,2015,4,2015-04-01,-0.40201865413726245,0.32437331432139943,0.7965325155203423,0.8220867570453917,0.3408189470168382,2.044772860599236
Siirt,2015,5,2015-05-01,0.27733865538955765,-0.2666493053643704,0.21741774474187336,0.2123151377042887,0.9509454802752574,2.3572451917064363
Siirt,2015,6,2015-06-01,0.9782746736697278,-0.8788696169963046,-0.7687739410049355,0.36434702848584827,1.318706832916272,-0.12427473242180256
Siirt,2015,7,2015-07-01,1.508051709056754,-1.0358325213658504,-1.5178881080625368,0.844167992383831,1.4016922778645533,-0.5686347758366207
Siirt,2015,8,2015-08-01,1.4535050680334687,-0.9625786318084497,-1.4036845770439068,0.3628824549710045,0.9469848252573456,-0.5686759975320511
Siirt,2015,9,2015-09-01,1.0827824428722423,-0.9861932647492181,-1.336947962674987,-0.13788121072548126,0.27404555192185953,-0.5687172192274814
Siirt,2015,10,2015-10-01,0.18310751188291463,2.1779798923070195,0.4520713049069672,-1.1882063529966185,-0.6706180005821788,-0.5119377949587972
Siirt,2015,11,2015-11-01,-0.6686613392702621,-0.274002892419916,0.5331585211847119,-1.5962402151141153,-0.980553556367674,-0.2581490818145352
Siirt,2015,12,2015-12-01,-1.2385429660981775,0.25672676751051837,0.7731680374871861,-0.2579207471138788,-1.1868730868275872,-0.4449532463920144
Siirt,2016,1,2016-01-01,-1.6168789864139932,2.2818937096455336,1.6597692197883231,0.20409164235333166,-1.4054896367133802,-0.5074040300480296
Siirt,2016,2,2016-02-01,-0.9882257407807895,0.011077245621281314,1.2865980945951834,-0.13909588455577387,-0.8366053705297618,-0.2592042329002379
Siirt,2016,3,2016-03-01,-0.7554119728113226,1.4611951725190724,0.9381763058727339,0.6022069576289693,-0.28551479273150937,0.38208265599929747
Siirt,2016,4,2016-04-01,-0.15033161340036563,0.35230800889270864,0.5084371949541845,-0.4040141370284555,0.5998999225904361,2.439694007004345
Siirt,2016,5,2016-05-01,0.2423939522524,0.15812590122233935,0.3190512777004404,-0.13288740474110058,0.7657821445510088,2.23332863643922
Siirt,2016,6,2016-06-01,0.8456463096979299,-0.5756114119149317,-0.39086922134201235,0.7534699223343865,1.3017605617102166,0.32327537295006836
Siirt,2016,7,2016-07-01,1.4078271396981592,-0.9561360208794892,-1.1781444595350374,1.1897433565696218,1.4030191344677423,-0.5565543751897266
Siirt,2016,8,2016-08-01,1.5129846930481199,-1.0536960908417607,-1.5313103292566292,0.4183728372180222,0.8869678972963608,-0.5691706578772151
Siirt,2016,9,2016-09-01,0.7347833408230915,-0.801987213272465,-0.9450386478307936,1.55161544028888,0.46325452961995367,-0.5692118795726454
Siirt,2016,10,2016-10-01,0.20589245721764282,-0.31784317866557776,-0.6964912257102993,-0.6589800649934774,-0.2913082945151473,-0.5683216152686641
Siirt,2016,11,2016-11-01,-0.7283757279627412,0.11059529338511048,0.03210256777204069,-0.376862103174627,-0.8472859838652019,-0.49617267200968634
Siirt,2016,12,2016-12-01,-1.5495211444905732,1.3445460593900405,1.3750849967272085,0.6114771384145864,-1.4360086208291947,-0.5241584736874682
Siirt,2017,1,2017-01-01,-1.504485695442603,0.10280359391504221,1.1284544899537117,-0.5042388630945485,-1.2035554625167741,-0.479954110410842
Siirt,2017,2,2017-02-01,-1.4611402789684966,-0.6570611069698268,0.8262482989265298,-0.8929536020572314,-0.619206763656514,-0.3360807451971625
Siirt,2017,3,2017-03-01,-0.8051464028982205,1.13764255644817,0.9915370193647468,-0.4358604337637,-0.488483511674108,0.38345096765295694
Siirt,2017,4,2017-04-01,-0.3424855212593747,0.8754306467180176,0.6655131538656313,-0.11624707499880818,0.24441396512614258,2.2426558007833095
Siirt,2017,5,2017-05-01,0.23814725379243462,0.10250225195934991,0.24623884829958864,0.6509458458270103,0.8406621913538141,1.9524566902711296
Siirt,2017,6,2017-06-01,0.954972907287095,-1.0337447233649708,-0.7930860210083622,-0.008981953844513876,1.6120079909004836,-0.18161895607653916
Siirt,2017,7,2017-07-01,1.5297281122800968,-1.0529226300844488,-1.6289719504410871,0.2539361386661572,1.4720064473006649,-0.5696240965269487
Siirt,2017,8,2017-08-01,1.4484294651565448,-1.0247754571101648,-1.5396288400981886,0.8975125096346143,1.0735131331399643,-0.569665318222379
Siirt,2017,9,2017-09-01,1.061246536745163,-1.0582494816538002,-1.550784414201169,0.16377651671679694,0.4295302175447337,-0.5697065399178093
Siirt,2017,10,2017-10-01,0.06474757190776982,-0.6411493099464091,-0.6835124259075307,1.3832794021867174,-0.3313153632402712,-0.5697477616132396
Siirt,2017,11,2017-11-01,-0.6432895756998142,-0.060876207211567605,0.6663098727152269,-1.311834544151647,-1.05579980786723,-0.5520907493198474
Siirt,2017,12,2017-12-01,-0.9309525557498128,-0.16287300339512925,0.5185673294145087,-0.5288504264672923,-1.309874506619281,-0.5395569100232196
Siirt,2018,1,2018-01-01,-1.2366138463693204,0.04027837053004577,1.0250871717904104,-0.13153324879937647,-1.354422238660914,-0.5293517857251211
Siirt,2018,2,2018-02-01,-0.9169442202116422,0.2747333127943237,0.9003438490722638,-1.7983510890688597,-0.9844209809235364,-0.41062854249555775
Siirt,2018,3,2018-03-01,-0.4726471755571648,-0.27635877089983435,0.6051220974738938,1.8109193803949077,-0.27641722655086914,0.24556212239456507
Siirt,2018,4,2018-04-01,-0.06440689633947501,-0.21690802958644737,-0.03564206947197855,-0.3827023273831184,0.5038892027567179,0.2818488546761915
Siirt,2018,5,2018-05-01,0.32664705731771093,1.1089815631152182,0.45486330165318783,-1.445201299831544,0.41457506317745635,0.5966499007819209
Siirt,2018,6,2018-06-01,0.9733737549902928,-0.7847131720993668,-0.5687442934051258,-0.19995945912964821,1.4192208422823465,-0.14671714844405795
Siirt,2018,7,2018-07-01,1.4708588508418885,-1.030657085684788,-1.4872493621520215,1.0210738507054162,1.4659567879991091,-0.5701187568721126
Siirt,2018,8,2018-08-01,1.412210856966994,-1.034799420209894,-1.4116055150348856,0.07440017680088952,1.100954551796735,-0.570159978567543
Siirt,2018,9,2018-09-01,0.9931523384763293,-1.0418995722158602,-1.2572266981690152,-0.13286983450718362,0.4032092707616513,-0.5702012002629733
Siirt,2018,10,2018-10-01,0.2477338452947273,1.1346090310231647,-0.06620413292454948,0.11356141370624943,-0.7414200402896811,-0.4845457100125259
Siirt,2018,11,2018-11-01,-0.6245034493954044,0.9451101343641577,1.0780576297129596,-2.6436042841643417,-1.3396614916472303,-0.3462612607953165
Siirt,2018,12,2018-12-01,-1.1426593526203164,2.284556390519767,1.7078768067539607,-0.1916228315459263,-1.6696153854224995,-0.45156040042427065
Siirt,2019,1,2019-01-01,-1.4667767310720632,0.6518890479910873,1.6241080872606153,0.6105611554466066,-1.4351697199404063,-0.503764838086757
Siirt,2019,2,2019-02-01,-1.1945611777894374,0.8759916290723545,1.164819994061302,-1.497644984679356,-0.8823877247127473,-0.3799184218604292
Siirt,2019,3,2019-03-01,-0.9584921255317845,2.1538166877100444,1.2874937558248396,0.013204985939552289,-0.6698611521602514,-0.0036392997935268383
Siirt,2019,4,2019-04-01,-0.5485056642666675,1.6268801134429105,1.1804200189388778,-1.3564918954397167,-0.0025553156348383245,1.161608463775098
Siirt,2019,5,2019-05-01,0.3114323470651861,0.08171487138967631,0.4086521731717217,-0.5361515102970584,1.1175611998923598,4.7449938818165345
Siirt,2019,6,2019-06-01,1.0830856311806694,-1.000305450118875,-0.5405341472961199,-0.3887804573548048,1.430004335750394,0.6375651457151479
Siirt,2019,7,2019-07-01,1.312811420446598,-1.0530052882881014,-1.331437032825532,1.0598686944235831,1.536300701458191,-0.5687504452184532
Siirt,2019,8,2019-08-01,1.4185282491854145,-1.0105619974896602,-1.4232756270931992,0.891624504426698,1.0491196213622782,-0.570654638912707
Siirt,2019,9,2019-09-01,0.8401042086403099,-1.055127837586521,-1.2395578259839666,0.829883937295103,0.4821124862964118,-0.5706958606081373
Siirt,2019,10,2019-10-01,0.34828914053533816,-0.46055861702752204,-0.6239086548638969,-0.8305935734616392,-0.3982722196637283,-0.5698055963041558
Siirt,2019,11,2019-11-01,-0.5999381440728186,-0.26948499781585916,-0.08983897588445143,-1.5191124828638196,-0.870482646599705,-0.5479568970134109
Siirt,2019,12,2019-12-01,-1.0529788566074558,0.5612166516318067,1.144705595451364,-0.6098683550550336,-1.5712067965097316,-0.5200535387264897
Siirt,2020,1,2020-01-01,-1.3987526209498942,0.6248576343764123,0.9878849853598279,0.18396786267307486,-1.4111621966186032,-0.49494463843780373
Siirt,2020,2,2020-02-01,-1.398193493630236,0.7538170864900122,1.3276909992847987,0.8874898525834798,-1.1746699353642858,-0.3650435632152999
Siirt,2020,3,2020-03-01,-0.6652043171205028,2.476793675997151,1.0114050856369545,-0.5344309611681441,-0.5955322243618241,0.35588537863393693
Siirt,2020,4,2020-04-01,-0.3939088310351252,1.6873508003036803,0.966416236144456,-1.8321283326417461,0.23755727430860704,1.8070993440219585
Siirt,2020,5,2020-05-01,0.20048833275352232,0.34356363173900756,0.4379822313377818,0.3228116636508762,0.8723258926909623,4.2009771408146355
Siirt,2020,6,2020-06-01,0.8488721426893805,-0.9272640389644491,-0.6029755944853221,0.31950548137025686,1.4655387250176002,0.44937605648852336
Siirt,2020,7,2020-07-01,1.410414984468248,-0.9336247366002,-1.2312189819342352,0.7167530942943021,1.2209460993921473,-0.5687793625639112
Siirt,2020,8,2020-08-01,1.264799667626288,-0.9927331793112899,-1.3681740333575325,0.7217251165342388,1.0830472867628764,-0.5711492992578708
Siirt,2020,9,2020-09-01,1.0958366746899302,-1.0602221048848166,-1.3547392672711804,0.47069888133180376,0.3607305768864697,-0.5711905209533011
Siirt,2020,10,2020-10-01,0.4156918335587791,-1.0564769261276288,-1.25879762424151,-0.5434525941268231,-0.2626419010706942,-0.5712317426487314
Siirt,2020,11,2020-11-01,-0.6099194866588843,-0.06136992170215386,0.4682929470716449,-0.7569138676393475,-1.1693700954400796,-0.5573006743529861
Siirt,2020,12,2020-12-01,-1.1508109701359466,-0.23534027658664533,0.7432572778115737,-1.812804189420101,-1.367958415456533,-0.5624650690451809
Siirt,2021,1,2021-01-01,-1.2737445628743131,0.7494143666558188,0.791095850756704,1.4394500766812022,-1.2295770318143977,-0.5364246827570832
Siirt,2021,2,2021-02-01,-1.0551240150102468,-0.1837291416494393,0.6933059562702439,0.584825465647791,-0.6342483466361549,-0.3403881015763476
Siirt,2021,3,2021-03-01,-0.879769632645158,1.276987631221434,0.7618526367331772,2.584690741122888,-0.350017255049827,0.2417494263605439
Siirt,2021,4,2021-04-01,-0.040251387177525765,-0.7944226376348308,0.13874891348024793,0.905430749521188,0.4972515464152813,1.0651418281450695
Siirt,2021,5,2021-05-01,0.606439061164297,-0.8981448273488943,-0.6667328950117514,0.7539516627970225,1.205426389929417,-0.0950652058176517
Siirt,2021,6,2021-06-01,1.072144886586913,-1.065213608111379,-1.435652964405254,1.4418407756108031,1.6579894129619563,-0.5706300302127625
Siirt,2021,7,2021-07-01,1.4877292802164095,-1.0555527943924707,-1.3830218186522834,0.8682428230822092,1.3167686683612974,-0.5716027379076044
Siirt,2021,8,2021-08-01,1.3735887394250528,-0.9527207300264684,-1.3641274134965027,0.9128667493281649,0.8942380868558236,-0.5716439596030348
Siirt,2021,9,2021-09-01,0.783925334954277,-0.9593279124522909,-1.138164794138228,0.8490392398804624,0.5027157215376721,-0.5716851812984651
Siirt,2021,10,2021-10-01,0.16384149211040844,-0.5133890203065136,-0.7035915732213993,-0.3377023651201551,-0.3555140004464925,-0.5717264029938955
Siirt,2021,11,2021-11-01,-0.4934973414974038,-0.5229540202131963,0.5797741135081771,-1.7177643933360842,-1.0492883983987529,-0.5633842506946204
Siirt,2021,12,2021-12-01,-1.114168423499571,-0.14874220197827703,0.5195577140214993,-0.6867123990105629,-1.4010976935117216,-0.562493986390639
Siirt,2022,1,2022-01-01,-1.5902533534453933,0.7963283900626471,1.2842647394492201,0.689380724911197,-1.4010047861987756,-0.5494944040943053
Siirt,2022,2,2022-02-01,-1.0963106309694548,-0.21569025106554787,0.8861259364105103,-0.1380391023586856,-0.7318337247499395,-0.3618411969082751
Siirt,2022,3,2022-03-01,-1.178101973078427,1.8291954742752015,1.1162229332891338,1.6175793884778313,-0.6800401013862268,0.022355556153626895
Siirt,2022,4,2022-04-01,-0.13974579144511515,-0.7292687397626982,0.2303580132850144,-0.4673126246310599,0.38393010572577296,1.6696473244178143
Siirt,2022,5,2022-05-01,0.11947556041196582,0.17735022502704426,0.14392699437855425,-0.8267207307832791,0.8555208656658593,1.2308761969994664
Siirt,2022,6,2022-06-01,1.0389505082778407,-0.9635799613086383,-0.8760583766463124,1.1408814102668685,1.3096877863137026,-0.3885534346732303
Siirt,2022,7,2022-07-01,1.417332731596786,-1.0648373031219847,-1.5161305301370747,1.355730264763227,1.437476380066571,-0.5720973982527685
Siirt,2022,8,2022-08-01,1.4559675845278515,-1.0699655768073772,-1.4713181602323153,1.0414001126389019,0.9758163492502933,-0.5721386199481988
Siirt,2022,9,2022-09-01,0.9661338012726595,-1.0004089591010517,-1.2844825022630308,0.9405641594522497,0.4323250381635198,-0.5721798416436291
Siirt,2022,10,2022-10-01,0.2773222630045738,-0.17734833814560766,-0.47803014478701694,0.6109993284203483,-0.5251188227394673,-0.5563858013490602
Siirt,2022,11,2022-11-01,-0.569393431440775,0.7852226739904055,0.682580164562314,-1.7599429114828404,-1.1729920732553423,-0.528948186061845
Siirt,2022,12,2022-12-01,-1.000439085765914,-0.9854761509784127,0.8092551230211519,-2.421818523982731,-1.2855620216936832,-0.4703057897943373
Siirt,2023,1,2023-01-01,-1.216802739298124,-0.0017074468962348988,0.47842783810831596,-2.160152596861722,-1.161636913474066,-0.5299621154521174
Siirt,2023,2,2023-02-01,-1.4946711501769954,0.5312405761448447,1.1032636195537542,0.5277328400411233,-0.8003188081820322,-0.3353227632704993
Siirt,2023,3,2023-03-01,-0.6351909161078718,0.6693199654910967,0.997854759194533,1.3475067694122684,-0.7088976087150975,0.26591022765433225
Siirt,2023,4,2023-04-01,-0.32448308623079836,0.5335547530677152,0.7898349153701641,1.418426168841163,0.1576744891597459,1.5261695631629522
Siirt,2023,5,2023-05-01,0.22643145176948104,-0.19747122737876763,0.10407740024539322,0.6458034840999001,0.72534224907066,1.0315092757799011
Siirt,2023,6,2023-06-01,0.9314294664850069,-1.0162457930907676,-0.6167640039267971,0.637210381285145,1.2122682485889638,-0.23302419011693204
Siirt,2023,7,2023-07-01,1.45686486774225,-1.0531706046954064,-1.357861444578887,1.3799165122686505,1.4202347655991951,-0.5725920585979324
Siirt,2023,8,2023-08-01,1.5230906398568649,-0.966606536474135,-1.453848865595449,0.1995052989602206,0.9209714611765438,-0.5726332802933627
Siirt,2023,9,2023-09-01,0.9750632166960693,-0.8428232649520401,-1.0982204962511224,0.8315339224462228,0.3600944651901384,-0.572674501988793
Siirt,2023,10,2023-10-01,0.14639968896878602,0.022879224685804212,0.20834391113345135,-1.1282806811840311,-0.5535099986030958,-0.5517572886974598
Siirt,2023,11,2023-11-01,-0.5081303393527729,1.6134934819244517,0.809511778743849,0.8611647894413634,-1.1865652135294764,-0.4945121214290697
Siirt,2023,12,2023-12-01,-0.9388777134705221,0.7059843917866477,1.0845048529893582,-0.89920769351300045,-1.4223540663414123,-0.39069265419009375
Siirt,2024,1,2024-01-01,-1.2745223791036842,2.1593066209553715,1.5882913506836345,-1.01945221023944,-1.5285423393341921,-0.47503335883228437
Siirt,2024,2,2024-02-01,-1.1132315763802956,-0.08094572909999272,1.3113730060648576,-1.0172867655970261,-0.8912052919861659,-0.3232423626236052
Siirt,2024,3,2024-03-01,-0.8718786803472649,2.3159202764631126,1.0884735638825045,0.16752730052437056,-0.4071261071870261,0.25190902031769846
Siirt,2024,4,2024-04-01,0.09714392419056937,-0.03944047055572551,0.43662579271870217,-1.5479759226337078,0.5549662191516588,3.0551749138518236
Siirt,2024,5,2024-05-01,0.20798537260356742,0.6024538296970353,0.49806492477609166,0.05016786372175986,0.7252701112781222,2.621992702429946
Siirt,2024,6,2024-06-01,1.141474311740937,-0.9708106784243693,-0.6930082994279113,0.7050137231971892,1.464427734717841,0.2918392532061112
Siirt,2024,7,2024-07-01,1.4824151191663202,-1.0141440945708717,-1.156916388187948,0.9282799117018429,1.1971290061120334,-0.5730867189430963
Siirt,2024,8,2024-08-01,1.4781100505752403,-1.0705412045911733,-1.2720697617935228,0.5262981823010546,0.8799893357513681,-0.5731279406385267
Siirt,2024,9,2024-09-01,0.9204216629195445,-0.7182665326726333,-0.7222323718471008,-0.11853406795063444,0.21724717712251806,-0.573169162333957
Siirt,2024,10,2024-10-01,0.08836934061386144,-0.6760697266642637,-0.5053076868378893,0.45485147645278345,-0.3032893208691057,-0.5732103840293873
Siirt,2024,11,2024-11-01,-0.6889185284760357,0.3311150324747234,0.6480294309389673,-1.1348091250440888,-1.1017480671400495,-0.5662654607292297
Siirt,2024,12,2024-12-01,-1.1631371357353433,-0.21874462726907648,0.7555064393214481,-1.7557111034044253,-1.3586235809348604,-0.5509371634343668
Siirt,2025,1,2025-01-01,-1.2266943246901938,-0.825295788729362,0.36470827050105575,-1.3312636756271279,-0.9732560957924629,-0.5202393471492105
Siirt,2025,2,2025-02-01,-1.4235521393626696,0.06332978638514808,0.6176453140209692,-0.45126655370548957,-0.82112247611527,-0.5174861108464058
Siirt,2025,3,2025-03-01,-0.6003093995365473,0.25662176870745607,0.3400531707645424,0.26475652909351455,-0.17801752669765178,-0.07833168381921253
Siirt,2025,4,2025-04-01,-0.25772597958019117,0.9409114528525456,0.5647174513990454,1.8365352775221697,0.13889532559844928,1.062231700765002
Siirt,2025,5,2025-05-01,0.4431085405738535,-0.2695274442833499,-0.07234639595104764,-0.05712325468751192,0.9373787901709286,0.7957854832378211
Siirt,2025,6,2025-06-01,1.001878826397227,-0.9354814401509101,-1.0249331273621012,1.480151380781522,1.4740284420149548,-0.47852858565283496
Siirt,2025,7,2025-07-01,1.4906278335358631,-1.0520208389487007,-1.3212958644232344,0.48290413808335414,1.1466506763037372,-0.5735813792882603
Siirt,2025,8,2025-08-01,1.4634546157115718,-1.0675014738171036,-1.4353103444114657,0.9073515658606515,1.0257941590406021,-0.5736226009836906
Siirt,2025,9,2025-09-01,0.8204456604004405,-1.05414338824712,-1.1797110014784373,1.3121817358665497,0.43747143663619625,-0.573663822679121
Siirt,2025,10,2025-10-01,0.15835091459702597,-0.5165121541946787,-0.3009622195037384,-0.2952178753172245,-0.3106955807968212,-0.5718420723757278
Siirt,2025,11,2025-11-01,-0.38586100757757585,0.27770974632237894,-0.3074781579417784,-1.1683616149509384,-0.9798264804994934,-0.5229802791020431
Siirt,2025,12,2025-12-01,-1.182670694824032,1.342078976757995,1.037003814276226,-0.8591829677665787,-1.450011898375796,-0.5034602948098275
Sirnak,1990,1,1990-01-01,-1.3950114258787543,0.4053080853889656,1.0153462406615767,-2.055706696275785,-1.224918766683563,-0.47895426486332876
Sirnak,1990,2,1990-02-01,-1.2048316065112934,1.604151731049542,1.3371492265796834,-0.3334691387816547,-0.9958447417070181,-0.40463582008223
Sirnak,1990,3,1990-03-01,-0.6670660723973298,-0.6103809542795159,0.7755790951500461,-0.7746117921989115,-0.16441087708620464,0.6520122994350683
Sirnak,1990,4,1990-04-01,-0.3503430699665989,1.1562208634050175,1.0117119304633573,-0.4403703089939615,0.07630838510883406,1.8313887551713284
Sirnak,1990,5,1990-05-01,0.39692849270567476,-0.8100712358875901,-0.2167941448060391,0.1368034943203044,0.7169833373134827,1.2146058312440118
Sirnak,1990,6,1990-06-01,1.0916984264151288,-0.8273060606563953,-1.179150193220273,1.710583514742073,1.4204812279030783,-0.40915303166019656
Sirnak,1990,7,1990-07-01,1.5648870969328557,-0.916364069283931,-1.4197649170231716,1.3456302024836508,1.3478170996744578,-0.4917659020443269
Sirnak,1990,8,1990-08-01,1.3695629652648162,-0.9183057446379495,-1.5421975633164664,0.8778336883482868,1.1127916198794339,-0.49188923496981074
Sirnak,1990,9,1990-09-01,0.9318426291168969,-0.8656290292248724,-1.398531583825932,0.6524135851229058,0.5141478557933943,-0.4920125678952946
Sirnak,1990,10,1990-10-01,0.2742800876093151,-0.7872816701512605,-0.5333435210283182,-0.20368550474783026,-0.5088522317834641,-0.4921359008207783
Sirnak,1990,11,1990-11-01,-0.3159377028451607,-0.36483844924494724,0.21596869396020957,-1.051121676262265,-0.9448890373838714,-0.4902472938082464
Sirnak,1990,12,1990-12-01,-0.9089358778820531,-0.326908699338986,0.7291905433094867,-1.9245002770789919,-1.3018624920188169,-0.49238256667174585
Sirnak,1991,1,1991-01-01,-1.1734112727996588,-0.011517524336179627,0.7885603393162625,-0.8913419530103379,-1.1854079126265447,-0.4925058995972297
Sirnak,1991,2,1991-02-01,-1.2259960219801362,0.5237126735041859,0.7973757580223069,-0.4391087422465727,-0.85025328277852,-0.4403187941343034
Sirnak,1991,3,1991-03-01,-0.6608245173944952,2.2889490314195413,1.0122367919580963,-0.34960628404877653,-0.5602037920097067,0.4568830852952451
Sirnak,1991,4,1991-04-01,-0.13042822202293633,-0.40049056162940994,0.5597468521210184,0.19245258817417393,0.16831288880163003,1.73383862802527
Sirnak,1991,5,1991-05-01,0.2725826141370842,0.11261918795028195,-0.03206202005876724,1.0635170548701147,0.6839297650655515,0.633687133989665
Sirnak,1991,6,1991-06-01,1.1394254694954848,-0.8372246591666784,-1.0196596660025465,1.2419186591948694,1.2744043187566676,-0.4005733270759233
Sirnak,1991,7,1991-07-01,1.5205378786392543,-0.9036160356258696,-1.3339431395407644,1.4634958780012963,1.268650138434106,-0.4932458971501325
Sirnak,1991,8,1991-08-01,1.474140335862598,-0.9222163201638521,-1.3086396658102266,1.2250119085915459,0.9334915455576938,-0.49336923007561617
Sirnak,1991,9,1991-09-01,0.9235351208992312,-0.9211539840256804,-1.285283138781604,0.6648418158333812,0.4714990559256753,-0.4934925630011
Sirnak,1991,10,1991-10-01,0.22838152688351024,0.05757754684350034,0.2214999149026263,-1.3477337117202282,-0.627716446204904,-0.48908903106604834
Sirnak,1991,11,1991-11-01,-0.4572578398291495,0.036792526674834125,0.5249817906809507,-1.0473100381414813,-1.0001134634418027,-0.44645864030869703
Sirnak,1991,12,1991-12-01,-1.1990613966964025,0.7252273106169023,1.343315678955722,-0.6809184729083338,-1.4232931607647898,-0.4908446518705277
Sirnak,1992,1,1992-01-01,-1.6194828503002716,0.8950604742253994,1.1633715278496561,-0.6622944376257288,-1.1646487329084545,-0.49147096978051547
Sirnak,1992,2,1992-02-01,-1.6245987581943924,2.6277988896343327,1.7227086206273434,1.256724364865699,-0.9852018310490077,-0.4810316180314166
Sirnak,1992,3,1992-03-01,-1.1338989201420806,-0.26591348488355554,1.0267631854988715,-1.2226487563454524,-0.05078343001555605,-0.019414735182281616
Sirnak,1992,4,1992-04-01,-0.37659668268934454,-0.12502806838161923,0.6210136035266842,-0.5691764154224807,0.22028070503170658,2.0537660380174834
Sirnak,1992,5,1992-05-01,0.16015718652646624,-0.2938289275291145,0.37949044446308644,0.004245000796276511,0.4118647852393087,1.5260114563473643
Sirnak,1992,6,1992-06-01,0.8392155232040457,-0.6021797750865386,-0.5217922146952987,1.1351506924146364,0.8869951546266411,-0.17118321429441954
Sirnak,1992,7,1992-07-01,1.2916271955135927,-0.8974222088598597,-1.3740959468821725,1.4076399287268093,1.5542922410987878,-0.48164828265883547
Sirnak,1992,8,1992-08-01,1.3404351642341663,-0.9225767002898937,-1.277150918729597,0.7716808817926629,1.025490529993878,-0.49484922518142177
Sirnak,1992,9,1992-09-01,0.8375307246426769,-0.7857876630954898,-1.2699495386206114,0.44174984909233445,0.329614022176003,-0.4949725581069055
Sirnak,1992,10,1992-10-01,0.29697620997420227,-0.885496257922609,-0.9534941373380106,0.06679017124588608,-0.21830501401837396,-0.4950958910323893
Sirnak,1992,11,1992-11-01,-0.6945391879864838,1.084012881461684,0.5313563939089115,0.05224495763484698,-1.0242837921728813,-0.49471623897336925
Sirnak,1992,12,1992-12-01,-1.3165775208699741,-0.3030511837458761,1.2524803662786268,-0.7840267041262795,-1.3208213869075263,-0.478241067410223
Sirnak,1993,1,1993-01-01,-1.3526355743541714,-0.06112174432481319,1.0012093611872552,-1.1448106973896903,-1.2257677250278947,-0.4783644003357066
Sirnak,1993,2,1993-02-01,-1.3635789225233523,0.7603088211351327,1.354611080778582,0.3420588758860701,-0.9204821292656253,-0.4055549105081188
Sirnak,1993,3,1993-03-01,-0.8860864226487647,-0.007655784727399853,0.7026876441378614,0.22383990558241537,-0.2562447806777006,0.3643917678419325
Sirnak,1993,4,1993-04-01,-0.29312515032616976,0.5229318498977624,0.7309938845355508,0.46288193840127784,-0.16854000897681348,0.7847638819617441
Sirnak,1993,5,1993-05-01,0.12421868429339761,1.0346761397082769,0.7398726179723182,0.2708163871359862,0.18160817424820555,2.0546776349087135
Sirnak,1993,6,1993-06-01,0.8903732530985661,-0.658524005748853,-0.5748136473954059,0.9479611947972971,1.316188982324372,0.1623247902794003
Sirnak,1993,7,1993-07-01,1.4994097436361036,-0.9188106694312329,-1.4002131147453343,1.2670078265537628,1.3499899343251418,-0.48815812760968036
Sirnak,1993,8,1993-08-01,1.4002080812312925,-0.878149999986917,-1.3180432720973256,1.4718614436135329,0.9862691884821493,-0.49632922028722726
Sirnak,1993,9,1993-09-01,1.018760494605665,-0.926244215539131,-1.4806070425834112,0.7471422278522609,0.48843188678414995,-0.4964525532127111
Sirnak,1993,10,1993-10-01,0.3405284602831583,-0.1490545466005326,-0.9765587109648719,-0.7701182030940241,-0.33721062286440323,-0.495066931184683
Sirnak,1993,11,1993-11-01,-0.7902802001537145,0.27502722602879365,0.8594581701203594,-1.2464849840524663,-1.16762315003979,-0.47758578965252874
Sirnak,1993,12,1993-12-01,-0.8721250114200736,-0.697210161302676,0.876904098446427,-2.4214443255083333,-1.2401230803842065,-0.47318225771747713
Sirnak,1994,1,1994-01-01,-0.9881164867126399,1.8706434489351478,1.0177341025012787,-0.974133647935237,-1.1798407351595424,-0.45318619126280335
Sirnak,1994,2,1994-02-01,-1.1436500717763667,0.3519490619788879,1.1676286030641425,-0.8960471822237829,-0.9275030435638398,-0.3838975963267431
Sirnak,1994,3,1994-03-01,-0.6826357094897608,0.6801755588119617,1.0192477818321644,0.1068339443811011,-0.40619620796566475,0.43936549038072614
Sirnak,1994,4,1994-04-01,0.044739977609245925,0.16345555047806815,0.42362474035918685,0.34606128026640526,0.31446381105863264,2.4220089663697815
Sirnak,1994,5,1994-05-01,0.44349064906792923,-0.07361829712829626,-0.022045641013908962,0.10655814399120926,0.7096560273075173,0.765053094488313
Sirnak,1994,6,1994-06-01,1.0932653598024213,-0.7656633398245661,-1.1780085451100306,1.0910744131180654,1.4265436344375813,-0.42613868174250547
Sirnak,1994,7,1994-07-01,1.5002127905095715,-0.9322794633413773,-1.2935424333294323,1.1916950553025578,1.4609475652232011,-0.49768588246754897
Sirnak,1994,8,1994-08-01,1.3934225121102946,-0.9312171272032057,-1.463746605918643,0.9671088158761786,1.1613467830689523,-0.4978092153930327
Sirnak,1994,9,1994-09-01,1.0248618710074906,-0.7075848486891197,-1.12081545689378,0.2784773723050574,0.2868340157503345,-0.4979325483185165
Sirnak,1994,10,1994-10-01,0.29949926148713557,-0.2903303749056805,-0.07915597719433563,-1.477777688588588,-0.5008636046914082,-0.4950379713369767
Sirnak,1994,11,1994-11-01,-0.6480622402489408,0.8648185581412187,1.3212132218118835,0.5768637892577997,-1.2817477028457611,-0.48359264961886994
Sirnak,1994,12,1994-12-01,-1.50895542348156,1.551614790360274,1.5481158933158454,-0.9402113386220389,-1.378856618608485,-0.4872368774358812
Sirnak,1995,1,1995-01-01,-1.1410145329604064,0.7391361960225588,1.4565396248441225,-1.3635351168106176,-1.2695632746701524,-0.44661842661654577
Sirnak,1995,2,1995-02-01,-0.9728710606935342,-0.05122195005448287,1.0700851133990659,-0.8909020238212593,-0.7652296315258753,-0.2490686606319803
Sirnak,1995,3,1995-03-01,-0.6697224962584587,0.2614383054099686,0.8357803956030075,-0.03379815779194734,-0.2853039151661866,0.5757033810290006
Sirnak,1995,4,1995-04-01,-0.3142490694315456,-0.18618943860354892,0.7762946551655734,0.9645231897850586,-0.09677060405081131,1.2138679934390189
Sirnak,1995,5,1995-05-01,0.5201482366527403,-0.6381866538784342,-0.11215714268652036,-0.049361461163544326,0.6932016193198745,0.4819015080602999
Sirnak,1995,6,1995-06-01,1.0411430799867116,-0.3282573179523374,-0.6948884807687716,0.9153737056203151,1.0198005143960711,-0.3612246588937906
Sirnak,1995,7,1995-07-01,1.354302594823375,-0.9129772227912646,-1.3209026679176852,1.7528983172897217,1.494745988686904,-0.49916587757335446
Sirnak,1995,8,1995-08-01,1.4304928195906448,-0.9334891510060956,-1.5166762509913698,1.1739199632873951,1.1349991076044792,-0.4992892104988383
Sirnak,1995,9,1995-09-01,0.8778892690820691,-0.34090964286027975,-0.9673084339797844,0.5996668374794133,0.4204578537393126,-0.49538866354829053
Sirnak,1995,10,1995-10-01,0.12288679025666441,-0.659637984663452,-0.5684649828614763,-0.213349289442874,-0.35352027457940083,-0.4950090114892704
Sirnak,1995,11,1995-11-01,-0.6521549046663468,-0.5632665566366987,0.2387851560315944,0.7415184890527912,-0.9899875042267888,-0.49965920927528973
Sirnak,1995,12,1995-12-01,-1.1273935690857917,-0.832292162841814,0.40438732946453176,-2.5164789480772614,-1.1175130431776912,-0.49978254220077345
Sirnak,1996,1,1996-01-01,-1.24828602554145,2.352749263064189,1.320371714255784,-1.230381938311263,-1.32149270453078,-0.48884020546717044
Sirnak,1996,2,1996-02-01,-1.0526939435658613,-0.17802390480635039,0.9113137082957119,-0.5839638934350246,-0.8409284842696374,-0.2968232743121485
Sirnak,1996,3,1996-03-01,-0.851805094851607,2.198119153838968,1.3084791549818866,-0.2633757318585647,-0.6663604149359165,-0.0021974063183223015
Sirnak,1996,4,1996-04-01,-0.43318805910407954,0.9284846287806641,0.9719463605667173,0.6624457909718581,0.014311210121015645,1.8743162379404015
Sirnak,1996,5,1996-05-01,0.5156076330967723,-0.748603091400173,0.09938745927031685,0.36869518199490514,0.8404207661581146,2.444577877442388
Sirnak,1996,6,1996-06-01,0.9824208122047045,-0.91849631836301,-1.0394431530501154,1.3241651954565163,1.5161926711578322,-0.363710623968604
Sirnak,1996,7,1996-07-01,1.594842668655328,-0.8955866259180002,-1.4847170118729287,1.5302696082147909,1.1436590523197891,-0.50064587267916
Sirnak,1996,8,1996-08-01,1.4101109801462302,-0.9308455196399468,-1.435999825649531,1.5294368215206766,1.132742987250948,-0.5007692056046439
Sirnak,1996,9,1996-09-01,0.7790769753859671,-0.41582412638340666,-0.7883227392072387,1.0730827717382871,0.2726699750432128,-0.49888059859211187
Sirnak,1996,10,1996-10-01,0.11237015160505467,-0.5548579625628348,-0.31369627591950006,-0.04267223998842073,-0.5362560861420487,-0.5010158714556114
Sirnak,1996,11,1996-11-01,-0.43462520088872253,-0.7463254538786745,0.031021847085272652,-1.7721510077807723,-0.8443013309125041,-0.5011392043810952
Sirnak,1996,12,1996-12-01,-0.8999122386109809,1.0355695132206453,1.3742655738144454,-0.34591855401578814,-1.555611060031404,-0.48717895774046865
Sirnak,1997,1,1997-01-01,-1.1382069083476805,-0.5038798622271108,0.5740783319533007,-1.5266686162980596,-1.1145414030102567,-0.4596381165182356
Sirnak,1997,2,1997-02-01,-1.3789577149575893,-0.1912196067626594,0.9160243936825171,0.004127710675140991,-0.8875666667093087,-0.4693181641492942
Sirnak,1997,3,1997-03-01,-1.0596889878259372,0.1965409360065484,0.7674648675596801,0.20610251223835385,-0.2859250799618594,-0.2612057134901461
Sirnak,1997,4,1997-04-01,-0.40068673083706374,-0.17352869311769362,0.5788244943852534,0.8859805401297287,0.06824664133323453,0.32364249056245464
Sirnak,1997,5,1997-05-01,0.47622263443288354,-0.7366743336036181,-0.22915682829228684,0.07518805000478022,0.7745414152109104,-0.1784598568979633
Sirnak,1997,6,1997-06-01,1.0784715295531493,-0.776575790540768,-1.0817983389479195,1.6338658705112852,1.138578807699774,-0.48942791024688315
Sirnak,1997,7,1997-07-01,1.3356091407851152,-0.8006379141554602,-1.3953863245209597,1.0241272074790988,1.42822489994515,-0.5021258677849655
Sirnak,1997,8,1997-08-01,1.2629043958943122,-0.9260171526431142,-1.446067271239361,0.8495727959928522,1.1520947565330037,-0.5022492007104493
Sirnak,1997,9,1997-09-01,0.7057824569456982,-0.8310111843855381,-1.0741154969405295,0.8011634469890012,0.3615091850690846,-0.502372533635933
Sirnak,1997,10,1997-10-01,0.16414340257468157,-0.13656837745908948,0.14721695210376576,-0.6530476155993916,-0.605281413358035,-0.5009869116079051
Sirnak,1997,11,1997-11-01,-0.5003068619223209,-0.15544175395090756,0.5988377644649399,-1.7654671721300912,-0.9152666768275731,-0.47897890521521536
Sirnak,1997,12,1997-12-01,-1.1025157196224957,0.9439964205135544,1.1192510432942708,-1.484407668994839,-1.4211827903912415,-0.4906708927842899
Sirnak,1998,1,1998-01-01,-1.4434148014510297,0.2456702628790684,1.245447477041085,-1.4338188547504813,-1.2881704411632704,-0.4938121356167974
Sirnak,1998,2,1998-02-01,-1.2880997038414683,-0.023082251372211416,0.7672459870222753,-1.110884167582003,-0.8754766621980521,-0.3626563875867523
Sirnak,1998,3,1998-03-01,-0.8772650648182648,1.4857207618916313,0.9111285853134272,1.212033133693377,-0.4047892943832992,0.03407543226137411
Sirnak,1998,4,1998-04-01,-0.18815602784579324,0.9651774662040414,0.673488305138374,-0.4084411052627385,0.15481881670576852,2.5096441930642928
Sirnak,1998,5,1998-05-01,0.3275615654486933,0.9504004690197554,0.39426770525937876,-0.2878077319021935,1.0533534378183664,2.5744059231398175
Sirnak,1998,6,1998-06-01,1.1322757892757394,-0.6190890213499035,-0.7550948816770173,0.51321217567756,1.5075037330097152,0.49142176938351
Sirnak,1998,7,1998-07-01,1.517337440659962,-0.5964524208587292,-1.2370418313936653,1.123925834018362,1.4693087421365605,-0.49706705809221974
Sirnak,1998,8,1998-08-01,1.5153016822176177,-0.9231004293231301,-1.4330357047730626,1.0327578024323392,1.1388691136633224,-0.5037291958162549
Sirnak,1998,9,1998-09-01,0.9067141711843174,-0.8163515070506285,-1.2115401112728843,0.37127325809540385,0.5536481816574219,-0.5038525287417386
Sirnak,1998,10,1998-10-01,0.3045453645130021,-0.9335379869232185,-1.1288746154370228,0.06936931419487313,-0.202368905832017,-0.5039758616672224
Sirnak,1998,11,1998-11-01,-0.23759011182098635,-0.7317530647159709,-0.07225689947897901,-1.065147633009387,-0.8869957888606879,-0.5040991945927061
Sirnak,1998,12,1998-12-01,-0.8636198459226767,1.0673466954749842,0.5482143342078325,-1.0913669398064576,-1.2311204141031311,-0.47957626327749686
Sirnak,1999,1,1999-01-01,-1.0753543596787476,-0.462271369634695,0.6121944916127321,-1.9788748994396108,-1.0432190578698186,-0.4766816862959569
Sirnak,1999,2,1999-02-01,-1.0720216240083404,0.48259675895888665,0.7435846064957546,0.8068368102820076,-0.9128367329755719,-0.38978861690225886
Sirnak,1999,3,1999-03-01,-0.7451157227739252,2.4529251742046867,0.5111158285689885,0.1541508526178754,-0.42948119286420217,-0.007643361604746705
Sirnak,1999,4,1999-04-01,-0.24393770692994562,0.4350186956371735,0.6023212452563004,-0.64302186212337,0.43062422427389163,2.52124180755559
Sirnak,1999,5,1999-05-01,0.5013218185293513,-0.7390336455787141,-0.3596571626338558,0.9794002132401951,1.2353852957361622,0.8999978695739008
Sirnak,1999,6,1999-06-01,1.1128920636294855,-0.8226298151295403,-1.092853073526406,1.3671942826477312,1.4033028035919393,-0.4154311978293911
Sirnak,1999,7,1999-07-01,1.4398828850905054,-0.8671738352818933,-1.3224642965589706,1.119491485682347,1.3783857643128627,-0.5050858579965766
Sirnak,1999,8,1999-08-01,1.4863510305461192,-0.8707540623589245,-1.3888015900047876,1.1561825699433335,0.8502877584259703,-0.5052091909220603
Sirnak,1999,9,1999-09-01,0.8388760784389582,-0.8467520020985725,-1.1833614882859476,0.18264766171311625,0.5186131962858193,-0.5053325238475441
Sirnak,1999,10,1999-10-01,0.2420467062993044,-0.39891122948555996,-0.5866742646058837,-0.5215492394393795,-0.36875391968191223,-0.50444988680402
Sirnak,1999,11,1999-11-01,-0.6125563574534583,-0.652370594322053,0.13009372921873305,-1.549609574971022,-0.8937142281849397,-0.5055791896985117
Sirnak,1999,12,1999-12-01,-0.8357191161023054,-0.08655409765211401,0.29030455966972374,-1.615576389520531,-1.2687273730558792,-0.5031875977014758
Sirnak,2000,1,2000-01-01,-1.4602427207239832,0.8706031688640642,1.0230231451301017,0.5029946462493603,-1.389131691163278,-0.5018019756734479
Sirnak,2000,2,2000-02-01,-1.2733284828144793,0.4505577121879298,0.7664863335930684,-1.2554696744795708,-0.8135173076815162,-0.41641786123326147
Sirnak,2000,3,2000-03-01,-0.9206847593051571,0.5728728758290536,0.5976142119903697,-0.4826302099614994,-0.22778698326651348,0.3153019582944904
Sirnak,2000,4,2000-04-01,-0.10655538177275606,0.4040720166815583,0.4414666589085211,0.0932001461210412,0.18676540536276182,1.1405769849399754
Sirnak,2000,5,2000-05-01,0.4189979010301127,-0.7079884510136757,-0.3284359109244487,0.17584639086037354,1.0674686881764646,0.4392925836159965
Sirnak,2000,6,2000-06-01,1.122489473260984,-0.9513434135582562,-1.3679633249348293,1.2374487356283246,1.6795359535474852,-0.4470902920054331
Sirnak,2000,7,2000-07-01,1.710239895934046,-0.9551967325891229,-1.6424172621987907,1.204002609239903,1.4347855436022938,-0.5065658531023821
Sirnak,2000,8,2000-08-01,1.3474286854214927,-0.9216364539445293,-1.4043920282592641,0.7778992850546508,1.0958186636636709,-0.5066891860278658
Sirnak,2000,9,2000-09-01,0.8480814095774091,-0.9334094396366249,-1.2566260265788398,0.7106353490400258,0.49264634952756764,-0.5068125189533497
Sirnak,2000,10,2000-10-01,0.11204098496817494,-0.43340810384103623,-0.5663416480074036,-0.8178359174261759,-0.46298845147275014,-0.5069358518788335
Sirnak,2000,11,2000-11-01,-0.5291174982980372,-0.2193340437111919,-0.0491991557171735,-1.7626488503574278,-0.830069044778237,-0.5070591848043173
Sirnak,2000,12,2000-12-01,-1.1287219851478894,2.6669447846987984,0.9657805454568607,-1.3281584082057643,-1.4206243382995383,-0.4915899832101788
Sirnak,2001,1,2001-01-01,-1.1254773316274178,-0.2576269806024991,0.8240724974137316,-2.3226788887108722,-1.162228276990738,-0.4388998927627487
Sirnak,2001,2,2001-02-01,-1.1417959494593453,1.1304693890660624,1.0486869970279507,-0.2968752005799775,-1.0408566313061856,-0.3499948834310348
Sirnak,2001,3,2001-03-01,-0.43686630438396784,1.415547357193131,0.8493303246960455,-0.9067760037953051,-0.2667599582307067,0.9194158845314309
Sirnak,2001,4,2001-04-01,-0.19494492219534854,0.34308522280404075,0.6299479148587267,-0.02792880830867479,0.33848274633969955,2.6732011925711934
Sirnak,2001,5,2001-05-01,0.17225397031745748,1.1030700986510042,0.40868989041848475,0.7551167018259198,0.7519395625315128,2.6428987605754726
Sirnak,2001,6,2001-06-01,1.0233177742795883,-0.9192058511778759,-0.9543527195567487,0.6438432875306233,1.777657173380419,-0.029583795019455017
Sirnak,2001,7,2001-07-01,1.468302088684552,-0.9405370552542133,-1.3281229676489588,0.7895852263944553,1.4064509357575368,-0.5070398782391797
Sirnak,2001,8,2001-08-01,1.422252357474308,-0.954221684623157,-1.4450798263431168,1.1264672782962457,1.2023056967060917,-0.5081691811336714
Sirnak,2001,9,2001-09-01,0.945144996366227,-0.8835209002569389,-1.3225087416274555,0.34967790086394523,0.5284027292743414,-0.5082925140591551
Sirnak,2001,10,2001-10-01,0.18765513785374716,-0.01648397850646811,-0.43518727261375323,-0.4150667772494355,-0.3773228139987208,-0.5064039070466232
Sirnak,2001,11,2001-11-01,-0.702490052088649,-0.1882888491461536,0.2722362162428353,-0.9072306446223074,-1.0044624999719987,-0.5040123150495873
Sirnak,2001,12,2001-12-01,-1.1473015282936185,3.4134908983127876,1.3589545044735658,-1.292289339590006,-1.5618001475745822,-0.48502221856392125
Sirnak,2002,1,2002-01-01,-1.3741184163386895,0.30703989175706203,1.031557463736726,-0.7636186139177026,-1.2503364339423675,-0.4826306265668854
Sirnak,2002,2,2002-02-01,-1.0055688555763131,0.20760438888377827,0.6263130883585072,-0.15786512158763386,-0.6509937161319276,-0.2886017554738476
Sirnak,2002,3,2002-03-01,-0.672922934237751,1.9029292066172518,0.7757720659955367,0.26870692345683805,-0.3737853672196217,0.4461359739609277
Sirnak,2002,4,2002-04-01,-0.44219159871763697,1.9523288185843028,1.2556314730454001,-0.7737607254908971,-0.32704451809225354,1.5410109523005255
Sirnak,2002,5,2002-05-01,0.24337819207297107,-0.4727577631519063,0.20360258418584112,-0.13738259244747242,1.0811285998640818,4.161942373625084
Sirnak,2002,6,2002-06-01,0.9628311532788674,-0.8835180933976344,-0.8755907218716958,1.2536886044595847,1.6187052183725992,0.033318287891244004
Sirnak,2002,7,2002-07-01,1.4175657852622756,-0.9130420560890361,-1.31916677183834,1.040869109752459,1.4893845412086761,-0.5039930084844497
Sirnak,2002,8,2002-08-01,1.2727691884240513,-0.9630479153180985,-1.392883790525523,1.261010229793936,1.218387306445597,-0.5096491762394768
Sirnak,2002,9,2002-09-01,0.9351711545531097,-0.8552066252302554,-1.2953056899943882,0.24290993408371253,0.5892675871628006,-0.5097725091649606
Sirnak,2002,10,2002-10-01,0.3439931933804452,-0.32598445037427015,-0.3754541613364277,-0.6140693453526379,-0.5653571119087925,-0.5093928571059405
Sirnak,2002,11,2002-11-01,-0.4533980296207108,-0.05456107993897566,-0.04638451754815286,-1.6559347593344276,-0.8755438282446648,-0.49090574560477845
Sirnak,2002,12,2002-12-01,-1.446280432434844,2.0132611628260895,1.225603162793979,-1.5385441896366672,-1.4582935131025871,-0.5081305680033964
Sirnak,2003,1,2003-01-01,-1.254395432985287,0.6881889711391825,1.2488296136420853,-1.800654300018148,-1.2755250655183417,-0.4649971922615411
Sirnak,2003,2,2003-02-01,-1.3950420054515382,3.3437050985581944,1.6833582959975912,0.11193252349821696,-1.1774924834405909,-0.48021007472214317
Sirnak,2003,3,2003-03-01,-1.0941101751231792,2.594037653602639,1.3802358982340992,0.17949642222226347,-0.7243341760670767,-0.24292449496176632
Sirnak,2003,4,2003-04-01,-0.3517606731028711,1.2968208412069513,1.120987237071572,-0.3060891862918157,-0.18170053868790667,1.3302892036410803
Sirnak,2003,5,2003-05-01,0.3594017251290717,-0.7320093155139805,0.21496623833745934,-0.27940446761885573,1.0774236746499275,4.97228014350864
Sirnak,2003,6,2003-06-01,0.9941562460667412,-0.3469796922831274,-0.6717442170980507,0.6672636501866231,1.5575351731294993,0.6927605624236183
Sirnak,2003,7,2003-07-01,1.4153333857379573,-0.96337826376697,-1.4243996294959236,1.2323927541819681,1.4858037992682895,-0.4888744991016252
Sirnak,2003,8,2003-08-01,1.4826702251783506,-0.9492075138446954,-1.521703445916169,1.1565122255776528,1.1797040924535287,-0.5111291713452824
Sirnak,2003,9,2003-09-01,0.8253153166361734,-0.9246592696766723,-1.2448840401392345,0.49947495483539395,0.579169982977913,-0.5112525042707662
Sirnak,2003,10,2003-10-01,0.29401575155761545,-0.1826984627828506,-0.379227598191618,0.54751585191613406,-0.45572410259758883,-0.51137583719625
Sirnak,2003,11,2003-11-01,-0.6162498105145509,0.6780573440294041,0.4792541982992374,-0.5305299857890294,-1.0034416859256317,-0.49087678575707205
Sirnak,2003,12,2003-12-01,-1.1798442065217774,1.1608538867333578,1.1708482551882065,-0.8467022658058205,-1.4513186767727162,-0.49301205862057174
Sirnak,2004,1,2004-01-01,-1.27455593779653,1.9516981533637305,1.5135428543847929,-0.25132243621333705,-1.4494024702188906,-0.480057781948953
Sirnak,2004,2,2004-02-01,-1.2989377716421169,1.5748012253936017,1.493634727096141,0.22271583366226705,-1.0671328796297928,-0.41931993174945986
Sirnak,2004,3,2004-03-01,-0.5615664816708599,-0.22326623033635193,0.6847823714856692,-1.0910211275988089,-0.03977400363582234,0.8053251725921551
Sirnak,2004,4,2004-04-01,-0.3241276527911936,0.9354328981104088,0.48337093008793036,0.28508684669281725,0.3272672442640684,2.132579213772574
Sirnak,2004,5,2004-05-01,0.20308880168379573,0.8933467055425749,0.3721778098925187,-0.06425468221761796,0.7357332726645714,3.300387014865243
Sirnak,2004,6,2004-06-01,0.9975130730172352,-0.9486885547548901,-0.8205830162706749,1.0056863005403582,1.7018525708040324,0.33667615324253364
Sirnak,2004,7,2004-07-01,1.4303967068343577,-0.9659233795236953,-1.4554733292376139,1.5962482504052704,1.5494062084362503,-0.5039350887890371
Sirnak,2004,8,2004-08-01,1.3653121971713302,-0.9618570318933334,-1.4876970953416837,1.3105119990520613,1.264666024709541,-0.5126091664510879
Sirnak,2004,9,2004-09-01,0.9821382004069621,-0.9708990980470742,-1.4884508177725546,0.7029043212839906,0.6536798230251406,-0.5127324993765716
Sirnak,2004,10,2004-10-01,0.34872959122509783,-0.5014840610810587,-0.7686821552836981,-0.35888117234062855,-0.337108503150519,-0.5128558323020554
Sirnak,2004,11,2004-11-01,-0.7243739684205283,3.7453388813372803,1.2103807603166032,-0.7277721747610058,-1.2086325930137929,-0.44708813225752286
Sirnak,2004,12,2004-12-01,-1.3275883177399697,-0.5646283657713943,0.8211560982772128,-2.3229062193807755,-1.2121625129217588,-0.4582771348420935
Sirnak,2005,1,2005-01-01,-1.3297189338822446,1.1238691531161924,1.159649446643427,-0.706043236010559,-1.288771529813735,-0.48908255182231763
Sirnak,2005,2,2005-02-01,-1.2892561842389176,0.7098317194244385,1.2043626317744758,-0.93484842918189,-0.9606909114535508,-0.3865969479089973
Sirnak,2005,3,2005-03-01,-0.8415738458259219,1.1205319863158265,1.1382214641365502,-0.1476302910689537,-0.3886670354997078,0.20277812100413892
Sirnak,2005,4,2005-04-01,-0.17942652909711942,-0.09311868820620536,0.6289107869453282,0.05337828736208476,0.14551662000664486,2.3292753025613218
Sirnak,2005,5,2005-05-01,0.35768779937842854,-0.22778305312426583,0.044797913945823456,0.2704155810406086,0.8533968003460884,1.8508132493725893
Sirnak,2005,6,2005-06-01,0.9523828596608702,-0.5500615903272994,-0.8830674911033127,1.1057165559126776,1.4884062356386218,-0.14012465221949702
Sirnak,2005,7,2005-07-01,1.5524911326860307,-0.9717455987264466,-1.4662173807664176,1.6084911780493003,1.5296402464814678,-0.5109479187243859
Sirnak,2005,8,2005-08-01,1.4360253688938103,-0.846153331639297,-1.3275116046595072,0.9072128001933112,1.0972047558203248,-0.5140891615568934
Sirnak,2005,9,2005-09-01,0.8465685479876683,-0.9051712253449301,-1.1944940389465277,0.6693773915161202,0.5134629845864143,-0.5142124944823773
Sirnak,2005,10,2005-10-01,0.09044464035419301,-0.2200135448488876,-0.4125956427358578,0.7346051480096275,-0.26725553586958173,-0.5128268724543492
Sirnak,2005,11,2005-11-01,-0.5968916252127852,0.07871902096995462,0.15351266400768612,-1.3041444376793294,-0.9470282327080864,-0.5038964756587619
Sirnak,2005,12,2005-12-01,-0.8650179876032832,0.9550410691508313,0.7746306070919818,-0.8903152874362776,-1.2729917440690746,-0.5020078686462301
Sirnak,2006,1,2006-01-01,-1.4385713881288018,2.0299009677701,1.279789306751458,-0.8425060191885944,-1.4251455858364257,-0.501125231602706
Sirnak,2006,2,2006-02-01,-1.2358556720121443,1.28596845384509,1.4425550551766604,-0.6142744349067971,-1.0503883186349459,-0.38807694301480283
Sirnak,2006,3,2006-03-01,-0.7231156318049303,0.4936986640911996,0.8285592027778663,-0.08535553548479048,-0.2141275684325649,0.5262264258878798
Sirnak,2006,4,2006-04-01,-0.16901228927177295,1.1092178963591957,0.8774872382938742,0.2553715550457305,-0.07982095352910358,2.3413759020371225
Sirnak,2006,5,2006-05-01,0.43153127519862566,-0.5940866513898471,-0.06465192956396917,0.12144484087753869,1.1466140827106022,2.2819003409401737
Sirnak,2006,6,2006-06-01,1.2497332099813898,-0.975626142575179,-1.3740066450327253,0.898421675586064,1.766778097531279,-0.29451208261450085
Sirnak,2006,7,2006-07-01,1.3794516348196202,-0.9379694846230533,-1.3154729031862007,1.1190260532936531,1.4592489032540361,-0.5154458237372151
Sirnak,2006,8,2006-08-01,1.5694394802705607,-0.9751400220218484,-1.5032530951668932,1.376691044290231,0.9542489862879437,-0.515569156662699
Sirnak,2006,9,2006-09-01,0.88308868080842,-0.967523478991625,-1.2484097453876812,0.6229255728637136,0.5757821665921086,-0.5156924895881828
Sirnak,2006,10,2006-10-01,0.17010605510348012,2.969340095823447,0.33022623651192445,0.11311158841195895,-0.64346888796237,-0.4448949396986107
Sirnak,2006,11,2006-11-01,-0.792253247821804,0.6622292381441638,0.6635097191480406,-0.9685939848554895,-0.908619850159295,-0.16938250111593436
Sirnak,2006,12,2006-12-01,-1.2448788905521857,-0.36817673535426265,0.47916133542991035,-1.2116178793931414,-1.1272627965160478,-0.45369235028614524
Sirnak,2007,1,2007-01-01,-1.3933433184544013,-0.15492195108592496,0.7288776905940302,-0.7190812516776017,-1.1353640407128198,-0.47695299249881046
Sirnak,2007,2,2007-02-01,-1.146432948236643,-0.12436568393352163,1.0301807528843754,-0.9876438795513599,-0.9797281600745181,-0.34127037960822987
Sirnak,2007,3,2007-03-01,-0.8402207059454686,0.9657873641005341,0.9679587296138943,-0.8388775299244777,-0.40816405790807725,0.2526315541654417
Sirnak,2007,4,2007-04-01,-0.5885774634883844,2.802300721966949,1.002231165791294,0.05812936607375504,-0.19184956863670546,1.4707378537085052
Sirnak,2007,5,2007-05-01,0.4514007197581875,-0.5245354913340065,0.41690564710891553,0.019726382657930554,0.4861866113880444,3.6047798100332473
Sirnak,2007,6,2007-06-01,1.0493399133782633,-0.9358420054874056,-0.7789397678349792,1.0472792889666254,1.5285654781341225,0.08174964564215406
Sirnak,2007,7,2007-07-01,1.4482676525434839,-0.9315025659032079,-1.2634656876306458,1.0409337360457744,1.3306569990541233,-0.5134049239514931
Sirnak,2007,8,2007-08-01,1.3973169401701482,-0.8747294711825986,-1.2653523316337518,1.2249407581304885,1.0206662163279732,-0.5170491517685044
Sirnak,2007,9,2007-09-01,0.9942997665546967,-0.980719180947934,-1.4649369369962613,0.35675064317422034,0.6565798197344422,-0.5171724846939882
Sirnak,2007,10,2007-10-01,0.34339201968448363,-0.742613028880568,-0.7294143706446015,-0.2068012305465661,-0.42828009594858646,-0.5172958176194721
Sirnak,2007,11,2007-11-01,-0.6356590765052929,0.2320221226810807,0.27453403122052056,-0.8427139517141014,-1.0066612891981903,-0.5144012406379321
Sirnak,2007,12,2007-12-01,-1.1907974355509088,0.5009876655318557,0.8465141236127555,-1.2382885957025491,-1.32129928599156,-0.5004409939973057
Sirnak,2008,1,2008-01-01,-1.5743192438816902,0.2715603926328846,0.6645401546897685,-0.6915508210518638,-1.0960187643541577,-0.5131389515353879
Sirnak,2008,2,2008-02-01,-1.3019349473793496,0.44412447577973635,0.8943088428607594,-0.21406208028383628,-0.8989207088922757,-0.39405484313343747
Sirnak,2008,3,2008-03-01,-0.4320670763357611,-0.011969118802681176,0.314108600601433,-0.1275787841169108,-0.06709482071839408,0.8295842912391692
Sirnak,2008,4,2008-04-01,0.05033860069191013,-0.3509062651896787,-0.03803595797928266,0.2658670288171972,0.37802873028419365,0.6473803939232589
Sirnak,2008,5,2008-05-01,0.309790739802188,-0.3610406991587615,-0.42282229485929607,0.9853535871611784,0.9756548607301778,-0.2073144276744225
Sirnak,2008,6,2008-06-01,1.0783452084156064,-0.8747566960004646,-1.2622206866365187,1.8409452478089674,1.6163353321914382,-0.49816308164318474
Sirnak,2008,7,2008-07-01,1.4381936831582178,-0.9477022793517071,-1.5588562841835343,1.299166484395461,1.4640918025041438,-0.5184058139488261
Sirnak,2008,8,2008-08-01,1.4698640274246242,-0.8390417134023572,-1.3254099415984584,1.679131499245701,0.8150806823920612,-0.51852914687431
Sirnak,2008,9,2008-09-01,0.9030676570575109,-0.06376368814060714,-0.7813532189574528,0.6578347256393013,0.17284306995693258,-0.5151315849082662
Sirnak,2008,10,2008-10-01,0.12501054125114283,-0.10830770829295999,0.0630515024976526,-0.7379595452523243,-0.3905078077243161,-0.4941295484845844
Sirnak,2008,11,2008-11-01,-0.6043339837174191,-0.5010439695855466,0.604717026320223,-1.496635547939633,-0.9676112930682649,-0.505318551069155
Sirnak,2008,12,2008-12-01,-1.1673233983939757,0.44846672222323813,0.36027344720375193,-0.6590182847370024,-1.2505356413696596,-0.5149985987002136
Sirnak,2009,1,2009-01-01,-1.3831051740137614,-0.4571362283723751,0.7429664719089742,-1.6966217281905578,-1.1012138888535254,-0.5090861118116502
Sirnak,2009,2,2009-02-01,-1.0741488339745886,1.3086463134506519,1.029319577559353,-0.011064250902539232,-1.0264006222257287,-0.4639407961317791
Sirnak,2009,3,2009-03-01,-0.9039715674508663,1.2406163852684478,1.0178761556507756,0.7407643105027427,-0.6157987400745744,0.2567133537368859
Sirnak,2009,4,2009-04-01,-0.40660472319521784,0.7512055723181019,0.6201341262912341,-0.4153404439423517,0.23302117710633807,1.8203703376341582
Sirnak,2009,5,2009-05-01,0.33386554239201616,-0.7153282514555818,-0.17354511053829255,0.08312588189942684,1.0526690634650544,1.4852590050290484
Sirnak,2009,6,2009-06-01,0.9843032030515809,-0.7620570072386185,-0.871194558100509,1.3378140219030068,0.9371203113619744,-0.38496250028209145
Sirnak,2009,7,2009-07-01,1.3329142022757217,-0.9466971997085712,-1.1835887800168794,1.3767287429613322,1.300149059705014,-0.5193828240701278
Sirnak,2009,8,2009-08-01,1.2234046698117615,-0.9789520819383277,-1.46470912153228,1.146583411541604,1.1268012725479686,-0.5200091419801154
Sirnak,2009,9,2009-09-01,0.6797704418188661,-0.8255044355599597,-0.9040954844140764,0.33421584535187515,0.2873895974668796,-0.5201324749055992
Sirnak,2009,10,2009-10-01,0.31739452275155133,0.1291950033716992,-0.6681991989290418,-0.4755574779076257,-0.38804496367467306,-0.520255807831083
Sirnak,2009,11,2009-11-01,-0.6581879435440884,2.0197805680975396,1.039269896761362,-1.431071662926072,-1.0896918542802896,-0.14213443240960258
Sirnak,2009,12,2009-12-01,-1.0001715650751646,1.3651491230767296,1.4423109272049464,-1.7863892157293566,-1.5248773145483112,-0.4440487560374515
Sirnak,2010,1,2010-01-01,-1.1105348168385023,1.3782275051836625,1.4686843824203735,0.492005714849296,-1.482684332869148,-0.46881835320362847
Sirnak,2010,2,2010-02-01,-1.0160923896428777,0.020111187082663146,1.4030118936471514,-1.4645851237546355,-1.009040220440877,-0.38846408860848153
Sirnak,2010,3,2010-03-01,-0.5774587982482823,-0.018424810085309256,1.0491918174912023,-0.6951362261204366,-0.4925055706489196,0.46699003710723996
Sirnak,2010,4,2010-04-01,-0.28131148490698926,0.37425138785293716,0.7760963371124674,-0.2995131021556013,0.13361096242769108,1.7756336338610132
Sirnak,2010,5,2010-05-01,0.2941011129284046,-0.062179586053325846,0.2877142879653782,0.045336981603322384,0.746495077777272,2.400217651689425
Sirnak,2010,6,2010-06-01,1.0714014614754446,-0.4439921691924935,-0.8372763236483091,0.830374499702199,1.4021589511256876,-0.13293806319791024
Sirnak,2010,7,2010-07-01,1.5030382435256986,-0.9910253844021247,-1.4452277547302619,1.3750739406219927,1.5210916767367024,-0.5037613297027992
Sirnak,2010,8,2010-08-01,1.5118162628754674,-0.9872321287255981,-1.5046573735898126,1.4687457178147962,1.0453576179552073,-0.521489137085921
Sirnak,2010,9,2010-09-01,1.0953651310009245,-0.9714228270803106,-1.1880671756201449,0.6568414092911793,0.4124585877074129,-0.5216124700114048
Sirnak,2010,10,2010-10-01,0.25037431417448464,-0.13797621565160384,-0.12041291534591027,-0.09502470570427785,-0.46063021140533444,-0.5197238629988729
Sirnak,2010,11,2010-11-01,-0.29529513846914823,-0.9933302467414891,-0.8372569915458662,-1.3152443211393217,-0.6341063212786072,-0.5218591358623724
Sirnak,2010,12,2010-12-01,-0.8045940410104188,-0.0025826699035472562,0.10574967074610601,-0.7443244963175715,-1.2018146520549502,-0.5194675438653366
Sirnak,2011,1,2011-01-01,-1.2515440313616062,0.5083423440454609,0.6678691494540723,-1.5081426590987272,-1.2218374905334253,-0.5210998317443322
Sirnak,2011,2,2011-02-01,-1.2937531549829842,0.5825933238115406,1.036419761318585,-0.4454516588154112,-0.9975001704277349,-0.45784705662231917
Sirnak,2011,3,2011-03-01,-0.8183531707985372,-0.13867255794512537,0.5000110537358007,0.4317046461899089,-0.13574784653991168,0.28443544758001527
Sirnak,2011,4,2011-04-01,-0.4107712474762946,3.7599581433329803,1.0887515668876537,0.8144028812702112,-0.22770591606958002,1.3511432667873922
Sirnak,2011,5,2011-05-01,0.15758182953535887,0.3722224243267126,0.5995539191087005,-0.5150065660675152,0.7535113085317326,3.9323388743361383
Sirnak,2011,6,2011-06-01,0.9700079843667807,-0.8048339283813651,-0.6104551134910452,0.3961760145137581,1.4492077299004085,0.4530684035968883
Sirnak,2011,7,2011-07-01,1.4929642741404325,-0.9351288220380579,-1.374480128167317,1.1857997835071474,1.249606218854709,-0.5077562497311244
Sirnak,2011,8,2011-08-01,1.3670127403551304,-0.9960583594205393,-1.357232985617118,0.875047618183871,1.113596202677164,-0.5229691321917266
Sirnak,2011,9,2011-09-01,0.8526600303564348,-0.6842173798175945,-1.0413728926606687,0.1149355167316153,0.38392528662462755,-0.5230924651172104
Sirnak,2011,10,2011-10-01,-0.02245548401914531,-0.1929549865447408,-0.09949810293947578,-0.6706557563568214,-0.4057620258257051,-0.5207008731201743
Sirnak,2011,11,2011-11-01,-1.0279349893840912,-0.1929850182219109,0.5011627382550572,-1.245372139830916,-1.0821265817063621,-0.5193152510921463
Sirnak,2011,12,2011-12-01,-1.1671908425719122,-0.1599709234849883,0.31240068091176104,-1.1365055111896247,-1.2351165908504167,-0.520947538971142
Sirnak,2012,1,2012-01-01,-1.4468750887117587,0.6614596419749575,1.42574944459948,-1.2360121807656688,-1.4652161341193202,-0.5215738568811298
Sirnak,2012,2,2012-02-01,-1.4567949394322608,2.096527827703221,1.0869786960095789,0.6282783195153824,-1.0085935926042269,-0.43367481751842357
Sirnak,2012,3,2012-03-01,-1.2476981738780157,0.5253997856105496,1.0506925813368666,-0.21619460037616353,-0.5033925527427257,0.04705549474186101
Sirnak,2012,4,2012-04-01,-0.1727227692291908,0.10125794962688318,0.5924955490796542,-0.50299634436143,0.3698473153175363,2.6362988620426706
Sirnak,2012,5,2012-05-01,0.3674828662896583,-0.18114916231617065,0.07424318347942035,0.5437354293243157,0.7573401685928208,1.3998384372064971
Sirnak,2012,6,2012-06-01,1.1105269374683493,-0.9226238486566619,-0.9890409664998585,0.7374708623973887,1.5221776973529157,-0.3189845877689561
Sirnak,2012,7,2012-07-01,1.440488912886091,-0.8792322596739912,-1.3253681566296962,1.412067752895082,1.3055920538982484,-0.5243257943720482
Sirnak,2012,8,2012-08-01,1.3952929009752246,-0.9955994636850747,-1.3395123826435134,1.1624655994986375,1.0331460142745446,-0.524449127297532
Sirnak,2012,9,2012-09-01,0.9226375279172296,-0.9748745068707484,-1.2026664861176888,0.21065747580908895,0.4494097622972464,-0.5245724602230158
Sirnak,2012,10,2012-10-01,0.23304048716856673,0.16143108136150275,-0.1072682353411621,-0.5444514428491546,-0.48662615847421614,-0.5111151985668932
Sirnak,2012,11,2012-11-01,-0.45547622977532776,-0.14255029493455362,0.7158543445792143,-1.6838789213142051,-1.1145095642759475,-0.4921251020812271
Sirnak,2012,12,2012-12-01,-1.173185930860153,1.5298347986767398,1.0890528571082325,-0.484967004310551,-1.4429788181387373,-0.4932544049757188
Sirnak,2013,1,2013-01-01,-1.4839835025773076,2.5093856054074273,1.397712604072254,0.3286071860208483,-1.402731374415269,-0.49991654269975394
Sirnak,2013,2,2013-02-01,-1.0988044836103927,0.8361211725802868,1.377809922031307,-0.7798250455979552,-0.9534301403900886,-0.37630556943726795
Sirnak,2013,3,2013-03-01,-0.8242092161128258,0.7405089570606996,1.0483510314688071,0.26579160070579155,-0.30513408038594464,0.3111515714541368
Sirnak,2013,4,2013-04-01,-0.24245590802427885,0.14295373039150502,0.695435456818098,-0.43312416305302454,0.4811857749218168,2.760062128078347
Sirnak,2013,5,2013-05-01,0.25142122684835916,0.6932039856928219,0.5140557472198064,-0.9630435302140542,0.6452232453794281,2.5260507773585297
Sirnak,2013,6,2013-06-01,0.9567256351223522,-0.8863899069687494,-0.7490658025879253,0.5373564758955162,1.5498069717386678,0.22879502020354298
Sirnak,2013,7,2013-07-01,1.3702435425113764,-1.00111855925682,-1.4188941580408498,1.289502699700418,1.5549312461981601,-0.5207759396328143
Sirnak,2013,8,2013-08-01,1.3216326534030007,-1.003333326564674,-1.3925207028254232,0.9384471174253672,1.108463045601263,-0.5259291224033376
Sirnak,2013,9,2013-09-01,0.7744886905126653,-0.9528413467822807,-1.1150105295898622,0.6223211631751865,0.4917106005715803,-0.5260524553288213
Sirnak,2013,10,2013-10-01,-0.010667997146302267,-0.6453698384407034,-0.8103532476803434,-0.020772051817089403,-0.25906043350824826,-0.5261757882543051
Sirnak,2013,11,2013-11-01,-0.5048212869319523,0.2541650258161889,0.6215987626555702,-1.8294215547480412,-1.062199554135933,-0.508694646722151
Sirnak,2013,12,2013-12-01,-1.4087050337476617,0.2697012355076409,0.6667593094431689,-1.1662208028367111,-1.3373196735881019,-0.5193806643222175
Sirnak,2014,1,2014-01-01,-1.215460407265763,0.22679576707830099,0.7608405636214831,-1.433890005211538,-1.2243422258613263,-0.49737265792952784
Sirnak,2014,2,2014-02-01,-1.0776804330434124,-0.3663899883295261,0.29469547211990255,-0.5854225856718916,-0.5548137827875116,-0.3254751261546635
Sirnak,2014,3,2014-03-01,-0.6579427213267025,0.694269128690298,0.7486490389326902,-0.14723600914131835,-0.2833814344777125,0.40171782851255283
Sirnak,2014,4,2014-04-01,-0.18685462187522167,0.7016125797666859,0.5116386841318287,0.21118752423469597,0.5019711711088138,1.551921155147584
Sirnak,2014,5,2014-05-01,0.4072217554087823,-0.4702550258185179,-0.07221246300446053,0.32918032889840065,0.8205078120891772,0.412033847336168
Sirnak,2014,6,2014-06-01,0.9643953254963672,-0.6947666435484505,-0.9184728978046244,0.9964114225049078,1.516482955916754,-0.42706843974189107
Sirnak,2014,7,2014-07-01,1.4343799137053197,-0.966796261245756,-1.3749118036219605,1.0154523896870153,1.4504308971091893,-0.5272857845836593
Sirnak,2014,8,2014-08-01,1.43281844376263,-0.919308292955553,-1.4372838715649552,1.2592196507002216,1.120984734826093,-0.5274091175091431
Sirnak,2014,9,2014-09-01,0.8105187252171079,-0.2379738998132071,-0.8775718511979886,0.6433659864753516,0.4689518217189951,-0.5194846906825638
Sirnak,2014,10,2014-10-01,-3.4756104644262495e-4,0.6238742748143894,0.620781426787647,-0.5991826484663074,-0.6532803602973588,-0.429573711381842
Sirnak,2014,11,2014-11-01,-0.7863748315958863,1.0605182773201474,0.6110959814615945,-0.7987992996892308,-1.028068595461363,-0.4070627200046483
Sirnak,2014,12,2014-12-01,-1.0262894600525159,0.9149302342486682,1.3382071296401363,-2.1740712559720796,-1.4114779094531547,-0.42730545231028993
Sirnak,2015,1,2015-01-01,-1.3527701714915654,0.3550616972087693,1.128209086826165,-0.23339116398932952,-1.2501103793815498,-0.4802422086086876
Sirnak,2015,2,2015-02-01,-1.2035508103608914,0.5609429987235489,1.2520407715769637,-0.8803194906603515,-0.9512483112921473,-0.38479839447842235
Sirnak,2015,3,2015-03-01,-0.850048616879207,1.3394981274313251,1.0149672519027302,-0.6589375018703583,-0.41677509192997775,0.3197602358861165
Sirnak,2015,4,2015-04-01,-0.43259833084082866,0.16216868276941176,0.8596258564396431,0.32270656972660183,0.23411600426329696,2.330067886022889
Sirnak,2015,5,2015-05-01,0.29046449283465686,0.14029129478540345,0.25215224552079535,0.2649857416338914,0.8549685463463083,2.7202609010724643
Sirnak,2015,6,2015-06-01,0.9976154643339702,-0.9463716212031311,-0.8241505370253579,1.1998407889535037,1.3870879998798094,-0.21628877138703304
Sirnak,2015,7,2015-07-01,1.528175125744299,-0.9991083999705486,-1.5031807332483262,1.1402669301963453,1.4359634215018304,-0.5287657796894648
Sirnak,2015,8,2015-08-01,1.4439925991618667,-0.883893627129147,-1.3075613831584354,1.3270534982777327,1.0105649830208594,-0.5288891126149485
Sirnak,2015,9,2015-09-01,1.072287952293578,-0.8590722910072889,-1.211378979064207,0.08135471120650911,0.3735196112433752,-0.5290124455404324
Sirnak,2015,10,2015-10-01,0.1955777745847164,1.5184362274072072,0.4815609219630086,-0.7147988366692879,-0.6955234948041026,-0.49996264936468754
Sirnak,2015,11,2015-11-01,-0.6687597971298354,-0.029205906655613276,0.6419899447168003,-1.9970023278301636,-1.0042462283236686,-0.3044248233181379
Sirnak,2015,12,2015-12-01,-1.2562435778774161,1.091533440208016,0.7682561370604232,-1.3543702162942224,-1.239960235381027,-0.4644973813158752
Sirnak,2016,1,2016-01-01,-1.6141538072268768,1.8285785919327993,1.566023302793303,-0.21419937135361397,-1.4303625254688428,-0.5184401075832809
Sirnak,2016,2,2016-02-01,-0.9762173737876967,0.13046279130663066,1.2393641803219038,-0.6166765545671377,-0.8074600077726961,-0.2394067741090768
Sirnak,2016,3,2016-03-01,-0.8224324601586281,1.773627045857528,1.1450831158551653,-0.03519445495802548,-0.4345127270798874,0.2528921927947986
Sirnak,2016,4,2016-04-01,-0.19945083375681696,1.0750277962692065,0.7186729257107953,-0.6600816436720877,0.5161664506877849,3.076023577889941
Sirnak,2016,5,2016-05-01,0.20573751360383769,-0.17767502765129822,0.46014073254256094,-0.028521390356230712,0.7459148105525201,3.084450989701024
Sirnak,2016,6,2016-06-01,0.8668487734545067,-0.40164046147355986,-0.4278400636558904,1.3113598344454116,1.312700714865363,0.04931626027875458
Sirnak,2016,7,2016-07-01,1.4424047118142405,-0.9576857111597619,-1.2656104051737531,1.3484678506058994,1.4686441955016236,-0.5186771201516797
Sirnak,2016,8,2016-08-01,1.5067061048568482,-0.9970409841892406,-1.4450982406465578,1.336516879925089,0.9611192186355867,-0.5303691077207542
Sirnak,2016,9,2016-09-01,0.7664908874762142,-0.868444705609901,-0.9811432691684011,0.9252841268220435,0.4887505265731977,-0.5304924406462379
Sirnak,2016,10,2016-10-01,0.20871232244919047,0.05758007816903271,-0.7083971360442345,-0.5079876892580706,-0.2532862839182997,-0.5296098036027138
Sirnak,2016,11,2016-11-01,-0.6850722412472182,-0.4493086198267836,-0.12753986883251775,-1.230622245521839,-0.8062043867889045,-0.4693749383877245
Sirnak,2016,12,2016-12-01,-1.5163308250470067,1.3994938759622282,1.322478044574724,-0.3651168708192451,-1.4566394751068577,-0.5223116946861222
Sirnak,2017,1,2017-01-01,-1.4883915503112124,-0.20276664886768772,1.0156938824438293,-1.2609634684424216,-1.150391458972888,-0.49929771832442466
Sirnak,2017,2,2017-02-01,-1.4050915150824614,-0.3977843355833887,0.7077689312297816,-1.4393397556740926,-0.6001203531406941,-0.34802257091422195
Sirnak,2017,3,2017-03-01,-0.8511301579636447,0.9717417812243604,1.0858909320914714,-0.4676788867818537,-0.5303616414297059,0.29617786130984386
Sirnak,2017,4,2017-04-01,-0.3711243807442233,1.1768038068776339,0.7710782373188163,-0.22687647483176523,0.2253842918764377,2.4759914512244445
Sirnak,2017,5,2017-05-01,0.2546334143422298,0.37797981023169214,0.25668986858092313,0.34784206285210584,0.8123734350171387,2.174077127596596
Sirnak,2017,6,2017-06-01,1.003152882755816,-1.0148191860064126,-0.9081292303055645,0.6028664851518443,1.6171648623907757,-0.26250547026598303
Sirnak,2017,7,2017-07-01,1.5366425931195633,-1.0039255395301636,-1.5945008632167625,1.316238042303142,1.4773575976642435,-0.5317257699010758
Sirnak,2017,8,2017-08-01,1.4744986721543913,-1.0020439275304853,-1.511449859345904,1.629493953233203,1.1352033470322476,-0.5318491028265596
Sirnak,2017,9,2017-09-01,1.0774332922223766,-1.0157285568994292,-1.5159343554542326,0.48390514780885824,0.509963665147617,-0.5319724357520433
Sirnak,2017,10,2017-10-01,0.0728570429556605,-0.8407066461680586,-0.7109904462616793,0.27974857145803356,-0.32123535609496584,-0.5320957686775272
Sirnak,2017,11,2017-11-01,-0.6760956225630451,0.14840237894687044,0.7101190850273615,-1.0300650766031394,-1.0628954773227013,-0.5261832817889637
Sirnak,2017,12,2017-12-01,-0.897529863124264,-0.2549844685452999,0.43590694259895607,-1.1019615892788874,-1.304618575016265,-0.5162469150243686
Sirnak,2018,1,2018-01-01,-1.2526575999424205,-0.05429191415339417,0.9114995362274616,-0.6135942805583583,-1.3352383861895878,-0.5249209926864195
Sirnak,2018,2,2018-02-01,-0.9592274327169237,0.9703190649601472,0.9219204891259043,-1.401882375060234,-0.9780855764169913,-0.4390338932617292
Sirnak,2018,3,2018-03-01,-0.5210127961636895,-0.5213392185664006,0.6900322211118952,0.3339551039176217,-0.3050312153915573,0.36763068895710993
Sirnak,2018,4,2018-04-01,-0.11977790694126231,0.28315964575574554,0.18154133855835988,-0.5016679971109493,0.36144626147372216,0.45905062321134354
Sirnak,2018,5,2018-05-01,0.2619500232776138,1.1299877629223911,0.6043581444461829,-0.7600720461635289,0.446839844468376,1.1595853736998507
Sirnak,2018,6,2018-06-01,0.9765157049881854,-0.9004809455215534,-0.6576178957718443,1.0604853329962869,1.467965433816182,-0.2212317416889535
Sirnak,2018,7,2018-07-01,1.4645000687462324,-1.0135710460866114,-1.4139227842343525,1.6467389865663562,1.5010557815281693,-0.5332057650068813
Sirnak,2018,8,2018-08-01,1.382688984662071,-1.0056814111025527,-1.342956277134003,0.9649174306870876,1.1725202965860366,-0.533329097932365
Sirnak,2018,9,2018-09-01,0.9891090982152919,-1.0182736726561545,-1.2284000880411774,0.31107663784100287,0.47882113550155597,-0.5334524308578489
Sirnak,2018,10,2018-10-01,0.2453209074705974,1.0208739149561847,-0.07302675253299591,-0.19720859631257998,-0.6688451607965844,-0.4395175716810956
Sirnak,2018,11,2018-11-01,-0.6609764408211297,0.8061936075643296,1.151598512080971,-1.6466481049400146,-1.2716794204652093,-0.36570211188449986
Sirnak,2018,12,2018-12-01,-1.194611613266873,3.5622075739947965,1.7893420792378185,-0.6130265232052486,-1.607522401161497,-0.49257766090497695
Sirnak,2019,1,2019-01-01,-1.514642001110627,0.470776624900023,1.6654303408918834,-0.3164478882552334,-1.3992549880302751,-0.5213711379471855
Sirnak,2019,2,2019-02-01,-1.2386385484724203,0.551581811558154,1.2546039665171307,-1.473671079065656,-0.8971596005584307,-0.4505735880576135
Sirnak,2019,3,2019-03-01,-1.0432234874754382,2.7925443530549114,1.4905386904126516,-0.5210203194006707,-0.7834474017951961,-0.20423427857616572
Sirnak,2019,4,2019-04-01,-0.6449102154108807,1.7981865174627683,1.4422568100236037,-1.0119797168416504,-0.08772890340007286,0.8398392163285339
Sirnak,2019,5,2019-05-01,0.2510539538262805,-0.11731047841644045,0.6072563568497107,-0.33923585700840603,1.0599532400585907,5.918355271939351
Sirnak,2019,6,2019-06-01,1.0915495560416746,-0.9819496359367319,-0.5392802201648321,0.4539549960140495,1.458766088644881,0.7173671992431085
Sirnak,2019,7,2019-07-01,1.3111277339988117,-1.0215780009200464,-1.324859592253606,1.1016829418772278,1.6223620185735403,-0.5296559102676475
Sirnak,2019,8,2019-08-01,1.4522006255187607,-0.9994875843365427,-1.4229186897220079,0.9688217203410929,1.110035288455151,-0.5348090930381707
Sirnak,2019,9,2019-09-01,0.851219648045468,-1.015083857382335,-1.189652775387325,0.7787481770400841,0.570226799851961,-0.5349324259636543
Sirnak,2019,10,2019-10-01,0.35881490186187626,-0.6478052111507883,-0.544177543000701,-0.9006987628121329,-0.38013987071229854,-0.5350557588891381
Sirnak,2019,11,2019-11-01,-0.5588158336226964,-0.57218877161553106,-0.37333246029180805,-1.503534886619247,-0.8136557558552204,-0.535179091814622
Sirnak,2019,12,2019-12-01,-1.0877260386374412,0.6758114257354304,1.1864262159104288,-0.7564381713749696,-1.5112597909926202,-0.5262486950190348
Sirnak,2020,1,2020-01-01,-1.4210365044715099,0.30027995753447895,1.0784540546849697,-1.1658642195801778,-1.39194899630369,-0.5203362081304713
Sirnak,2020,2,2020-02-01,-1.371191642962037,0.6809401095039642,1.3423319295020288,-0.417609360170619,-1.1043955587505951,-0.39672523486798544
Sirnak,2020,3,2020-03-01,-0.7335005311606089,2.4284254904200147,1.1261814931499474,-0.2739057550376793,-0.6527032359434769,0.24747519735608045
Sirnak,2020,4,2020-04-01,-0.4326735712893957,0.8390002874203654,1.1048563276706345,-1.1790638317497133,0.11142506834198895,1.960015736666519
Sirnak,2020,5,2020-05-01,0.23370756077965177,-0.324128375642103,0.34783602021528875,1.1447766758745626,0.8101170662367735,3.1610205467364487
Sirnak,2020,6,2020-06-01,0.9160205705393023,-0.9539084528638839,-0.8584212586778839,1.276342930155358,1.4620568211863092,-0.2262036718385803
Sirnak,2020,7,2020-07-01,1.4413483028112246,-0.8700992547135625,-1.233121446560637,1.6128543759242593,1.1754469892823185,-0.5361657552184923
Sirnak,2020,8,2020-08-01,1.2665450535615517,-0.9646191024178076,-1.3252327057748046,0.871272581116496,1.1174240690309143,-0.5362890881439761
Sirnak,2020,9,2020-09-01,1.1181512419470618,-1.0288257432463153,-1.370734207805325,0.6332055436062471,0.4835633083184968,-0.53641242106946
Sirnak,2020,10,2020-10-01,0.41406626849563255,-0.9512976600342097,-1.2555077067822604,-0.3631216417966974,-0.16010793102157328,-0.5365357539949437
Sirnak,2020,11,2020-11-01,-0.6266539263680555,0.20494364082803154,0.6371326993834298,-0.8965617672201807,-1.1256967113214522,-0.5185516274782856
Sirnak,2020,12,2020-12-01,-1.1288184759000843,-0.346185953689132,0.686574745612767,-1.6253113246766315,-1.291683189972377,-0.5297406300628561
Sirnak,2021,1,2021-01-01,-1.2184395106118833,0.3747467727593583,0.6156113557469892,-0.10990177018502076,-1.2140979752694077,-0.5243311281587967
Sirnak,2021,2,2021-02-01,-1.0403292043022803,-0.22417391367901382,0.6157191257616721,-0.5294036726281712,-0.6982773793016146,-0.3826126954541687
Sirnak,2021,3,2021-03-01,-0.8771341420484655,0.6999392264230715,0.7695973966745234,0.844596479282644,-0.5234078749523811,0.015125094362965576
Sirnak,2021,4,2021-04-01,-0.04289071623295641,-0.7687793329812961,0.08740131405803152,1.0693701759852459,0.3678965199986283,0.5652673344847944
Sirnak,2021,5,2021-05-01,0.6380985016254372,-0.8239739393332327,-0.7208994295627917,0.627516091152173,1.196099254105789,-0.34626479036183233
Sirnak,2021,6,2021-06-01,1.0828087826750454,-1.0315538559253656,-1.41584560037348,1.8991131359688536,1.733926998790148,-0.5375224173988141
Sirnak,2021,7,2021-07-01,1.4744029676611703,-1.013013634741723,-1.2964362060455197,1.531982512679705,1.3860823945912846,-0.5376457503242978
Sirnak,2021,8,2021-08-01,1.3709959472260924,-0.9977505170041064,-1.263658596942597,1.5617247319490069,0.9319148310207872,-0.5377690832497817
Sirnak,2021,9,2021-09-01,0.8014086525321255,-0.9797564797281354,-1.1583677132078893,0.7906797495764981,0.5428882936122353,-0.5378924161752655
Sirnak,2021,10,2021-10-01,0.15448492905900693,-0.22605271881938777,-0.6550877751557034,-0.43565486705122813,-0.3640376879739158,-0.5370097791317414
Sirnak,2021,11,2021-11-01,-0.5009686095867792,-0.5750942674982981,0.5280484328809741,-1.9224329435673189,-0.9768880185789851,-0.5044390880644689
Sirnak,2021,12,2021-12-01,-1.1205216707320822,0.10159756242884486,0.6078553997498536,-0.9015046218840311,-1.3688632188324448,-0.5337355500911813
Sirnak,2022,1,2022-01-01,-1.5961186864623766,1.5574207366486048,1.3588580805843593,-1.0301965244251539,-1.3550254179969163,-0.534864852985673
Sirnak,2022,2,2022-02-01,-1.128076949572563,-0.3903011097831902,0.9430718025406849,-0.8812316357985102,-0.7336209502527147,-0.3046210630083514
Sirnak,2022,3,2022-03-01,-1.2103250566314059,0.6908399037742947,1.184123780323494,0.6414245921844305,-0.76326799244819,-0.11713099671386483
Sirnak,2022,4,2022-04-01,-0.15225645603358365,-0.6689149660497173,0.19697510700278595,-0.282495420005154,0.2914560715245548,1.496824485633801
Sirnak,2022,5,2022-05-01,0.1342269656336463,0.08670043853587839,0.1292667686542725,-0.05651725337066069,0.7396221127344518,0.6853863727034588
Sirnak,2022,6,2022-06-01,1.0822774979028196,-0.9447979027778897,-1.0008204165322891,1.9057969716195347,1.327911040807255,-0.4539979501234534
Sirnak,2022,7,2022-07-01,1.4260697259704747,-1.0354944631284384,-1.4975268167316673,1.492803839385263,1.462020342286841,-0.5391257454301034
Sirnak,2022,8,2022-08-01,1.453914143006338,-1.0360706787132794,-1.4355450071000162,1.7185040514200889,1.0251556481946489,-0.5392490783555871
Sirnak,2022,9,2022-09-01,0.9796651605895043,-1.018076641437308,-1.309336509836461,1.1937268443529059,0.48514018746851234,-0.5393724112810709
Sirnak,2022,10,2022-10-01,0.29359050243160645,-0.2616419609902059,-0.5066720808073027,0.2534075107829451,-0.5004117439966069,-0.5304420144854838
Sirnak,2022,11,2022-11-01,-0.6066096037034563,2.171577316006728,0.7256512809898568,-0.9851571082301475,-1.073603456216872,-0.457632524657896
Sirnak,2022,12,2022-12-01,-1.0195488927316714,-0.9195805411342111,0.8383449679979565,-2.0747380618215083,-1.2496267030165364,-0.40494243421046594
Sirnak,2023,1,2023-01-01,-1.2284692947231284,-0.5465669638721192,0.5533066060452424,-1.9629992356503212,-1.1253071829523074,-0.4900702295171159
Sirnak,2023,2,2023-02-01,-1.4956357122471042,0.5217387278550982,1.1324682373323771,0.06250664398092891,-0.8644274561681523,-0.33728612715340134
Sirnak,2023,3,2023-03-01,-0.6690860740187615,0.6626241443570345,1.020482521608453,0.4465913430762383,-0.6900206823509346,0.24202924206965606
Sirnak,2023,4,2023-04-01,-0.3628764666636962,0.8810676757482464,0.8734859327260431,1.2148589336618492,0.008330501448065113,1.671892220088879
Sirnak,2023,5,2023-05-01,0.2251448274413906,-0.09553918284459108,0.14679855136583803,1.1022883979014375,0.6153352286918201,1.2392018004900054
Sirnak,2023,6,2023-06-01,0.9442573549019794,-0.9727405702413144,-0.6807671039902616,1.0378966594167087,1.2318799909892437,-0.26585260607127276
Sirnak,2023,7,2023-07-01,1.462286314151447,-1.0353086593468088,-1.3639964530406903,1.820525237651804,1.4432478465222005,-0.5406057405359088
Sirnak,2023,8,2023-08-01,1.5202322412986902,-0.9927363462256447,-1.3954334680529303,1.2790707546045763,0.9552196436376991,-0.5407290734613927
Sirnak,2023,9,2023-09-01,0.9889031649357088,-0.8723328262613693,-1.1246112035986515,0.8528747788861032,0.4367168653705941,-0.5408524063868765
Sirnak,2023,10,2023-10-01,0.12134148539795295,0.21863949763419283,0.33137815059557946,-0.9490111621196095,-0.5908379887252342,-0.5208563399322026
Sirnak,2023,11,2023-11-01,-0.5257846011683509,1.2022866836724122,0.8768657112222594,-0.02203149512390676,-1.1611652067639235,-0.5018662434465366
Sirnak,2023,12,2023-12-01,-0.9393499510161095,0.6497916293860713,1.008097351956785,-1.2786631631153818,-1.322832867116037,-0.4376074983555158
Sirnak,2024,1,2024-01-01,-1.2712691705845258,1.6610211027616741,1.5297620895228545,-1.5449425924918718,-1.5246186239658954,-0.495071119514449
Sirnak,2024,2,2024-02-01,-1.1492844831184716,-0.1818334333972976,1.300141389304724,-1.8289536083988698,-0.8761814558739885,-0.35184373185630935
Sirnak,2024,3,2024-03-01,-0.920730985894509,2.1159322344972393,1.1524079130720968,-0.1109726585979237,-0.6118060413029697,0.2848119256001974
Sirnak,2024,4,2024-04-01,0.034780631461444556,0.23566410066280707,0.5445891806742994,-0.7717623164356929,0.5008302024842848,3.6154551600598173
Sirnak,2024,5,2024-05-01,0.17074069295512256,0.7351192525507252,0.6269714461171019,0.387680047415187,0.47287619225450983,2.622942452708056
Sirnak,2024,6,2024-06-01,1.230433468170649,-0.9580808929064049,-0.8951480386203294,0.8076241988509236,1.4470315280208967,0.0716792783785785
Sirnak,2024,7,2024-07-01,1.4881317938066503,-1.0059020165047836,-1.1659839698633288,1.5436953816417258,1.2644031108709417,-0.5420857356417145
Sirnak,2024,8,2024-08-01,1.4803097156685268,-1.0430725539035786,-1.236695599379721,1.1134227384614626,0.9340876656714716,-0.5422090685671982
Sirnak,2024,9,2024-09-01,0.9026373830171232,-0.3570955975460295,-0.6314752733576695,0.2563971332585017,0.27246090475873974,-0.5297577768800835
Sirnak,2024,10,2024-10-01,0.0870155640637081,-0.7700406634224414,-0.5243680436022903,-0.4044851761124894,-0.30474054739007095,-0.5424557344181657
Sirnak,2024,11,2024-11-01,-0.7007581421389065,0.243919729491516,0.6713624759124015,-1.0177445974071304,-1.0862276243292739,-0.5400641424211298
Sirnak,2024,12,2024-12-01,-1.153842263752287,-0.34325800293193054,0.6551323105037798,-1.28587705744807,-1.2538077883268848,-0.5366665804550861
Sirnak,2025,1,2025-01-01,-1.205646695425,-0.7709500343154582,0.2815844507201932,-1.6814053756699072,-0.9725620046448201,-0.5242152887679714
Sirnak,2025,2,2025-02-01,-1.4692807928848857,-0.034724158452181325,0.5510201600359661,-0.5365192294849433,-0.8968011013683913,-0.5303744415075025
Sirnak,2025,3,2025-03-01,-0.6451884207880841,0.2399763154291388,0.34430736499545056,0.33071012553225426,-0.21932492877344142,-0.18897096995480966
Sirnak,2025,4,2025-04-01,-0.2993114312708383,1.5652615357155406,0.6947304824174465,0.8088857655983106,0.049601874150862785,1.3937994433536116
Sirnak,2025,5,2025-05-01,0.43531138410288295,-0.06512746035942964,-0.026359427174751825,0.3971434290625434,0.8552156707596721,0.9953120027010062
Sirnak,2025,6,2025-06-01,1.042129258436483,-0.8467466639137362,-1.1034641713338438,1.0929111949015706,1.4342391467952493,-0.46900062011545274
Sirnak,2025,7,2025-07-01,1.4803976476863445,-1.0414912586756016,-1.3361552626405584,0.9611154659974955,1.0798045502017777,-0.5435657307475199
Sirnak,2025,8,2025-08-01,1.4684334499845748,-0.8722042789747758,-1.4015327197543435,1.1506815800755597,1.050799121587436,-0.5436890636730037
Sirnak,2025,9,2025-09-01,0.8258468313471823,-1.0082341036620137,-1.1670468167265962,0.7039632897483065,0.46502764373449906,-0.5438123965984875
Sirnak,2025,10,2025-10-01,0.15763387808625715,-0.3042330783513231,-0.3103687782389435,-0.5687434192572663,-0.260883278751181,-0.5333730448493884
Sirnak,2025,11,2025-11-01,-0.39027316230129927,0.3877519009906064,-0.24637288581220765,-0.6333667865750502,-0.8542230372331853,-0.4746471345879111
Sirnak,2025,12,2025-12-01,-1.2169100681655696,1.853133293594608,1.0810980550279576,-0.9609352051782046,-1.3994541954575677,-0.49539285187805654
